set title 'Ichimoku Cloud' font ',18'
set terminal wxt size 2400,900
set y2tics 0.20 nomirror tc lt 2
set y2range [-1:10]
set xrange [0:3678]
set yrange [0.029655884907510675:5.560296941647445]
set grid
set parametric
set style line 5 lt rgb 'cyan' lw 3 pt 6
plot '-'  with filledcurves fs solid 0.1, '-' lw 2 lc rgb 'black' with lines, '-' lw 1 lc rgb '#5555CC' with lines, '-' lw 1 lc rgb 'red' with lines, '-' lw 1 lc rgb 'gray' with lines, '-' lw 1 lc rgb 'gray' with lines, '-' lw 5 lc rgb 'orange' with steps axes x1y2, '-' lw 5 lc rgb 'black' with points, '-' lw 5 lc rgb 'blue' with points
0 0 0
1 0 0
2 0 0
3 0 0
4 0 0
5 0 0
6 0 0
7 0 0
8 0 0
9 0 0
10 0 0
11 0 0
12 0 0
13 0 0
14 0 0
15 0 0
16 0 0
17 0 0
18 0 0
19 0 0
20 0 0
21 0 0
22 0 0
23 0 0
24 0.616336769575341 0
25 0.6255467248039397 0
26 0.6363278314623784 0
27 0.6379459600887827 0
28 0.6193693343323017 0
29 0.6134360330810058 0
30 0.6083590969970638 0
31 0.5919302339248909 0
32 0.5884962954197206 0
33 0.5871762571518997 0
34 0.5871762571518997 0
35 0.5871762571518997 0
36 0.585108909281273 0
37 0.585108909281273 0
38 0.585108909281273 0
39 0.5799762219173603 0
40 0.5799762219173603 0
41 0.5799762219173603 0
42 0.5799762219173603 0
43 0.5799762219173603 0
44 0.572255503213497 0
45 0.5738906733907967 0
46 0.5738906733907967 0
47 0.5738906733907967 0
48 0.5738906733907967 0
49 0.5738906733907967 0
50 0.578583912498019 0
51 0.5860158545805267 0
52 0.5897769932451715 0
53 0.5897769932451715 0
54 0.6000878249370141 0
55 0.6180903000897326 0
56 0.639843671762744 0
57 0.639843671762744 0
58 0.639843671762744 0
59 0.639843671762744 0
60 0.6529812485800699 0
61 0.662173599633936 0
62 0.662173599633936 0
63 0.6703707865312951 0
64 0.6899290248494089 0
65 0.6938761401994302 0
66 0.6938761401994302 0
67 0.6938761401994302 0
68 0.6993953300794529 0
69 0.7199540609891619 0
70 0.7240863864769647 0
71 0.7240863864769647 0
72 0.7129113417474879 0
73 0.7112774426793389 0
74 0.6889408988216673 0
75 0.6884608785290849 0
76 0.687948365142518 0
77 0.5843224276148484 0
78 0.5843224276148484 0
79 0.5843224276148484 0
80 0.5796967741997243 0
81 0.5676060193575814 0
82 0.5583329594025374 0
83 0.5583329594025374 0
84 0.5583329594025374 0
85 0.5583329594025374 0
86 0.5393648093307182 0
87 0.5311754182711751 0
88 0.5238053419405481 0
89 0.5238053419405481 0
90 0.5238053419405481 0
91 0.5238053419405481 0
92 0.5415580045056786 0
93 0.544610599501467 0
94 0.5559786358701915 0
95 0.5559786358701915 0
96 0.5559786358701915 0
97 0.5561991268443547 0
98 0.5561991268443547 0
99 0.5561991268443547 0
100 0.5561991268443547 0
101 0.5566185724358061 0
102 0.5796724552230053 0
103 0.6119358296929802 0
104 0.6119358296929802 1.1686448552296969
105 0.5469969007737054 1.1686448552296969
106 0.5377698024018182 1.1686448552296969
107 0.5377698024018182 1.1686448552296969
108 0.5377698024018182 1.1686448552296969
109 0.5306476466292633 1.1686448552296969
110 0.5306476466292633 1.1686448552296969
111 0.5306476466292633 1.1686448552296969
112 0.5306476466292633 1.1686448552296969
113 0.5306476466292633 1.1686448552296969
114 0.5306476466292633 1.1686448552296969
115 0.5270548641459846 1.1686448552296969
116 0.5174198870225231 1.1686448552296969
117 0.5133429140210675 1.1686448552296969
118 0.5131460218774884 1.1686448552296969
119 1.0939974958818044 1.1686448552296969
120 1.0939974958818044 1.1686448552296969
121 1.0939974958818044 1.1686448552296969
122 1.0939974958818044 1.1686448552296969
123 1.0939974958818044 1.1686448552296969
124 1.1052752679512203 1.1686448552296969
125 1.1052752679512203 1.1686448552296969
126 1.1052752679512203 1.1686448552296969
127 1.1052752679512203 1.1686448552296969
128 1.1054749116745888 1.1686448552296969
129 1.1054749116745888 1.1686448552296969
130 1.1054749116745888 1.1686448552296969
131 1.1069671792946507 1.1686448552296969
132 1.1069671792946507 1.1686448552296969
133 1.1069671792946507 1.1686448552296969
134 1.1100966854343937 1.1686448552296969
135 1.1246639124653877 1.1686448552296969
136 1.1246639124653877 1.1686448552296969
137 1.1293462048062215 1.1686448552296969
138 1.1293462048062215 1.1686448552296969
139 1.1293462048062215 1.1686448552296969
140 1.1293462048062215 1.1686448552296969
141 1.1454715760028185 1.1686448552296969
142 1.1449067022072696 1.1686448552296969
143 1.1424059818597685 1.1686448552296969
144 1.1404563275019894 1.1686448552296969
145 1.1404563275019894 1.1686448552296969
146 1.1384185017363944 1.1686448552296969
147 1.119600155533457 1.1686448552296969
148 1.1142894282115745 1.1686448552296969
149 1.0969021305760729 1.1686448552296969
150 1.0969021305760729 1.1686448552296969
151 1.0969021305760729 1.1686448552296969
152 1.0890325090747184 1.1686448552296969
153 1.086683330544687 1.1686448552296969
154 1.0821573201668926 1.1686448552296969
155 1.0814957253381725 1.1686448552296969
156 1.078990669341193 1.1686448552296969
157 1.078990669341193 1.1686448552296969
158 1.078990669341193 1.1686448552296969
159 1.073348975688093 1.1686448552296969
160 1.054947122012017 1.1593935483994486
161 1.034160611688038 1.1324326564385065
162 1.03122532567434 1.1138865365284185
163 1.0128787661902663 1.1138865365284185
164 0.9960936657296104 1.0971014360677627
165 0.9960936657296104 1.0971014360677627
166 0.9960936657296104 1.0591651359241243
167 0.9960936657296104 1.0427863538050381
168 0.9960936657296104 1.028046201143784
169 0.9960936657296104 1.028046201143784
170 0.9960936657296104 1.028046201143784
171 0.9960936657296104 1.028046201143784
172 0.9960936657296104 1.028046201143784
173 0.991105734416157 1.028046201143784
174 0.991105734416157 1.028046201143784
175 0.9864800810010329 1.028046201143784
176 0.9799357089331536 1.028046201143784
177 0.9720903237150242 1.028046201143784
178 0.9720903237150242 1.028046201143784
179 0.9774126811264622 1.028046201143784
180 1.0045833029805493 1.028046201143784
181 0.9791502756853347 1.028046201143784
182 0.9709608846257917 1.028046201143784
183 0.9590835357674276 1.026912004647748
184 0.9590835357674276 1.026912004647748
185 0.9490712682656447 0.9854876088554263
186 0.9490712682656447 0.9816036569848603
187 0.9490712682656447 0.9816036569848603
188 0.9490712682656447 0.9816036569848603
189 0.9490712682656447 0.9816036569848603
190 0.9490712682656447 0.9816036569848603
191 0.9490712682656447 0.9816036569848603
192 0.9348643051209652 0.9816036569848603
193 0.9206354095466898 0.9816036569848603
194 0.916728339469104 0.9816036569848603
195 0.9121835109510203 0.9744180920183025
196 0.8811745070264271 0.93403575098214
197 0.8575576795556696 0.9022649775084712
198 0.8525658771236686 0.901871193221313
199 0.8517736554201993 0.8983131086871088
200 0.8266200642575618 0.8983131086871088
201 0.8246780883222788 0.8983131086871088
202 0.8246780883222788 0.8983131086871088
203 0.8246780883222788 0.8983131086871088
204 0.8246780883222788 0.8983131086871088
205 0.8246780883222788 0.8983131086871088
206 0.8246780883222788 0.8983131086871088
207 0.8214262272479234 0.8983131086871088
208 0.8088759063657379 0.8983131086871088
209 0.7970133429043081 0.8873242591592739
210 0.7929825557158596 0.8873242591592739
211 0.7720833736601673 0.8760600542270433
212 0.7680064006587117 0.8760600542270433
213 0.7239214424400103 0.832171988151921
214 0.7221424001729082 0.832171988151921
215 0.7130482431156353 0.825458801472462
216 0.7130482431156353 0.825458801472462
217 0.7033355019759093 0.8157460603327359
218 0.6548179231140429 0.7794607139153182
219 0.6548179231140429 0.7794607139153182
220 0.6526479458244313 0.7794607139153182
221 0.6526479458244313 0.7794607139153182
222 0.6309184093217294 0.7577311774126163
223 0.5977675177864095 0.7308155349266255
224 0.5939186697092165 0.7308155349266255
225 0.5932449394803327 0.7308155349266255
226 0.5903979525614694 0.7267398833954356
227 0.5903979525614694 0.7206880210627639
228 0.5740179070594746 0.7206880210627639
229 0.5740179070594746 0.7206880210627639
230 0.5740179070594746 0.7206880210627639
231 0.5704931759645993 0.7206880210627639
232 0.5587465464935788 0.7049487780600546
233 0.5587465464935788 0.7002504209999922
234 0.5587465464935788 0.6911984002444034
235 0.5587465464935788 0.6898752105869634
236 0.5587465464935788 0.6848650985930042
237 0.5421401390675927 0.6682586911670181
238 0.5421401390675927 0.6682586911670181
239 0.5421401390675927 0.6682586911670181
240 0.5421401390675927 0.6682586911670181
241 0.5401023133019978 0.656837454515913
242 0.5593765726685263 0.6509668824885172
243 0.5791702630563816 0.6182460159158194
244 0.628219021557711 0.6182460159158194
245 0.641266353602845 0.6182460159158194
246 0.641266353602845 0.6182460159158194
247 0.6333967321014904 0.6182460159158194
248 0.6310475535714593 0.6182460159158194
249 0.6265215431936648 0.6182460159158194
250 0.6258599483649447 0.6182460159158194
251 0.6233548923679652 0.6182460159158194
252 0.6285429695855247 0.6182460159158194
253 0.6285429695855247 0.6182460159158194
254 0.6285429695855247 0.6182460159158194
255 0.6446295183234667 0.6182460159158194
256 0.6680438787307053 0.6182460159158194
257 0.685354959805442 0.6182460159158194
258 0.6886964735197975 0.6182460159158194
259 0.6883405626016663 0.6182460159158194
260 0.6705232719650417 0.6182460159158194
261 0.6705232719650417 0.6182460159158194
262 0.6705232719650417 0.6182460159158194
263 0.6705232719650417 0.6182460159158194
264 0.6705232719650417 0.6182460159158194
265 0.6705232719650417 0.6182460159158194
266 0.6705232719650417 0.6182460159158194
267 0.6705232719650417 0.6182460159158194
268 0.672845087887495 0.6182460159158194
269 0.6752404935032834 0.6182460159158194
270 0.6752404935032834 0.6182460159158194
271 0.6752404935032834 0.6182460159158194
272 0.6752404935032834 0.5898320896264604
273 0.6752404935032834 0.5784510935689122
274 0.6811963788630261 0.5784510935689122
275 0.6811963788630261 0.5784510935689122
276 0.6811963788630261 0.5784510935689122
277 0.6811963788630261 0.5784510935689122
278 0.6825038155373454 0.5784510935689122
279 0.6870528717218747 0.5784510935689122
280 0.6890959302255677 0.5784510935689122
281 0.6890959302255677 0.5784510935689122
282 0.6963509606490088 0.5784510935689122
283 0.7124929910713296 0.5809473543704726
284 0.7124929910713296 0.5809473543704726
285 0.7124929910713296 0.5809473543704726
286 0.7124929910713296 0.5809473543704726
287 0.6982860279266501 0.5809473543704726
288 0.6938436602986562 0.5809473543704726
289 0.6954260623521555 0.5809473543704726
290 0.6955254066809017 0.5809473543704726
291 0.6955254066809017 0.5809473543704726
292 0.6975533137345834 0.5809473543704726
293 0.6981806049052508 0.5809473543704726
294 0.6981806049052508 0.5809473543704726
295 0.6562997959667363 0.5809473543704726
296 0.6562997959667363 0.5809473543704726
297 0.6562997959667363 0.5809473543704726
298 0.6542997852999672 0.5809473543704726
299 0.6542997852999672 0.5809473543704726
300 0.6542997852999672 0.5809473543704726
301 0.6542997852999672 0.5809473543704726
302 0.6542997852999672 0.5809473543704726
303 0.6542997852999672 0.5809473543704726
304 0.6542997852999672 0.5809473543704726
305 0.6542997852999672 0.5809473543704726
306 0.6542997852999672 0.5809473543704726
307 0.6542997852999672 0.5809473543704726
308 0.6530819644977032 0.5809473543704726
309 0.6173052013998815 0.5809473543704726
310 0.6182430584785163 0.5809473543704726
311 0.6233819855657766 0.5809473543704726
312 0.6313593071262579 0.5809473543704726
313 0.6331629040913204 0.5809473543704726
314 0.6379073263646301 0.5809473543704726
315 0.6379073263646301 0.5809473543704726
316 0.6445349463963799 0.5809473543704726
317 0.64601703103885 0.5809473543704726
318 0.6404476618959976 0.5809473543704726
319 0.6404476618959976 0.5809473543704726
320 0.6404476618959976 0.5809473543704726
321 0.6404476618959976 0.5809473543704726
322 0.6370733436052316 0.5809473543704726
323 0.6370733436052316 0.5809473543704726
324 0.6370733436052316 0.5809473543704726
325 0.6370733436052316 0.5809473543704726
326 0.6340054766811725 0.5809473543704726
327 0.6155532834724529 0.5809473543704726
328 0.6155532834724529 0.5809473543704726
329 0.5997158576949734 0.5809473543704726
330 0.5782748618820563 0.5809473543704726
331 0.5735337945972597 0.5809473543704726
332 0.5639615381317151 0.5913235088055917
333 0.5639615381317151 0.5913235088055917
334 0.5620878676911499 0.5913235088055917
335 0.5525029040457652 0.6234966062814759
336 0.5460404264650585 0.6399566624540287
337 0.5407131780838648 0.6399566624540287
338 0.5407131780838648 0.6399566624540287
339 0.5407131780838648 0.6399566624540287
340 0.532224171010963 0.6399566624540287
341 0.5292511259717743 0.6399566624540287
342 0.5220362636483742 0.6399566624540287
343 0.5155696426282474 0.6399566624540287
344 0.5130383828918701 0.6399566624540287
345 0.523337981457175 0.6399566624540287
346 0.5278690670592014 0.6399566624540287
347 0.5330571442767611 0.6399566624540287
348 0.5330571442767611 0.6399566624540287
349 0.5330571442767611 0.6399566624540287
350 0.5501520844086941 0.6399566624540287
351 0.5583821124949706 0.6399566624540287
352 0.5620444223218234 0.6399566624540287
353 0.5620444223218234 0.6399566624540287
354 0.5620444223218234 0.6399566624540287
355 0.5728843190802801 0.6399566624540287
356 0.5728843190802801 0.6399566624540287
357 0.5728843190802801 0.6399566624540287
358 0.5728843190802801 0.6399566624540287
359 0.5800870961123858 0.6399566624540287
360 0.5773760425631183 0.6399566624540287
361 0.5726543131496185 0.6399566624540287
362 0.5675063398196714 0.6399566624540287
363 0.5675063398196714 0.6399566624540287
364 0.5641279100279907 0.6399566624540287
365 0.5632405976502053 0.6399566624540287
366 0.531171618202444 0.618822489848442
367 0.49498216388518107 0.5826330355311791
368 0.3873184473796036 0.4749693190256016
369 0.3873184473796036 0.4749693190256016
370 0.3873184473796036 0.4749693190256016
371 0.3873184473796036 0.4749693190256016
372 0.3760955554351898 0.4749693190256016
373 0.3759179881001131 0.4749693190256016
374 0.3715879706371876 0.4749693190256016
375 0.3655051680507516 0.4749693190256016
376 0.36384845620025646 0.4749693190256016
377 0.35923901921384505 0.4749693190256016
378 0.35923901921384505 0.4709692976920635
379 0.35923901921384505 0.4709692976920635
380 0.34835613684962646 0.4709692976920635
381 0.3499542180104463 0.4709692976920635
382 0.3572372291591498 0.4709692976920635
383 0.41281130499359386 0.4709692976920635
384 0.4312223207336999 0.4709692976920635
385 0.4333317020291793 0.4709692976920635
386 0.4333317020291793 0.4709692976920635
387 0.4333317020291793 0.4709692976920635
388 0.4333317020291793 0.4685336560875353
389 0.4333317020291793 0.4153576613309258
390 0.4333317020291793 0.4153576613309258
391 0.4333317020291793 0.4153576613309258
392 0.4562931953058433 0.4153576613309258
393 0.4593366972270009 0.4153576613309258
394 0.47764851186603613 0.4153576613309258
395 0.48896601897126074 0.4153576613309258
396 0.5399239886701699 0.448378186295447
397 0.5399239886701699 0.448378186295447
398 0.542016051087799 0.4525623111307053
399 0.542016051087799 0.4525623111307053
400 0.5550801040231889 0.47482985734677424
401 0.5550801040231889 0.47482985734677424
402 0.5550801040231889 0.47482985734677424
403 0.5585766645168738 0.47482985734677424
404 0.5686154409000117 0.47482985734677424
405 0.580773269776067 0.47482985734677424
406 0.5940299089319085 0.47482985734677424
407 0.6290509426160742 0.5021077624528207
408 0.6290509426160742 0.5021077624528207
409 0.7593198936215864 0.6267156582648131
410 0.8300586265243252 0.6823284758199253
411 0.8300586265243252 0.6823284758199253
412 0.8300586265243252 0.6823284758199253
413 0.8300586265243252 0.6823284758199253
414 0.835601560337071 0.6823284758199253
415 0.835601560337071 0.6823284758199253
416 0.835601560337071 0.6823284758199253
417 0.835601560337071 0.6823284758199253
418 0.835601560337071 0.6823284758199253
419 0.835601560337071 0.6823284758199253
420 0.8381780263414229 0.6823284758199253
421 0.8592425632341018 0.6927455192713463
422 0.8773372268457318 0.6927455192713463
423 0.8815921593605189 0.6927455192713463
424 0.9222304434701105 0.6927455192713463
425 0.9222304434701105 0.6927455192713463
426 0.9222304434701105 0.6927455192713463
427 0.9222304434701105 0.6927455192713463
428 0.9222304434701105 0.6927455192713463
429 0.9222304434701105 0.6927455192713463
430 0.9222304434701105 0.6927455192713463
431 0.9222304434701105 0.6927455192713463
432 0.9222304434701105 0.6927455192713463
433 0.9540821538017127 0.6927455192713463
434 0.9703702624170681 0.7063349357386293
435 0.9704580422154001 0.7064227155369612
436 0.9928212870375492 0.7287859603591104
437 0.9928212870375492 0.7287859603591104
438 0.9928212870375492 0.7287859603591104
439 0.9928212870375492 0.7287859603591104
440 0.9928212870375492 0.7287859603591104
441 0.9928212870375492 0.7287859603591104
442 0.9928212870375492 0.7287859603591104
443 0.9928212870375492 0.7287859603591104
444 1.0157509606981265 0.7287859603591104
445 0.9936555340407325 0.7287859603591104
446 0.9533774028196962 0.7287859603591104
447 0.9533774028196962 0.7287859603591104
448 0.9533774028196962 0.7287859603591104
449 0.9533774028196962 0.7287859603591104
450 0.9533774028196962 0.7287859603591104
451 0.9460652681627766 0.7287859603591104
452 0.9460652681627766 0.7287859603591104
453 0.9397829808716911 0.7287859603591104
454 0.9314151838054117 0.7287859603591104
455 0.9327664855169275 0.7287859603591104
456 0.9425215786603343 0.7287859603591104
457 0.9460776141466305 0.7287859603591104
458 0.9489621435082021 0.7287859603591104
459 0.9489621435082021 0.7287859603591104
460 0.9489621435082021 0.7287859603591104
461 1.0024385231592523 0.7287859603591104
462 1.0157401937354216 0.7287859603591104
463 1.0197186593202132 0.8142842746446941
464 1.0258100623608024 0.8259296336477421
465 1.0258100623608024 0.8301483962387008
466 1.0258100623608024 0.8301483962387008
467 1.0258100623608024 0.8301483962387008
468 1.0258100623608024 0.8301483962387008
469 1.0477754134182469 0.8475749648106446
470 1.0950818952004149 0.8898545977186403
471 1.1062461970262483 0.9010188995444737
472 1.1062461970262483 0.9010188995444737
473 1.1062461970262483 0.9097407361588983
474 1.1062461970262483 0.9225826569711639
475 1.1261296374376122 0.9589199706535078
476 1.1669894751778511 1.0146704783920422
477 1.1710875921807409 1.018768595394932
478 1.213836749323533 1.018768595394932
479 1.2427456685534108 1.041854835123286
480 1.2877103935455163 1.0777320898452412
481 1.2888222102641795 1.0777320898452412
482 1.2945017463173607 1.079079223894916
483 1.3691616103816606 1.150294751564231
484 1.3792720266692706 1.1703723043305068
485 1.3944212557297941 1.2098371911431405
486 1.3944212557297941 1.2363504694548235
487 1.395786964740708 1.251836726611062
488 1.4039743810954486 1.251836726611062
489 1.4221618766110766 1.2631588369981013
490 1.4595520690244672 1.2934106676933546
491 1.4743432490255666 1.2934106676933546
492 1.514210714149503 1.3319233311333851
493 1.540837291086865 1.3548604024331654
494 1.5802847733294783 1.3910835591079629
495 1.5866146858659858 1.3910835591079629
496 1.5895430816086482 1.3910835591079629
497 1.5924902092333348 1.3910835591079629
498 1.618178100609143 1.413274889990086
499 1.661961997793489 1.4470200107912943
500 1.6867228064816602 1.4647759226121142
501 1.6999794456375015 1.4860709094946298
502 1.7099059942078094 1.5222602367178897
503 1.7194373541209864 1.540301461660641
504 1.7402801389080673 1.6117910664034674
505 1.7691536084212633 1.6117910664034674
506 1.7882169516010056 1.6117910664034674
507 1.7985193181689942 1.6117910664034674
508 1.7985193181689942 1.6117910664034674
509 1.80406225198174 1.6117910664034674
510 1.80406225198174 1.6117910664034674
511 1.80406225198174 1.6117910664034674
512 1.80406225198174 1.6117910664034674
513 1.8187723769874733 1.6117910664034674
514 1.8187723769874733 1.6117910664034674
515 1.815375447678925 1.6117910664034674
516 1.8260229411201827 1.6117910664034674
517 1.8441176047318129 1.6117910664034674
518 1.8381749060657522 1.6117910664034674
519 1.8733578750493973 1.6117910664034674
520 1.8698721608582762 1.6117910664034674
521 1.9279770484393235 1.6556507752247778
522 1.9725010343800427 1.700174761165497
523 1.9725010343800427 1.700174761165497
524 1.9725010343800427 1.700174761165497
525 1.9725010343800427 1.700174761165497
526 1.9725010343800427 1.700174761165497
527 1.9725010343800427 1.700174761165497
528 1.9725010343800427 1.700174761165497
529 1.9725010343800427 1.700174761165497
530 2.0594335761844436 1.784388770500347
531 2.117005377504771 1.826044775772636
532 2.1438554364128257 1.8468180566261492
533 2.1472423166813974 1.8468180566261492
534 2.1664173639114326 1.8626514947900032
535 2.2195581488919354 1.914864461154882
536 2.2349276508481197 1.914864461154882
537 2.2349276508481197 1.914864461154882
538 2.2349276508481197 1.914864461154882
539 2.2349276508481197 1.914864461154882
540 2.2349276508481197 1.914864461154882
541 2.2349276508481197 2.021817220456982
542 2.2349276508481197 2.048420561609321
543 2.2349276508481197 2.0563774927789042
544 2.2349276508481197 2.0685602988600826
545 2.2927927802527384 2.0685602988600826
546 2.291634915640966 2.0685602988600826
547 2.291634915640966 2.0685602988600826
548 2.291634915640966 2.0685602988600826
549 2.291634915640966 2.068807345208096
550 2.2865674791897352 2.078861042956441
551 2.2697412128118444 2.078861042956441
552 2.266895116818923 2.078861042956441
553 2.252173414210446 2.078861042956441
554 2.252173414210446 2.078861042956441
555 2.252173414210446 2.0912233248353793
556 2.305649793861496 2.091320556510987
557 2.3189514644376654 2.091320556510987
558 2.322929930022457 2.091320556510987
559 2.3290213330630465 2.091320556510987
560 2.3290213330630465 2.105276734460329
561 2.3393800649188696 2.1075003678976554
562 2.3393800649188696 2.116165171904668
563 2.3393800649188696 2.137040086669378
564 2.3322119585886387 2.157260919244598
565 2.337238807462811 2.157260919244598
566 2.331172419593793 2.157260919244598
567 2.331172419593793 2.159992337266426
568 2.331172419593793 2.1676453333614827
569 2.3291627350879995 2.1911784035804733
570 2.3416271113715457 2.243323774196805
571 2.3453127389009807 2.257966848362904
572 2.3453127389009807 2.260676451730716
573 2.3453127389009807 2.2680554630058793
574 2.3453127389009807 2.2966758493924946
575 2.3672065357344065 2.309335674465509
576 2.3794118045461365 2.315192465950834
577 2.394419617635015 2.3210867212002073
578 2.4058742945060456 2.3210867212002073
579 2.420630959300646 2.3210867212002073
580 2.420630959300646 2.3210867212002073
581 2.420630959300646 2.3210867212002073
582 2.4258620605527437 2.3254535611845846
583 2.4384636745913397 2.3254535611845846
584 2.450230209700835 2.355817020371707
585 2.475348258277938 2.383312128702846
586 2.4826697953609878 2.4214388150623303
587 2.475072645017349 2.4420435481983076
588 2.47876215065493 2.4420435481983076
589 2.4930723438482376 2.4420435481983076
590 2.4973714101482796 2.4420435481983076
591 2.4987800443718466 2.4420435481983076
592 2.4891267913249964 2.4420435481983076
593 2.4861155714459615 2.4595170075839734
594 2.4861155714459615 2.4595170075839734
595 2.4861155714459615 2.4595170075839734
596 2.480981166754664 2.4595170075839734
597 2.4823633173024504 2.4595170075839734
598 2.4802307168309508 2.4595170075839734
599 2.4964392998810645 2.4595170075839734
600 2.510186854046634 2.4595170075839734
601 2.529250197226376 2.4595170075839734
602 2.5395525637943646 2.4595170075839734
603 2.560635114268152 2.4595170075839734
604 2.5650852778386337 2.4595170075839734
605 2.568512637948831 2.4595170075839734
606 2.5764368036743575 2.4595170075839734
607 2.5764368036743575 2.4595170075839734
608 2.58517353336719 2.4595170075839734
609 2.58517353336719 2.4595170075839734
610 2.58517353336719 2.464954072523075
611 2.57172230417084 2.4967856646191517
612 2.562789969765561 2.5089392207282355
613 2.562789969765561 2.515712981265378
614 2.5594457285377596 2.5223961993977406
615 2.5594457285377596 2.524251836628989
616 2.5594457285377596 2.5549908405413575
617 2.5594457285377596 2.5549908405413575
618 2.5594457285377596 2.5549908405413575
619 2.57470291665338 2.5549908405413575
620 2.610943111163353 2.583261432327561
621 2.613939688828504 2.5862580099927124
622 2.613939688828504 2.5862580099927124
623 2.613939688828504 2.5862580099927124
624 2.638406022409008 2.610724343573216
625 2.6536937786112995 2.7367080968916495
626 2.669609574659338 2.7367080968916495
627 2.6756863527138792 2.7367080968916495
628 2.679073232982451 2.7367080968916495
629 2.7025500535275406 2.7367080968916495
630 2.7201341463246855 2.7367080968916495
631 2.7469156925932934 2.7367080968916495
632 2.75449195494463 2.7367080968916495
633 2.768191261560812 2.7367080968916495
634 2.783524136873809 2.7367080968916495
635 2.8124526208019844 2.760338225123985
636 2.833046400005292 2.7809320043272927
637 2.8603338326315493 2.8033935280171463
638 2.874644622236481 2.817534815728834
639 2.894606284492733 2.8374964779850855
640 2.951313549285579 2.8374964779850855
641 2.951313549285579 2.8582139416967323
642 2.951313549285579 2.8582139416967323
643 2.9560598742633495 2.8582139416967323
644 2.9560598742633495 2.8582139416967323
645 2.9640274969485603 2.866181564381943
646 2.973637340456146 2.875791407889529
647 2.9975813714747295 2.895731157143
648 3.002301513175626 2.895731157143
649 3.0165196269879937 2.9042839474892004
650 3.029123691644118 2.9042839474892004
651 3.035574111784748 2.91073436762983
652 3.062389283812137 2.921917115051979
653 3.062389283812137 2.921917115051979
654 3.062389283812137 2.921917115051979
655 3.062389283812137 2.921917115051979
656 3.072748015667961 2.933290965734588
657 3.072748015667961 2.9386223123836066
658 3.072748015667961 2.9386223123836066
659 3.101426274048407 2.9543967054296485
660 3.101426274048407 2.9543967054296485
661 3.101426274048407 2.9543967054296485
662 3.1283549195043534 2.9543967054296485
663 3.1283549195043534 2.9543967054296485
664 3.1283549195043534 2.9543967054296485
665 3.1281372895008053 2.9543967054296485
666 3.120257718977133 2.9543967054296485
667 3.120257718977133 2.9543967054296485
668 3.120257718977133 2.9543967054296485
669 3.120257718977133 2.9543967054296485
670 3.120257718977133 2.9543967054296485
671 3.1259446443184373 2.9543967054296485
672 3.1286103176429467 2.9543967054296485
673 3.1286103176429467 2.9543967054296485
674 3.1191335958728263 2.9543967054296485
675 3.0797510450848486 2.9543967054296485
676 3.0782910116300646 2.9543967054296485
677 3.137907701435935 3.0030766400106144
678 3.137907701435935 3.0030766400106144
679 3.182882634611252 3.0480515731859317
680 3.182882634611252 3.0480515731859317
681 3.182882634611252 3.0480515731859317
682 3.182882634611252 3.0480515731859317
683 3.182882634611252 3.0480515731859317
684 3.182882634611252 3.0480515731859317
685 3.195264415137802 3.0604333537124813
686 3.208395866029282 3.0735648046039614
687 3.2434928862219867 3.108661824796666
688 3.2555354096402174 3.120704348214897
689 3.2555354096402174 3.120704348214897
690 3.296807562344931 3.120704348214897
691 3.3181005814911257 3.120704348214897
692 3.336264493165537 3.1235710545866127
693 3.3556514792263488 3.1429580406474242
694 3.392741636824323 3.1800481982453985
695 3.411295062226831 3.1972386329497455
696 3.415194754933331 3.1972386329497455
697 3.4209666001655332 3.1972386329497455
698 3.4209666001655332 3.1972386329497455
699 3.4319195331761465 3.1972386329497455
700 3.4321975219009753 3.1972386329497455
701 3.4321975219009753 3.1972386329497455
702 3.4321975219009753 3.1972386329497455
703 3.4321975219009753 3.1972386329497455
704 3.4468904092502246 3.1972386329497455
705 3.455614401065278 3.1972386329497455
706 3.458588449626914 3.1972386329497455
707 3.493334449653157 3.1972386329497455
708 3.4951756737106985 3.1972386329497455
709 3.4951756737106985 3.2375090559075628
710 3.494429350724553 3.270821604270605
711 3.5088229308640617 3.307292950048815
712 3.5088229308640617 3.3224454747514884
713 3.5088229308640617 3.3498440879838522
714 3.5088229308640617 3.3805098386098464
715 3.5088229308640617 3.391106550001526
716 3.5112178792969178 3.391106550001526
717 3.5112178792969178 3.4007583678743343
718 3.5112178792969178 3.4010973716608217
719 3.5112178792969178 3.4010973716608217
720 3.5130689277456058 3.4010973716608217
721 3.517822048288858 3.4010973716608217
722 3.517822048288858 3.4010973716608217
723 3.517822048288858 3.410590021616362
724 3.5394941559338102 3.410590021616362
725 3.551131141060213 3.410590021616362
726 3.5584846137574475 3.410590021616362
727 3.56511877589526 3.4185985851465865
728 3.578818082511442 3.4280388685483802
729 3.5941509578244393 3.4393695154807147
730 3.5974001217192346 3.464577644792964
731 3.5933029446521254 3.464577644792964
732 3.5981288535885296 3.48054801295375
733 3.594823152092137 3.48054801295375
734 3.594823152092137 3.48054801295375
735 3.579772599632689 3.48054801295375
736 3.579772599632689 3.48054801295375
737 3.579772599632689 3.48054801295375
738 3.5845189246104594 3.48054801295375
739 3.5845189246104594 3.48054801295375
740 3.5932767616099603 3.48054801295375
741 3.5953772287247663 3.48054801295375
742 3.599381510489879 3.48054801295375
743 3.5938293711374483 3.48054801295375
744 3.5994946946036155 3.48054801295375
745 3.6120987592597404 3.48054801295375
746 3.6120987592597404 3.48054801295375
747 3.6200839433401333 3.48054801295375
748 3.6200839433401333 3.48054801295375
749 3.6200839433401333 3.48054801295375
750 3.6492944504714218 3.5059945801128425
751 3.6492944504714218 3.5059945801128425
752 3.6492944504714218 3.5059945801128425
753 3.6492944504714218 3.5059945801128425
754 3.6492944504714218 3.5059945801128425
755 3.672846889175313 3.529547018816734
756 3.701423073312574 3.5581232029539946
757 3.701423073312574 3.5581232029539946
758 3.6150911260815333 3.5581232029539946
759 3.6150911260815333 3.5581232029539946
760 3.6150911260815333 3.5581232029539946
761 3.6150911260815333 3.5581232029539946
762 3.6150911260815333 3.5581232029539946
763 3.6150911260815333 3.5581232029539946
764 3.6150911260815333 3.5581232029539946
765 3.6150911260815333 3.5581232029539946
766 3.6150911260815333 3.5581232029539946
767 3.6150911260815333 3.5581232029539946
768 3.5609156065641763 3.5581232029539946
769 3.5087756784864252 3.5087756784864252
770 3.5087756784864252 3.5087756784864252
771 3.505807632666248 3.5087756784864252
772 3.4846053155179635 3.5087756784864252
773 3.4846053155179635 3.5087756784864252
774 3.4846053155179635 3.5087756784864252
775 3.4846053155179635 3.5087756784864252
776 3.4613850512575457 3.5087756784864252
777 3.447884923897819 3.5087756784864252
778 3.4293671762505618 3.5087756784864252
779 3.4142522006584173 3.5087756784864252
780 3.403584034586679 3.5087756784864252
781 3.396445323336325 3.5087756784864252
782 3.396445323336325 3.5087756784864252
783 3.396445323336325 3.5087756784864252
784 3.4208938656691474 3.5087756784864252
785 3.4718978172997668 3.5087756784864252
786 3.4693121571733156 3.5087756784864252
787 3.4693121571733156 3.5087756784864252
788 3.4693121571733156 3.5087756784864252
789 3.4693121571733156 3.5087756784864252
790 3.4693121571733156 3.5087756784864252
791 3.4693121571733156 3.5087756784864252
792 3.4591695700899496 3.5087756784864252
793 3.4568947207936684 3.5087756784864252
794 3.4568947207936684 3.5087756784864252
795 3.45431408930919 3.5087756784864252
796 3.4546559210103602 3.5087756784864252
797 3.469513418421271 3.5087756784864252
798 3.485702529088751 3.5087756784864252
799 3.4964610436125922 3.5087756784864252
800 3.4964610436125922 3.5087756784864252
801 3.506947007078035 3.5087756784864252
802 3.51929009854051 3.5087756784864252
803 3.521892899939051 3.5087756784864252
804 3.5368601384401934 3.5087756784864252
805 3.54250937859354 3.5087756784864252
806 3.5437508279838887 3.5087756784864252
807 3.5460656593370876 3.5087756784864252
808 3.5506319963314112 3.5087756784864252
809 3.5587397461633796 3.5087756784864252
810 3.5758019649954633 3.5087756784864252
811 3.5783409757440228 3.5087756784864252
812 3.5802005532564154 3.5087756784864252
813 3.5802005532564154 3.5087756784864252
814 3.5802005532564154 3.5087756784864252
815 3.5802005532564154 3.5087756784864252
816 3.5802005532564154 3.5087756784864252
817 3.5802005532564154 3.5087756784864252
818 3.5802005532564154 3.5087756784864252
819 3.5802005532564154 3.5087756784864252
820 3.5802005532564154 3.5087756784864252
821 3.5802005532564154 3.5087756784864252
822 3.5802005532564154 3.5087756784864252
823 3.5795208971966668 3.5087756784864252
824 3.5790667644650673 3.5087756784864252
825 3.5790667644650673 3.5087756784864252
826 3.5790667644650673 3.5087756784864252
827 3.5827595937951457 3.5087756784864252
828 3.5827595937951457 3.5087756784864252
829 3.578016010279617 3.5087756784864252
830 3.5775755325952496 3.5087756784864252
831 3.5775755325952496 3.5087756784864252
832 3.569583150114651 3.5087756784864252
833 3.5696370481397963 3.5087756784864252
834 3.5696370481397963 3.5087756784864252
835 3.5696370481397963 3.5087756784864252
836 3.574141674515466 3.5087756784864252
837 3.574141674515466 3.5087756784864252
838 3.574141674515466 3.5087756784864252
839 3.574141674515466 3.5087756784864252
840 3.5754200823114384 3.5087756784864252
841 3.5754200823114384 3.5087756784864252
842 3.5713103215683506 3.5087756784864252
843 3.5482172264539558 3.5087756784864252
844 3.5482172264539558 3.5087756784864252
845 3.53909928163357 3.5087756784864252
846 3.523495913237686 3.5087756784864252
847 3.492031658284479 3.5087756784864252
848 3.4739545022127776 3.5087756784864252
849 3.4356451597465325 3.5087756784864252
850 3.432511507383503 3.5087756784864252
851 3.4247353733459516 3.502839586846071
852 3.422369906517366 3.4604349525495017
853 3.4105164934555496 3.4604349525495017
854 3.4105164934555496 3.4604349525495017
855 3.408038959310338 3.4604349525495017
856 3.401784094569765 3.413994424028666
857 3.4011728643039074 3.386994169309212
858 3.4011728643039074 3.369651390315267
859 3.3980236792294183 3.369651390315267
860 3.3797744378284054 3.369651390315267
861 3.3797744378284054 3.369651390315267
862 3.3797744378284054 3.369651390315267
863 3.3797744378284054 3.369651390315267
864 3.4394165948816786 3.3968818109789716
865 3.459247254277976 3.3968818109789716
866 3.456279208457799 3.3968818109789716
867 3.439693294839796 3.3968818109789716
868 3.4457443972537063 3.3968818109789716
869 3.4457443972537063 3.3968818109789716
870 3.4457443972537063 3.3968818109789716
871 3.4236586477957918 3.3968818109789716
872 3.4101585204360645 3.3968818109789716
873 3.401487130939092 3.3968818109789716
874 3.405570410877721 3.3968818109789716
875 3.4144342094887046 3.3968818109789716
876 3.427657465907446 3.3968818109789716
877 3.427657465907446 3.3968818109789716
878 3.4388875167570365 3.3968818109789716
879 3.4552810687821256 3.3968818109789716
880 3.455759736318343 3.3968818109789716
881 3.455759736318343 3.3968818109789716
882 3.455759736318343 3.3968818109789716
883 3.455759736318343 3.3968818109789716
884 3.455759736318343 3.3968818109789716
885 3.455759736318343 3.3968818109789716
886 3.452481390420878 3.3968818109789716
887 3.452481390420878 3.3968818109789716
888 3.452481390420878 3.3968818109789716
889 3.4690461723706147 3.3968818109789716
890 3.474748699616427 3.3968818109789716
891 3.4778024930071876 3.3968818109789716
892 3.4778024930071876 3.3968818109789716
893 3.474740881374905 3.3968818109789716
894 3.474740881374905 3.3968818109789716
895 3.474740881374905 3.3968818109789716
896 3.474740881374905 3.3968818109789716
897 3.471609644922574 3.3968818109789716
898 3.467192808795317 3.3968818109789716
899 3.467192808795317 3.3968818109789716
900 3.467192808795317 3.3968818109789716
901 3.467192808795317 3.3968818109789716
902 3.467192808795317 3.3968818109789716
903 3.4588854713034065 3.3955224988594748
904 3.4588854713034065 3.394614233396276
905 3.4427230308877594 3.394614233396276
906 3.417325618540205 3.394614233396276
907 3.4106886472309643 3.394614233396276
908 3.4106886472309643 3.394614233396276
909 3.408904875557134 3.3851270663652184
910 3.4064081592559847 3.3842461109964836
911 3.4034385623503276 3.3842461109964836
912 3.3975520260215126 3.3683691420855775
913 3.394213308556062 3.3683691420855775
914 3.3847782265603503 3.3683691420855775
915 3.3845762218936333 3.3683691420855775
916 3.382140551455969 3.3683691420855775
917 3.375259921786036 3.3683691420855775
918 3.374580265726288 3.3683691420855775
919 3.3741261329946886 3.3683691420855775
920 3.367248052990157 3.3683691420855775
921 3.35405690834841 3.3683691420855775
922 3.3406484100034497 3.3683691420855775
923 3.333579329314241 3.3683691420855775
924 3.323879848328982 3.3683691420855775
925 3.31192851323281 3.3683691420855775
926 3.31192851323281 3.3683691420855775
927 3.2945001411066897 3.3683691420855775
928 3.2896615099193665 3.3625146410066398
929 3.292643368645786 3.3625146410066398
930 3.2974164686441854 3.356247336280581
931 3.2974164686441854 3.3406950682054783
932 3.2974164686441854 3.335964134548306
933 3.30432056531165 3.3226265575034732
934 3.30432056531165 3.3226265575034732
935 3.3045829880903383 3.3226265575034732
936 3.3045829880903383 3.3226265575034732
937 3.3045829880903383 3.3226265575034732
938 3.3232051471205537 3.3226265575034732
939 3.3252972095381828 3.3226265575034732
940 3.3499010599022543 3.3226265575034732
941 3.350635333103255 3.3226265575034732
942 3.357264324191589 3.3226265575034732
943 3.3582715999226997 3.3226265575034732
944 3.3588787417230233 3.367895945328181
945 3.355745089359994 3.367895945328181
946 3.3479689553224423 3.367895945328181
947 3.3466907550274927 3.367895945328181
948 3.3461569028673903 3.367895945328181
949 3.355361907457196 3.367895945328181
950 3.355361907457196 3.367895945328181
951 3.355361907457196 3.367895945328181
952 3.3642470140205436 3.367895945328181
953 3.3729810504121978 3.367895945328181
954 3.3870362899028983 3.367895945328181
955 3.3870362899028983 3.367895945328181
956 3.3870362899028983 3.367895945328181
957 3.3870362899028983 3.367895945328181
958 3.3909653901819024 3.367895945328181
959 3.4136000840942566 3.367895945328181
960 3.4136000840942566 3.367895945328181
961 3.415786766645587 3.367895945328181
962 3.4210291403443396 3.367895945328181
963 3.436252694551823 3.367895945328181
964 3.436252694551823 3.367895945328181
965 3.4435933476458174 3.367895945328181
966 3.4598965878283483 3.370082757252259
967 3.4651640537114194 3.370082757252259
968 3.4651640537114194 3.370082757252259
969 3.492284993204566 3.3972036967454056
970 3.492284993204566 3.3972036967454056
971 3.4935210877772604 3.3984397913181
972 3.4935210877772604 3.3984397913181
973 3.4935210877772604 3.3984397913181
974 3.4935210877772604 3.3984397913181
975 3.500453795637857 3.3984397913181
976 3.500453795637857 3.3984397913181
977 3.500453795637857 3.3984397913181
978 3.5137724997211253 3.4006939616488125
979 3.5312642820757185 3.4127755100863024
980 3.5320447526790835 3.4127755100863024
981 3.5469948743236355 3.427725631730854
982 3.552483581594175 3.4332143390013936
983 3.5612055793936737 3.4367945530452264
984 3.5612055793936737 3.4367945530452264
985 3.5612055793936737 3.4367945530452264
986 3.5626784017677227 3.438267375419276
987 3.5715933885180453 3.447182362169598
988 3.5745412074140406 3.4501301810655933
989 3.5745412074140406 3.4501301810655933
990 3.5745412074140406 3.4501301810655933
991 3.594947564502346 3.459570457962097
992 3.6126563178974016 3.4772792113571525
993 3.691892593100646 3.5496339012388383
994 3.775700297802776 3.633441605940968
995 3.8098111525761453 3.6657976645309764
996 3.8273498292903225 3.6833363412451536
997 3.8515786160996175 3.7075651280544486
998 3.8515786160996175 3.7075651280544486
999 3.8515786160996175 3.7075651280544486
1000 3.878211945731635 3.7325127304953645
1001 3.9067307540698453 3.741917396474112
1002 3.9067307540698453 3.741917396474112
1003 3.9067307540698453 3.741917396474112
1004 3.908323023266576 3.741917396474112
1005 3.9084799507479864 3.741917396474112
1006 3.910413099242205 3.741917396474112
1007 3.937579042465344 3.7511484278939804
1008 3.966354891040273 3.7511484278939804
1009 3.9958830094100324 3.7511484278939804
1010 3.9958830094100324 3.7511484278939804
1011 3.9958830094100324 3.7511484278939804
1012 3.9958830094100324 3.7511484278939804
1013 3.9958830094100324 3.7511484278939804
1014 4.020639215227865 3.7511484278939804
1015 4.0330117515589095 3.7511484278939804
1016 4.0330117515589095 3.7511484278939804
1017 4.0330117515589095 3.7511484278939804
1018 4.0339624620800985 3.7625557667770657
1019 4.0247813218146735 3.7667398916123243
1020 4.0247813218146735 3.815947592340467
1021 4.0247813218146735 3.817416138742468
1022 4.01956259448913 3.830674120919136
1023 4.036413257229915 3.8501751088755376
1024 4.037840979794289 3.8528171150405583
1025 4.065290242730544 3.880266377976813
1026 4.065290242730544 3.880266377976813
1027 4.105830376443693 3.9229810447572344
1028 4.112986225738153 3.930136894051694
1029 4.112986225738153 3.930136894051694
1030 4.112986225738153 3.930136894051694
1031 4.133711987936504 3.9508626562500453
1032 4.1343980607678565 3.9589093774330966
1033 4.20752810638386 4.026335753607557
1034 4.225685126191195 4.041757891313142
1035 4.288654223347603 4.080123138105479
1036 4.29014264493346 4.080123138105479
1037 4.318916366733745 4.080123138105479
1038 4.3473198048872845 4.087981338663488
1039 4.349080387227364 4.087981338663488
1040 4.364781153445479 4.087981338663488
1041 4.375493963066377 4.099414003688647
1042 4.438173538440319 4.1617523179925024
1043 4.438173538440319 4.192199426407469
1044 4.448584947604852 4.202610835572001
1045 4.458888015821985 4.215061000864386
1046 4.467191606846637 4.234730123096929
1047 4.480721263320104 4.24526505486307
1048 4.489108000831809 4.24526505486307
1049 4.489108000831809 4.24526505486307
1050 4.489108000831809 4.24526505486307
1051 4.524914007444072 4.270828693838841
1052 4.576030904899368 4.317766320567245
1053 4.637874117992278 4.3756804333811505
1054 4.646139519719761 4.3756804333811505
1055 4.6493968947923445 4.389545849102344
1056 4.6757230226224795 4.389545849102344
1057 4.691485275767253 4.3959503282486345
1058 4.7502145184695515 4.461585084248562
1059 4.7502145184695515 4.472405552082767
1060 4.754539971899832 4.473966493289499
1061 4.764374533016103 4.473966493289499
1062 4.769641998899174 4.473966493289499
1063 4.769641998899174 4.48425006080083
1064 4.769641998899174 4.48425006080083
1065 4.769641998899174 4.48425006080083
1066 4.769641998899174 4.48425006080083
1067 4.769641998899174 4.48425006080083
1068 4.769641998899174 4.48425006080083
1069 4.80337125954645 4.48425006080083
1070 4.810303967407046 4.48425006080083
1071 4.816705934482499 4.506182221184434
1072 4.816705934482499 4.506182221184434
1073 4.81218057314142 4.519945391827552
1074 4.8021269295708215 4.519945391827552
1075 4.7983148197091925 4.523454984194274
1076 4.793326421320062 4.523454984194274
1077 4.793326421320062 4.523454984194274
1078 4.795897020974106 4.523454984194274
1079 4.795897020974106 4.523454984194274
1080 4.76724300949155 4.526826438576477
1081 4.76724300949155 4.565054723295402
1082 4.764824193110695 4.565054723295402
1083 4.757781473869022 4.565054723295402
1084 4.757781473869022 4.568239261688864
1085 4.757781473869022 4.568553116651684
1086 4.763711454065943 4.572419413640121
1087 4.7636531416276355 4.608289237246664
1088 4.76345789024103 4.665840934396522
1089 4.76345789024103 4.724897171136041
1090 4.755347620724118 4.724897171136041
1091 4.755347620724118 4.724897171136041
1092 4.736227120921418 4.724897171136041
1093 4.736227120921418 4.724897171136041
1094 4.736227120921418 4.774409582771707
1095 4.73791284811252 4.782693795945322
1096 4.757026990471982 4.782693795945322
1097 4.757026990471982 4.782693795945322
1098 4.757026990471982 4.782693795945322
1099 4.753135872583971 4.782693795945322
1100 4.744712040233454 4.782693795945322
1101 4.7381426751980005 4.782693795945322
1102 4.74933331541179 4.782693795945322
1103 4.778109163986719 4.782693795945322
1104 4.807637282356478 4.782693795945322
1105 4.807637282356478 4.782693795945322
1106 4.807637282356478 4.782693795945322
1107 4.825917848563719 4.782693795945322
1108 4.825917848563719 4.782693795945322
1109 4.850674054381551 4.782693795945322
1110 4.85481616096836 4.782693795945322
1111 4.853962245266903 4.782693795945322
1112 4.852675877892851 4.782693795945322
1113 4.848877324207622 4.782693795945322
1114 4.848877324207622 4.783979435313563
1115 4.848877324207622 4.783979435313563
1116 4.848877324207622 4.785487732083277
1117 4.860857332062446 4.829777193507181
1118 4.874435611375141 4.878715017273099
1119 4.881096874326742 4.881021898352611
1120 4.889648536352155 4.9124234307888415
1121 4.895882768388972 4.919730450185639
1122 4.895882768388972 4.939207934053552
1123 4.899837044540214 4.939207934053552
1124 4.899837044540214 4.939207934053552
1125 4.903458191463708 4.95221555362417
1126 4.905525901213675 4.9688227356734735
1127 4.905525901213675 4.988521400268712
1128 4.9109949282410374 5.005294875292122
1129 4.913829278191118 5.005294875292122
1130 4.918972023863889 5.005294875292122
1131 4.921621009341477 5.025779610565104
1132 4.961445054453888 5.034138152018889
1133 4.987333712928523 5.034138152018889
1134 4.988487153468279 5.050668955473855
1135 5.0041879196863945 5.057183705619022
1136 5.0078414293847935 5.0644342993952645
1137 5.01758017131875 5.0644342993952645
1138 5.016396203384498 5.0644342993952645
1139 5.010463115779119 5.0644342993952645
1140 5.016966925564429 5.0644342993952645
1141 5.021450977601944 5.0644342993952645
1142 5.02334022694483 5.0644342993952645
1143 5.029846690036322 5.0644342993952645
1144 5.029846690036322 5.0644342993952645
1145 5.0209165438924455 5.0644342993952645
1146 5.031158911528936 5.0644342993952645
1147 5.030605271421882 5.0644342993952645
1148 5.030605271421882 5.0644342993952645
1149 5.038870673149365 5.0644342993952645
1150 5.042128048221948 5.0644342993952645
1151 5.044403313641948 5.0644342993952645
1152 5.034511246520467 5.0644342993952645
1153 5.032865380070336 5.059549403597362
1154 5.040943206283423 5.02862164862196
1155 5.040943206283423 5.019436487691971
1156 5.040943206283423 5.00945969091371
1157 5.040943206283423 5.00945969091371
1158 5.040943206283423 5.004317322710467
1159 5.040943206283423 5.004317322710467
1160 5.04379266724499 4.978111153759997
1161 5.04379266724499 4.978111153759997
1162 5.055625731934526 4.973273520998287
1163 5.055625731934526 4.967096634817422
1164 5.055625731934526 4.967096634817422
1165 5.059050325150441 4.967096634817422
1166 5.059750103726473 4.967096634817422
1167 5.059750103726473 4.967096634817422
1168 5.060714106634994 4.967096634817422
1169 5.081035712923551 4.994829872087437
1170 5.084003386794667 5.0099503807596575
1171 5.080575072040714 5.0112651194718625
1172 5.10761003769124 5.038300085122387
1173 5.119944446164915 5.050634493596062
1174 5.131656566258878 5.062346613690025
1175 5.131656566258878 5.062346613690025
1176 5.131656566258878 5.062346613690025
1177 5.131656566258878 5.062346613690025
1178 5.131656566258878 5.062346613690025
1179 5.131656566258878 5.062346613690025
1180 5.131656566258878 5.062346613690025
1181 5.134013770704016 5.062346613690025
1182 5.1448526600522 5.0711711175628045
1183 5.161942464450924 5.0711711175628045
1184 5.177938400556164 5.0711711175628045
1185 5.177938400556164 5.0711711175628045
1186 5.176726242800024 5.0711711175628045
1187 5.176726242800024 5.1077322499772855
1188 5.176726242800024 5.1077322499772855
1189 5.176726242800024 5.1077322499772855
1190 5.176726242800024 5.1077322499772855
1191 5.176726242800024 5.1077322499772855
1192 5.176726242800024 5.1077322499772855
1193 5.176726242800024 5.1077322499772855
1194 5.176726242800024 5.1077322499772855
1195 5.176726242800024 5.1077322499772855
1196 5.176726242800024 5.1077322499772855
1197 5.171265771298625 5.1077322499772855
1198 5.168330776330418 5.1077322499772855
1199 5.16631511447458 5.121054775880488
1200 5.168283535211607 5.121054775880488
1201 5.174120810951502 5.121054775880488
1202 5.192401377158742 5.121054775880488
1203 5.203461074884011 5.121054775880488
1204 5.235446554176688 5.149939669469743
1205 5.241978395649891 5.163713804789932
1206 5.2668798068918 5.192750635531776
1207 5.268900011660302 5.194770840300278
1208 5.268900011660302 5.205708894355004
1209 5.273915098840271 5.215107042066892
1210 5.273915098840271 5.223941258901055
1211 5.273915098840271 5.223941258901055
1212 5.273915098840271 5.223941258901055
1213 5.290095256790434 5.223941258901055
1214 5.316814053940279 5.242360269462317
1215 5.316814053940279 5.242360269462317
1216 5.319425990018649 5.242360269462317
1217 5.322637655315668 5.242360269462317
1218 5.332599036565317 5.242360269462317
1219 5.343164232903982 5.242360269462317
1220 5.346785379827475 5.242360269462317
1221 5.359065823992806 5.242360269462317
1222 5.359065823992806 5.242360269462317
1223 5.364534851020169 5.242360269462317
1224 5.366726381286128 5.242360269462317
1225 5.356804082775204 5.242360269462317
1226 5.356804082775204 5.242360269462317
1227 5.356804082775204 5.242360269462317
1228 5.356804082775204 5.242360269462317
1229 5.35607196141351 5.242360269462317
1230 5.3529949098914855 5.242360269462317
1231 5.350501760057569 5.242360269462317
1232 5.350373486615251 5.242360269462317
1233 5.350373486615251 5.242360269462317
1234 5.35029451638637 5.242360269462317
1235 5.345972560510688 5.242360269462317
1236 5.345087033904589 5.242360269462317
1237 5.345087033904589 5.242360269462317
1238 5.345087033904589 5.242360269462317
1239 5.34357034573403 5.242360269462317
1240 5.339292575647317 5.242360269462317
1241 5.339150547481341 5.242360269462317
1242 5.335226264118878 5.266026398841392
1243 5.334095336736123 5.266026398841392
1244 5.334095336736123 5.266026398841392
1245 5.330259928353927 5.272875585273221
1246 5.304986414706837 5.274275142425285
1247 5.304986414706837 5.274275142425285
1248 5.304986414706837 5.274275142425285
1249 5.304986414706837 5.29556347151461
1250 5.304986414706837 5.29556347151461
1251 5.304986414706837 5.29556347151461
1252 5.304986414706837 5.29556347151461
1253 5.297571140505302 5.29556347151461
1254 5.2984476753376235 5.29556347151461
1255 5.2984476753376235 5.29556347151461
1256 5.2984476753376235 5.29556347151461
1257 5.310280740027162 5.29556347151461
1258 5.310280740027162 5.29556347151461
1259 5.310280740027162 5.29556347151461
1260 5.313705333243076 5.29556347151461
1261 5.317720827949877 5.300277880404886
1262 5.3243777943012995 5.304306651355694
1263 5.332051582463718 5.338486260153141
1264 5.3426957470083805 5.368053816851342
1265 5.3426957470083805 5.368053816851342
1266 5.323206036843074 5.368053816851342
1267 5.319902832438793 5.368053816851342
1268 5.319902832438793 5.368053816851342
1269 5.314021696177054 5.368053816851342
1270 5.30496533133735 5.368053816851342
1271 5.30496533133735 5.368053816851342
1272 5.30496533133735 5.368053816851342
1273 5.302531519524111 5.368053816851342
1274 5.302531519524111 5.368053816851342
1275 5.296090895409081 5.368053816851342
1276 5.293890860902918 5.368053816851342
1277 5.2971961072058225 5.368053816851342
1278 5.31521534468883 5.368053816851342
1279 5.3308223949125475 5.368053816851342
1280 5.342911193021481 5.368053816851342
1281 5.34591676459641 5.379203578889225
1282 5.349766521817339 5.379203578889225
1283 5.349766521817339 5.379203578889225
1284 5.3569432496105565 5.379203578889225
1285 5.3569432496105565 5.379203578889225
1286 5.3569432496105565 5.379203578889225
1287 5.328412380025533 5.345097828285259
1288 5.328412380025533 5.345097828285259
1289 5.328412380025533 5.345097828285259
1290 5.328412380025533 5.345097828285259
1291 5.328412380025533 5.345097828285259
1292 5.328412380025533 5.345097828285259
1293 5.328412380025533 5.345097828285259
1294 5.328412380025533 5.345097828285259
1295 5.328412380025533 5.345097828285259
1296 5.328412380025533 5.345097828285259
1297 5.328412380025533 5.345097828285259
1298 5.328412380025533 5.345097828285259
1299 5.324526210870473 5.345097828285259
1300 5.324526210870473 5.345097828285259
1301 5.298854768600603 5.345097828285259
1302 5.302806438748787 5.345097828285259
1303 5.302806438748787 5.345097828285259
1304 5.289815233047992 5.345097828285259
1305 5.261452731204837 5.321874449162749
1306 5.261452731204837 5.321874449162749
1307 5.261452731204837 5.321874449162749
1308 5.261452731204837 5.321874449162749
1309 5.261452731204837 5.320410206439359
1310 5.261452731204837 5.314256103395312
1311 5.255038464763109 5.309269803727478
1312 5.233207355259656 5.290127596423343
1313 5.209108291099105 5.266028532262792
1314 5.209108291099105 5.265870591805031
1315 5.203293477149089 5.257226680053669
1316 5.199912745301459 5.255455626841469
1317 5.193363319688027 5.255455626841469
1318 5.192018974904363 5.255455626841469
1319 5.190694739726224 5.25242225050035
1320 5.199252242935749 5.25242225050035
1321 5.199252242935749 5.252138194168399
1322 5.199252242935749 5.252138194168399
1323 5.199252242935749 5.252138194168399
1324 5.198520121574055 5.252138194168399
1325 5.195443070052031 5.252138194168399
1326 5.192949920218115 5.252138194168399
1327 5.192821646775796 5.252138194168399
1328 5.196010423301537 5.252138194168399
1329 5.200977116482784 5.252138194168399
1330 5.196835246401211 5.252138194168399
1331 5.202491424554016 5.252138194168399
1332 5.202491424554016 5.252138194168399
1333 5.219545063822129 5.245518828063247
1334 5.21802837565157 5.245518828063247
1335 5.21802837565157 5.245518828063247
1336 5.217886347485594 5.245518828063247
1337 5.217886347485594 5.245518828063247
1338 5.21879308808182 5.245518828063247
1339 5.221745026028544 5.245518828063247
1340 5.224107575414232 5.245518828063247
1341 5.224107575414232 5.245518828063247
1342 5.2292861265111235 5.245518828063247
1343 5.2292861265111235 5.245518828063247
1344 5.2292861265111235 5.245518828063247
1345 5.2292861265111235 5.245518828063247
1346 5.231913379406688 5.245518828063247
1347 5.243266122117855 5.245518828063247
1348 5.241055189033238 5.245518828063247
1349 5.241786890823018 5.245518828063247
1350 5.245315956138297 5.245518828063247
1351 5.245315956138297 5.245518828063247
1352 5.246551227712965 5.245518828063247
1353 5.246111773090438 5.245518828063247
1354 5.244403338195797 5.245518828063247
1355 5.2381983973130835 5.245518828063247
1356 5.234450687848582 5.245518828063247
1357 5.234450687848582 5.245518828063247
1358 5.234450687848582 5.245518828063247
1359 5.234450687848582 5.245518828063247
1360 5.234450687848582 5.245518828063247
1361 5.233706285202347 5.245518828063247
1362 5.233706285202347 5.245518828063247
1363 5.233706285202347 5.245518828063247
1364 5.233706285202347 5.245518828063247
1365 5.22701183190388 5.245518828063247
1366 5.218892538621119 5.245518828063247
1367 5.209695522947353 5.245518828063247
1368 5.2023576987247155 5.245518828063247
1369 5.199228921232715 5.245518828063247
1370 5.199048773503788 5.245518828063247
1371 5.199048773503788 5.245518828063247
1372 5.199048773503788 5.245518828063247
1373 5.199048773503788 5.245518828063247
1374 5.1785746208364865 5.245518828063247
1375 5.159065301386256 5.234868507317707
1376 5.159065301386256 5.234868507317707
1377 5.159065301386256 5.234868507317707
1378 5.122128076978132 5.1979312829095825
1379 5.115277127949915 5.184480461569288
1380 5.115277127949915 5.184480461569288
1381 5.11304264892447 5.133137577029549
1382 5.11090009757578 5.119964894353666
1383 5.108226581118027 5.119964894353666
1384 5.108226581118027 5.106069425477466
1385 5.108226581118027 5.106069425477466
1386 5.1044466394498045 5.106069425477466
1387 5.093039300566717 5.094662086594381
1388 5.090015010940415 5.094662086594381
1389 5.069860283312197 5.094662086594381
1390 5.067107430228934 5.094662086594381
1391 5.067107430228934 5.094662086594381
1392 5.057302251940614 5.094662086594381
1393 5.06540193681993 5.094662086594381
1394 5.06151576766487 5.094662086594381
1395 5.06860194532781 5.094662086594381
1396 5.04293050305794 5.094662086594381
1397 5.03649449245213 5.094662086594381
1398 5.03649449245213 5.094662086594381
1399 5.02954675801403 5.094662086594381
1400 5.02954675801403 5.094662086594381
1401 5.02954675801403 5.094662086594381
1402 5.033117292605036 5.094662086594381
1403 5.037626319921288 5.094662086594381
1404 5.0389818400097415 5.094662086594381
1405 5.044874800065946 5.094662086594381
1406 5.042694870543823 5.094662086594381
1407 5.042694870543823 5.094662086594381
1408 5.0378496505398775 5.094662086594381
1409 5.0378496505398775 5.094662086594381
1410 5.025389952353999 5.094662086594381
1411 5.025389952353999 5.094662086594381
1412 5.025389952353999 5.094662086594381
1413 5.025389952353999 5.094662086594381
1414 5.024181946983578 5.094662086594381
1415 4.9844122975032015 5.05895539610664
1416 4.961203431123346 5.035746529726785
1417 4.918589908705901 4.993133007309339
1418 4.86420082151198 4.943745582405452
1419 4.810050074155764 4.898026819436735
1420 4.80973740040739 4.898026819436735
1421 4.80973740040739 4.898026819436735
1422 4.80973740040739 4.898026819436735
1423 4.809224199700877 4.897513618730223
1424 4.768779534210121 4.857068953239466
1425 4.768779534210121 4.857068953239466
1426 4.768779534210121 4.857068953239466
1427 4.768779534210121 4.857068953239466
1428 4.768779534210121 4.857068953239466
1429 4.7502030654801395 4.857068953239466
1430 4.73749106601169 4.857068953239466
1431 4.737451664908377 4.857068953239466
1432 4.708976809637658 4.857068953239466
1433 4.689682670899677 4.857068953239466
1434 4.689682670899677 4.857068953239466
1435 4.689682670899677 4.857068953239466
1436 4.688750770179036 4.857068953239466
1437 4.688750770179036 4.857068953239466
1438 4.688750770179036 4.857068953239466
1439 4.696785545708259 4.857068953239466
1440 4.703406100470295 4.857068953239466
1441 4.703406100470295 4.857068953239466
1442 4.703406100470295 4.857068953239466
1443 4.703406100470295 4.857068953239466
1444 4.711809659628486 4.857068953239466
1445 4.714113823404716 4.843680046642532
1446 4.7245797368146745 4.827441460077009
1447 4.7245797368146745 4.809047428729477
1448 4.728917111396701 4.794371780284203
1449 4.728917111396701 4.791345254314246
1450 4.73450156038681 4.791345254314246
1451 4.73450156038681 4.791345254314246
1452 4.73450156038681 4.791345254314246
1453 4.73450156038681 4.791345254314246
1454 4.73450156038681 4.791345254314246
1455 4.745137798060472 4.791345254314246
1456 4.745137798060472 4.791345254314246
1457 4.7480640897622415 4.791345254314246
1458 4.75829729382814 4.791345254314246
1459 4.75829729382814 4.789000322318161
1460 4.753806422477362 4.789000322318161
1461 4.746417361301517 4.78453136426727
1462 4.741209187325284 4.780847584498415
1463 4.733871363102646 4.775500551582907
1464 4.7323581001176676 4.775500551582907
1465 4.7323581001176676 4.775500551582907
1466 4.737178351639084 4.767940668246462
1467 4.751819893424614 4.767940668246462
1468 4.752016647000928 4.761892088993856
1469 4.770081375126603 4.726838296078764
1470 4.761685627769214 4.726838296078764
1471 4.755774281669541 4.726838296078764
1472 4.755774281669541 4.726838296078764
1473 4.7353717773012 4.726838296078764
1474 4.727973598500163 4.726838296078764
1475 4.727973598500163 4.726838296078764
1476 4.725739119474717 4.726838296078764
1477 4.720657265137707 4.726838296078764
1478 4.7094982212534955 4.726838296078764
1479 4.705409101242235 4.726838296078764
1480 4.705409101242235 4.726838296078764
1481 4.701629159574013 4.726838296078764
1482 4.700237352630323 4.726838296078764
1483 4.694948261698975 4.726838296078764
1484 4.674413220132866 4.726838296078764
1485 4.662833336513004 4.726838296078764
1486 4.661220279022707 4.726838296078764
1487 4.658804352397668 4.726838296078764
1488 4.655680339369233 4.726838296078764
1489 4.655680339369233 4.726838296078764
1490 4.655680339369233 4.707982756032589
1491 4.651764245298321 4.707982756032589
1492 4.651764245298321 4.707982756032589
1493 4.649768843777132 4.707982756032589
1494 4.649768843777132 4.707982756032589
1495 4.641040350427923 4.707982756032589
1496 4.641040350427923 4.707982756032589
1497 4.641040350427923 4.707982756032589
1498 4.641040350427923 4.697979431452522
1499 4.637876805050666 4.681115462677522
1500 4.622592082148293 4.680490115180776
1501 4.6211898929971555 4.680490115180776
1502 4.616244084846029 4.680490115180776
1503 4.607947697599616 4.680490115180776
1504 4.6042652908052215 4.680490115180776
1505 4.594240148932789 4.680490115180776
1506 4.558427660232562 4.645387985844151
1507 4.558427660232562 4.645387985844151
1508 4.558427660232562 4.645387985844151
1509 4.558427660232562 4.608235048384189
1510 4.558427660232562 4.5828110494472885
1511 4.558427660232562 4.5827322472406635
1512 4.558427660232562 4.562795517322339
1513 4.551730014816603 4.562795517322339
1514 4.543298030429103 4.562795517322339
1515 4.542985356680729 4.562795517322339
1516 4.542985356680729 4.562795517322339
1517 4.542985356680729 4.562795517322339
1518 4.554547519437308 4.562795517322339
1519 4.56191222124761 4.562795517322339
1520 4.56191222124761 4.562795517322339
1521 4.574748815892383 4.562795517322339
1522 4.59493447807806 4.562795517322339
1523 4.597508047577488 4.562795517322339
1524 4.578931578847507 4.562795517322339
1525 4.566219579379057 4.562795517322339
1526 4.566180178275744 4.562795517322339
1527 4.556211813316581 4.562795517322339
1528 4.556211813316581 4.562795517322339
1529 4.556211813316581 4.562795517322339
1530 4.556211813316581 4.562795517322339
1531 4.558078046285273 4.562795517322339
1532 4.561856455737785 4.562795517322339
1533 4.560924488209281 4.562795517322339
1534 4.558402472686019 4.562795517322339
1535 4.5472520166351265 4.562795517322339
1536 4.5472520166351265 4.562795517322339
1537 4.5435261652594825 4.562795517322339
1538 4.533093497145364 4.562795517322339
1539 4.530928981459585 4.562795517322339
1540 4.529094201826719 4.562795517322339
1541 4.518884555574487 4.562795517322339
1542 4.512211888799799 4.562795517322339
1543 4.509454458693224 4.562795517322339
1544 4.504972835067132 4.562795517322339
1545 4.504972835067132 4.562795517322339
1546 4.502991754922714 4.562795517322339
1547 4.501384388782589 4.562795517322339
1548 4.501384388782589 4.562795517322339
1549 4.501384388782589 4.562795517322339
1550 4.501384388782589 4.562795517322339
1551 4.501384388782589 4.562795517322339
1552 4.5016345138659855 4.562795517322339
1553 4.494180742596189 4.562795517322339
1554 4.494180742596189 4.562795517322339
1555 4.494180742596189 4.562795517322339
1556 4.492842648411541 4.562795517322339
1557 4.491131753755246 4.556315588417174
1558 4.483008398665545 4.547218712048327
1559 4.4841396879429825 4.542500693448095
1560 4.4841396879429825 4.542500693448095
1561 4.488955246141746 4.542500693448095
1562 4.492170905956335 4.539717079560715
1563 4.496395106054704 4.5351874769506235
1564 4.497165522689056 4.5291711867335
1565 4.497165522689056 4.506011419493775
1566 4.500657504386232 4.502785304513182
1567 4.500847072721156 4.497953451263104
1568 4.5085964190574765 4.494815708562729
1569 4.509486458739827 4.494815708562729
1570 4.5101542706232856 4.494815708562729
1571 4.5101542706232856 4.494815708562729
1572 4.509787719552042 4.494815708562729
1573 4.511134317468985 4.494815708562729
1574 4.5106388226322665 4.494815708562729
1575 4.510730113485938 4.494815708562729
1576 4.517454014999071 4.494815708562729
1577 4.516062208055381 4.494815708562729
1578 4.513797406750335 4.494815708562729
1579 4.515529857302324 4.494815708562729
1580 4.505013930838634 4.494815708562729
1581 4.5229967225265995 4.494815708562729
1582 4.525081039042227 4.494815708562729
1583 4.526293170669266 4.494815708562729
1584 4.526293170669266 4.494815708562729
1585 4.526293170669266 4.494815708562729
1586 4.526293170669266 4.494815708562729
1587 4.528331186433614 4.494815708562729
1588 4.528331186433614 4.494815708562729
1589 4.529898589687013 4.494815708562729
1590 4.53513302171641 4.494815708562729
1591 4.562165050638243 4.52000880048684
1592 4.5707569360989115 4.528600685947509
1593 4.575312111557913 4.528600685947509
1594 4.580055983449163 4.528600685947509
1595 4.59347709304703 4.536572279636068
1596 4.599585143790106 4.536572279636068
1597 4.599585143790106 4.536572279636068
1598 4.639280615238924 4.5762677510848855
1599 4.639280615238924 4.5762677510848855
1600 4.657672627647317 4.592912403106048
1601 4.660574900567932 4.607946215367145
1602 4.660574900567932 4.607946215367145
1603 4.683810337757102 4.6311816525563145
1604 4.69380848158992 4.6411797963891335
1605 4.7125340103938544 4.645138075428058
1606 4.728178999886362 4.659308134388768
1607 4.728178999886362 4.659308134388768
1608 4.732202426803681 4.659308134388768
1609 4.732202426803681 4.659308134388768
1610 4.732202426803681 4.659308134388768
1611 4.737879244463872 4.659308134388768
1612 4.746975229842025 4.659308134388768
1613 4.755113772082154 4.659308134388768
1614 4.755113772082154 4.659308134388768
1615 4.755113772082154 4.659308134388768
1616 4.756857048063388 4.659308134388768
1617 4.7483673808504925 4.659308134388768
1618 4.7483673808504925 4.659308134388768
1619 4.7483673808504925 4.659308134388768
1620 4.7483673808504925 4.659308134388768
1621 4.744151133072199 4.659308134388768
1622 4.744151133072199 4.659308134388768
1623 4.7348447768740485 4.659308134388768
1624 4.732756480724817 4.659308134388768
1625 4.729737383943274 4.659308134388768
1626 4.729737383943274 4.659308134388768
1627 4.729737383943274 4.659308134388768
1628 4.727900895849331 4.659308134388768
1629 4.705856356570266 4.659308134388768
1630 4.687983844621729 4.659308134388768
1631 4.678015347692944 4.659308134388768
1632 4.678015347692944 4.659308134388768
1633 4.678015347692944 4.659308134388768
1634 4.678015347692944 4.659308134388768
1635 4.677892788657889 4.659308134388768
1636 4.670026784704708 4.659308134388768
1637 4.664742346924699 4.659308134388768
1638 4.664742346924699 4.659308134388768
1639 4.664742346924699 4.659308134388768
1640 4.664742346924699 4.659308134388768
1641 4.664742346924699 4.659308134388768
1642 4.66312198088403 4.659308134388768
1643 4.655462931185574 4.659308134388768
1644 4.649812206941137 4.659308134388768
1645 4.650092376090728 4.659308134388768
1646 4.651513844028317 4.659308134388768
1647 4.638086041986039 4.659308134388768
1648 4.637005101730984 4.664624267219974
1649 4.637005101730984 4.664815362196502
1650 4.637005101730984 4.666150985963419
1651 4.63899309186446 4.666150985963419
1652 4.641102422059273 4.671897812726097
1653 4.644278508334215 4.68368788492883
1654 4.644278508334215 4.687414913855626
1655 4.644278508334215 4.687597495562969
1656 4.644278508334215 4.701045298589234
1657 4.644278508334215 4.701045298589234
1658 4.644278508334215 4.701045298589234
1659 4.644278508334215 4.701045298589234
1660 4.644278508334215 4.703173212901577
1661 4.644278508334215 4.71465992879503
1662 4.644278508334215 4.71465992879503
1663 4.653404701023387 4.71465992879503
1664 4.65659634253204 4.71465992879503
1665 4.652021902518259 4.71465992879503
1666 4.6469060306280685 4.71465992879503
1667 4.649779444009408 4.718735960323725
1668 4.654544789982443 4.718735960323725
1669 4.655500862433196 4.7218707668305235
1670 4.655592153286867 4.7285868224304775
1671 4.657149395597861 4.7285868224304775
1672 4.647209610312294 4.7285868224304775
1673 4.6456353740618965 4.737697173348481
1674 4.6456353740618965 4.74718491713098
1675 4.646699331218068 4.756548987705978
1676 4.652442689164795 4.756548987705978
1677 4.651005133427507 4.756548987705978
1678 4.64572824603154 4.745995212914044
1679 4.64492056996558 4.745995212914044
1680 4.642499572861745 4.7411532187063745
1681 4.600605900466218 4.686012901355175
1682 4.600605900466218 4.686012901355175
1683 4.599721813100862 4.686012901355175
1684 4.597671507651162 4.686012901355175
1685 4.597671507651162 4.686012901355175
1686 4.597671507651162 4.686012901355175
1687 4.59707550061413 4.686012901355175
1688 4.59707550061413 4.686012901355175
1689 4.596926276574682 4.686012901355175
1690 4.594827733224166 4.686012901355175
1691 4.590781109720054 4.686012901355175
1692 4.58821829896322 4.686012901355175
1693 4.583537975061168 4.686012901355175
1694 4.579923427677485 4.682398353971493
1695 4.579923427677485 4.682398353971493
1696 4.571615735006748 4.674090661300756
1697 4.571615735006748 4.674090661300756
1698 4.56621027695464 4.668685203248648
1699 4.56621027695464 4.668685203248648
1700 4.545633364909984 4.648108291203991
1701 4.545633364909984 4.639675795647406
1702 4.5306609856868665 4.624703416424289
1703 4.528144144783164 4.616269768522502
1704 4.4993723524010125 4.5833213838418825
1705 4.428981875823151 4.506892713700937
1706 4.428981875823151 4.506892713700937
1707 4.427190697578304 4.506892713700937
1708 4.421954904116993 4.50321973751305
1709 4.287658532197635 4.370980511436474
1710 4.230834441437612 4.306238776352725
1711 4.194000942294688 4.253019992499123
1712 4.15471919187199 4.214162999460158
1713 4.15471919187199 4.214162999460158
1714 4.153012908587877 4.214162999460158
1715 4.145533917288561 4.2139178813900475
1716 4.138211251958984 4.198185873483686
1717 4.134451299346295 4.187616997923668
1718 4.125064626174317 4.187616997923668
1719 4.118889958231589 4.187616997923668
1720 4.115870861450047 4.187616997923668
1721 4.115870861450047 4.187616997923668
1722 4.1010901162759525 4.18437626584233
1723 4.09440613149835 4.169058166445417
1724 4.052209765961154 4.164748568926857
1725 4.04296153899587 4.164748568926857
1726 4.032993042067086 4.164748568926857
1727 4.059199338001902 4.164748568926857
1728 4.077937085553927 4.164748568926857
1729 4.083901583167401 4.164748568926857
1730 4.083779024132346 4.164748568926857
1731 4.075913020179165 4.164748568926857
1732 4.070628582399156 4.164748568926857
1733 4.083342735688632 4.164748568926857
1734 4.081311686083996 4.164748568926857
1735 4.081311686083996 4.164748568926857
1736 4.076674439200707 4.164748568926857
1737 4.075054073160038 4.164748568926857
1738 4.0673950234615805 4.164748568926857
1739 4.0652402247023005 4.164748568926857
1740 4.0652402247023005 4.164748568926857
1741 4.063646353532853 4.164748568926857
1742 4.0535038691443415 4.164748568926857
1743 4.049557493086869 4.164748568926857
1744 4.0458170376829585 4.164748568926857
1745 4.0458170376829585 4.164748568926857
1746 4.0458170376829585 4.164748568926857
1747 4.0458170376829585 4.164748568926857
1748 4.0458170376829585 4.162489188670194
1749 4.023861447667619 4.160674304644905
1750 4.015314110400542 4.160674304644905
1751 4.004530767696148 4.150340986240625
1752 4.004530767696148 4.130461415669493
1753 4.004530767696148 4.127312943168699
1754 4.004530767696148 4.127312943168699
1755 4.004530767696148 4.127312943168699
1756 4.003431059178027 4.127312943168699
1757 3.9863762953558535 4.12443783169412
1758 3.9863762953558535 4.12443783169412
1759 3.9863762953558535 4.122822479562201
1760 3.984897001098831 4.122822479562201
1761 3.978637284994372 4.122822479562201
1762 3.9777737262773503 4.122822479562201
1763 3.972849869805186 4.121054304831489
1764 3.9719424277925417 4.116953693932089
1765 3.9719424277925417 4.116953693932089
1766 3.9641322394274443 4.116953693932089
1767 3.9453043465034217 4.115761679858027
1768 3.943730110253024 4.115761679858027
1769 3.943730110253024 4.115463231779129
1770 3.943730110253024 4.111266145078098
1771 3.9404301679369924 4.103172898069873
1772 3.9145405309771975 4.075328535610688
1773 3.9145405309771975 4.0659678878065835
1774 3.913732854911238 4.0659678878065835
1775 3.913732854911238 4.0659678878065835
1776 3.9129566978146633 4.0659678878065835
1777 3.9059672777950225 4.0659678878065835
1778 3.9013245285651186 4.0659678878065835
1779 3.896335573694102 4.0659678878065835
1780 3.896335573694102 4.0659678878065835
1781 3.8919175218918483 4.0659678878065835
1782 3.891321514854817 4.0659678878065835
1783 3.891321514854817 4.0659678878065835
1784 3.8911722908153683 4.0659678878065835
1785 3.8890737474648525 4.0659678878065835
1786 3.8850271239607403 4.0659678878065835
1787 3.8860094859161336 4.062385531316889
1788 3.8845523584920625 4.0519139443942676
1789 3.8874652758797645 4.0086290746991375
1790 3.886655777061321 4.001036094519595
1791 3.885300760193986 3.9939326762258105
1792 3.840891534978156 3.956190707134648
1793 3.839550749641478 3.956190707134648
1794 3.7993311748859826 3.9202374768366663
1795 3.7916472855878007 3.905279494238032
1796 3.73263509682865 3.8400544703763155
1797 3.703373906937766 3.8032733752600505
1798 3.703373906937766 3.790416835914181
1799 3.6997137095099335 3.7785838948993593
1800 3.6997137095099335 3.7785838948993593
1801 3.6997137095099335 3.7785838948993593
1802 3.6914662776908997 3.7490224045511695
1803 3.685802244800271 3.7393274111838517
1804 3.6503128277893824 3.6745199691142423
1805 3.6424713642803535 3.667737649597173
1806 3.6375346100395576 3.667737649597173
1807 3.624912311613467 3.667737649597173
1808 3.624912311613467 3.667737649597173
1809 3.6232060283293546 3.667737649597173
1810 3.615727037030038 3.667737649597173
1811 3.6126206194787547 3.667737649597173
1812 3.6088606668660645 3.667737649597173
1813 3.60243239719313 3.667737649597173
1814 3.6071788529528366 3.667737649597173
1815 3.6071788529528366 3.667737649597173
1816 3.6133520061004294 3.658463155830594
1817 3.6019083516321913 3.658463155830594
1818 3.6079969921892463 3.658463155830594
1819 3.5797096492049922 3.658463155830594
1820 3.5763184894464577 3.658463155830594
1821 3.5763184894464577 3.6552754134916983
1822 3.5763184894464577 3.634990444714675
1823 3.5763184894464577 3.6270976925997305
1824 3.5763184894464577 3.6270976925997305
1825 3.5763184894464577 3.6270976925997305
1826 3.5789203659586812 3.6270976925997305
1827 3.603497386281485 3.6270976925997305
1828 3.6369134579427094 3.6270976925997305
1829 3.638018955637987 3.6270976925997305
1830 3.6387270599666213 3.6270976925997305
1831 3.6480693213786055 3.6270976925997305
1832 3.6480693213786055 3.6270976925997305
1833 3.6480693213786055 3.6270976925997305
1834 3.6480693213786055 3.6270976925997305
1835 3.6480693213786055 3.6270976925997305
1836 3.648030780362721 3.6248982755634884
1837 3.638257190832349 3.5907887479191403
1838 3.6466101452058686 3.5907887479191403
1839 3.6382605751054067 3.5907887479191403
1840 3.6320892361747434 3.5878301594050956
1841 3.628266646336244 3.575310727196178
1842 3.613567964811162 3.5735836097621343
1843 3.6095978471940677 3.565995277074469
1844 3.609363215548502 3.565995277074469
1845 3.609363215548502 3.565995277074469
1846 3.6087168407613506 3.565995277074469
1847 3.602219872437488 3.565995277074469
1848 3.601312430424843 3.565995277074469
1849 3.6002191342217875 3.565995277074469
1850 3.592993733203625 3.565995277074469
1851 3.5918940246855042 3.565995277074469
1852 3.57483926086333 3.565995277074469
1853 3.5503026913803772 3.565995277074469
1854 3.555026917949795 3.565995277074469
1855 3.5544277870934438 3.565995277074469
1856 3.548168070988985 3.564442962881321
1857 3.547304512271963 3.550464122842039
1858 3.547441118385964 3.5429467991129435
1859 3.5506832957257357 3.5370695002703094
1860 3.5554971592060216 3.5370695002703094
1861 3.5554971592060216 3.5282333966658017
1862 3.5661564290371377 3.5282333966658017
1863 3.5709866884088193 3.5282333966658017
1864 3.5709866884088193 3.5282333966658017
1865 3.5709866884088193 3.5282333966658017
1866 3.5733864591190025 3.5282333966658017
1867 3.5733864591190025 3.5282333966658017
1868 3.5778154081821523 3.5282333966658017
1869 3.5778154081821523 3.5282333966658017
1870 3.5778154081821523 3.5282333966658017
1871 3.581465473230021 3.5282333966658017
1872 3.58086312795245 3.5282333966658017
1873 3.5678756018475264 3.525551825992445
1874 3.564183712929002 3.5101940039409687
1875 3.564183712929002 3.5060176455531047
1876 3.553965645189516 3.5060176455531047
1877 3.549604163854554 3.5060176455531047
1878 3.547264447776164 3.5060176455531047
1879 3.547264447776164 3.5060176455531047
1880 3.5447101471395004 3.5060176455531047
1881 3.5447101471395004 3.5060176455531047
1882 3.542777147818669 3.5060176455531047
1883 3.5421943214958973 3.5060176455531047
1884 3.545671070808141 3.5060176455531047
1885 3.545671070808141 3.5060176455531047
1886 3.5539097738329066 3.5060176455531047
1887 3.5580816497841408 3.5060176455531047
1888 3.5567408644474625 3.5060176455531047
1889 3.5490619534217243 3.5060176455531047
1890 3.5560548203819176 3.5060176455531047
1891 3.55652375369643 3.5060176455531047
1892 3.592989755060979 3.540669384916403
1893 3.6156658439743934 3.5503575243979726
1894 3.6205460015361517 3.572903337066134
1895 3.6296831097182807 3.572903337066134
1896 3.640361889618685 3.572903337066134
1897 3.640361889618685 3.5795775184778473
1898 3.640361889618685 3.5795775184778473
1899 3.640361889618685 3.5795775184778473
1900 3.6449954373551834 3.5795775184778473
1901 3.653360529996104 3.5795775184778473
1902 3.653360529996104 3.5795775184778473
1903 3.653360529996104 3.5795775184778473
1904 3.656861624559697 3.5795775184778473
1905 3.6553764077414996 3.5795775184778473
1906 3.6553764077414996 3.5795775184778473
1907 3.6553764077414996 3.606989003153585
1908 3.649743473608904 3.644590607147486
1909 3.652917293791215 3.644590607147486
1910 3.6501864820377374 3.644590607147486
1911 3.6328161856538124 3.644590607147486
1912 3.6259691041710145 3.644590607147486
1913 3.624172861352397 3.644590607147486
1914 3.624172861352397 3.644590607147486
1915 3.624172861352397 3.644590607147486
1916 3.621679075088192 3.644590607147486
1917 3.6112693843352406 3.644590607147486
1918 3.623155680925649 3.644590607147486
1919 3.624679903779727 3.644590607147486
1920 3.624679903779727 3.644590607147486
1921 3.624679903779727 3.644590607147486
1922 3.638385646117596 3.644590607147486
1923 3.669432225321314 3.644590607147486
1924 3.669432225321314 3.644590607147486
1925 3.669432225321314 3.644590607147486
1926 3.669432225321314 3.644590607147486
1927 3.669432225321314 3.644590607147486
1928 3.676611112325033 3.644590607147486
1929 3.680159244790994 3.644590607147486
1930 3.697117158778746 3.644590607147486
1931 3.7002602405891314 3.644590607147486
1932 3.6885816658761654 3.644590607147486
1933 3.6885816658761654 3.644590607147486
1934 3.6885816658761654 3.644590607147486
1935 3.6885816658761654 3.644590607147486
1936 3.6885816658761654 3.644590607147486
1937 3.6885816658761654 3.644590607147486
1938 3.6849106865073615 3.6524521520631525
1939 3.680743009379456 3.6589365067426955
1940 3.680743009379456 3.6589365067426955
1941 3.6697205391840555 3.6589365067426955
1942 3.6689101657030125 3.6589365067426955
1943 3.6655246364958503 3.6589365067426955
1944 3.6649951622421666 3.6589365067426955
1945 3.6649951622421666 3.6589365067426955
1946 3.6686781471248744 3.6589365067426955
1947 3.6758227742279805 3.6589365067426955
1948 3.6758227742279805 3.6589365067426955
1949 3.6758227742279805 3.6589365067426955
1950 3.6758227742279805 3.6589365067426955
1951 3.6758227742279805 3.6589365067426955
1952 3.680714021939938 3.6589365067426955
1953 3.687470408859585 3.6589365067426955
1954 3.6984280312734445 3.6589365067426955
1955 3.699755468020502 3.6589365067426955
1956 3.699755468020502 3.6589365067426955
1957 3.699755468020502 3.6589365067426955
1958 3.699755468020502 3.6589365067426955
1959 3.721417113927554 3.6695907640457612
1960 3.721417113927554 3.6695907640457612
1961 3.721417113927554 3.6695907640457612
1962 3.721417113927554 3.6695907640457612
1963 3.721417113927554 3.6695907640457612
1964 3.721417113927554 3.6695907640457612
1965 3.721417113927554 3.6695907640457612
1966 3.7232621407519595 3.6695907640457612
1967 3.734297902183929 3.6695907640457612
1968 3.7396976801347948 3.6695907640457612
1969 3.7396976801347948 3.6695907640457612
1970 3.7396976801347948 3.6695907640457612
1971 3.731492310406982 3.6695907640457612
1972 3.727348739981955 3.6705326795519477
1973 3.727348739981955 3.6965085784156377
1974 3.725689671263565 3.6965085784156377
1975 3.6935243219145306 3.712480632439407
1976 3.6935243219145306 3.712480632439407
1977 3.690067321512708 3.712480632439407
1978 3.6892220121697403 3.712480632439407
1979 3.686079996160788 3.712480632439407
1980 3.6682536026311903 3.7058022520856975
1981 3.668197742950475 3.7058022520856975
1982 3.668197742950475 3.7058022520856975
1983 3.668197742950475 3.7058022520856975
1984 3.6646651554714866 3.6987370771277197
1985 3.6553890259414556 3.6987370771277197
1986 3.6468376556498607 3.6987370771277197
1987 3.647308613402954 3.6987370771277197
1988 3.660296562834799 3.6987370771277197
1989 3.656731547741298 3.6987370771277197
1990 3.637042726488635 3.6987370771277197
1991 3.637042726488635 3.6987370771277197
1992 3.6335126292050415 3.6987370771277197
1993 3.632302298707624 3.6987370771277197
1994 3.632302298707624 3.6987370771277197
1995 3.6146507447380145 3.68108552315811
1996 3.5958750719119488 3.6623098503320444
1997 3.591409621346949 3.6587898357938666
1998 3.583761612375067 3.654273676058448
1999 3.583761612375067 3.654273676058448
2000 3.583761612375067 3.654273676058448
2001 3.5696298797386374 3.6401419434220186
2002 3.5696298797386374 3.6401419434220186
2003 3.5696298797386374 3.6401419434220186
2004 3.5696298797386374 3.6401419434220186
2005 3.5696298797386374 3.6401419434220186
2006 3.5696298797386374 3.6401419434220186
2007 3.566180597649283 3.6401419434220186
2008 3.564787448321032 3.6401419434220186
2009 3.564787448321032 3.6401419434220186
2010 3.5457063996933216 3.6401419434220186
2011 3.5457063996933216 3.6401419434220186
2012 3.5457063996933216 3.6401419434220186
2013 3.5457063996933216 3.6401419434220186
2014 3.5457063996933216 3.6401419434220186
2015 3.5457063996933216 3.6401419434220186
2016 3.5466213899011936 3.6401419434220186
2017 3.549346437526154 3.6401419434220186
2018 3.549346437526154 3.6401419434220186
2019 3.549346437526154 3.6401419434220186
2020 3.5477581701965097 3.6401419434220186
2021 3.5477581701965097 3.6401419434220186
2022 3.5477581701965097 3.6401419434220186
2023 3.552344075359132 3.6401419434220186
2024 3.554864108555982 3.6401419434220186
2025 3.554864108555982 3.6401419434220186
2026 3.5537941480750384 3.6401419434220186
2027 3.5537941480750384 3.6401419434220186
2028 3.5537941480750384 3.6401419434220186
2029 3.5537941480750384 3.6401419434220186
2030 3.5543834235393836 3.6401419434220186
2031 3.5656051001600635 3.6401419434220186
2032 3.5685421968792923 3.6401419434220186
2033 3.5685421968792923 3.6401419434220186
2034 3.5685421968792923 3.6401419434220186
2035 3.5685421968792923 3.6401419434220186
2036 3.5685421968792923 3.6401419434220186
2037 3.5685421968792923 3.6401419434220186
2038 3.568820129092465 3.6401419434220186
2039 3.5708948297961385 3.6401419434220186
2040 3.5848896467316136 3.6401419434220186
2041 3.589304411552035 3.6401419434220186
2042 3.6019902632873673 3.6401419434220186
2043 3.602224968358588 3.6401419434220186
2044 3.603706338668342 3.6401419434220186
2045 3.6076397839938954 3.6401419434220186
2046 3.6076397839938954 3.6401419434220186
2047 3.6076397839938954 3.6401419434220186
2048 3.605719356667533 3.6401419434220186
2049 3.605719356667533 3.6401419434220186
2050 3.605101691127891 3.6401419434220186
2051 3.5985223640485473 3.6401419434220186
2052 3.5985223640485473 3.6401419434220186
2053 3.5985223640485473 3.6401419434220186
2054 3.5985223640485473 3.636823805985239
2055 3.5985223640485473 3.636823805985239
2056 3.5985223640485473 3.636823805985239
2057 3.5931983569646166 3.629909805181593
2058 3.5621941806104265 3.6282191864956586
2059 3.5621941806104265 3.621935154477754
2060 3.5621941806104265 3.60125613255294
2061 3.5621941806104265 3.60114441319151
2062 3.5621941806104265 3.60114441319151
2063 3.556019233541357 3.60114441319151
2064 3.556019233541357 3.60114441319151
2065 3.5519702275010845 3.5825921541314485
2066 3.5519702275010845 3.565489413548259
2067 3.5519702275010845 3.565489413548259
2068 3.5519702275010845 3.565489413548259
2069 3.5503111587826948 3.5583593833612563
2070 3.5503111587826948 3.53250770259036
2071 3.5539619245928757 3.53250770259036
2072 3.552670064744828 3.53250770259036
2073 3.551824755401861 3.53250770259036
2074 3.5486827393929086 3.53250770259036
2075 3.5383432284305014 3.53250770259036
2076 3.5382873687497867 3.53250770259036
2077 3.5382873687497867 3.53250770259036
2078 3.5382873687497867 3.53250770259036
2079 3.5400774379758717 3.53250770259036
2080 3.5382129331373804 3.53250770259036
2081 3.5345977970089417 3.53250770259036
2082 3.5345977970089417 3.53250770259036
2083 3.5345977970089417 3.53250770259036
2084 3.5310327819154406 3.53250770259036
2085 3.5216869549736796 3.53250770259036
2086 3.5216869549736796 3.53250770259036
2087 3.5216869549736796 3.53250770259036
2088 3.5216869549736796 3.53250770259036
2089 3.5216869549736796 3.53250770259036
2090 3.5216869549736796 3.53250770259036
2091 3.5216869549736796 3.53250770259036
2092 3.5216869549736796 3.53250770259036
2093 3.5216869549736796 3.53250770259036
2094 3.5216869549736796 3.53250770259036
2095 3.5203419142097414 3.53250770259036
2096 3.5203419142097414 3.5326743414854205
2097 3.520973028460971 3.5326743414854205
2098 3.520973028460971 3.5326743414854205
2099 3.520973028460971 3.5326743414854205
2100 3.520973028460971 3.5326743414854205
2101 3.520973028460971 3.5326743414854205
2102 3.520973028460971 3.5326743414854205
2103 3.518332786995589 3.5326743414854205
2104 3.5158093337032845 3.5326743414854205
2105 3.5158093337032845 3.5326743414854205
2106 3.5158093337032845 3.5326743414854205
2107 3.5158093337032845 3.5326743414854205
2108 3.5158093337032845 3.5326743414854205
2109 3.5158093337032845 3.5326743414854205
2110 3.5186297960849497 3.5326743414854205
2111 3.520730506988766 3.5326743414854205
2112 3.520730506988766 3.5326743414854205
2113 3.520730506988766 3.5326743414854205
2114 3.520730506988766 3.5326743414854205
2115 3.5201115032680064 3.5326743414854205
2116 3.510637682603278 3.5326743414854205
2117 3.510637682603278 3.5326743414854205
2118 3.5093299202488897 3.5326743414854205
2119 3.5019963183767904 3.5326743414854205
2120 3.499931409882436 3.5326743414854205
2121 3.4976999163401663 3.5326743414854205
2122 3.4825065571307112 3.520873389120683
2123 3.457317600516239 3.495684432506211
2124 3.457317600516239 3.495684432506211
2125 3.457317600516239 3.495684432506211
2126 3.457317600516239 3.495684432506211
2127 3.457317600516239 3.495684432506211
2128 3.457317600516239 3.495684432506211
2129 3.453174067365382 3.495684432506211
2130 3.450884674076877 3.495684432506211
2131 3.446007603478022 3.495684432506211
2132 3.446007603478022 3.495684432506211
2133 3.446007603478022 3.495684432506211
2134 3.446007603478022 3.495684432506211
2135 3.446007603478022 3.495684432506211
2136 3.446007603478022 3.495684432506211
2137 3.446007603478022 3.4952997677866358
2138 3.4595385718978804 3.4472725538088342
2139 3.4595385718978804 3.4472725538088342
2140 3.449482069366877 3.4472725538088342
2141 3.446953602807645 3.4472725538088342
2142 3.44305281444974 3.4472725538088342
2143 3.4355673992351834 3.440771920530148
2144 3.4232392678186825 3.4284437891136466
2145 3.4232392678186825 3.4284437891136466
2146 3.4232392678186825 3.4284437891136466
2147 3.4232392678186825 3.4284437891136466
2148 3.4232392678186825 3.4284437891136466
2149 3.4232392678186825 3.4284437891136466
2150 3.4206849671820185 3.4284437891136466
2151 3.415332832834723 3.4284437891136466
2152 3.4127520784212395 3.4284437891136466
2153 3.388407235875436 3.4284437891136466
2154 3.3857414325423463 3.4284437891136466
2155 3.405539417541795 3.4284437891136466
2156 3.405539417541795 3.4284437891136466
2157 3.405539417541795 3.4284437891136466
2158 3.405539417541795 3.4284437891136466
2159 3.4118172844429333 3.4284437891136466
2160 3.4118172844429333 3.4284437891136466
2161 3.4132686673292634 3.4284437891136466
2162 3.413991211184822 3.4284437891136466
2163 3.4140813825113177 3.4284437891136466
2164 3.420326181396524 3.4284437891136466
2165 3.428129936233505 3.4284437891136466
2166 3.428129936233505 3.4284437891136466
2167 3.428129936233505 3.4284437891136466
2168 3.428129936233505 3.4284437891136466
2169 3.428129936233505 3.4284437891136466
2170 3.447540538098453 3.4284437891136466
2171 3.449877686291278 3.4284437891136466
2172 3.449877686291278 3.4284437891136466
2173 3.449877686291278 3.4284437891136466
2174 3.449877686291278 3.4284437891136466
2175 3.449877686291278 3.4257537075857707
2176 3.449877686291278 3.4257537075857707
2177 3.4499607014007903 3.4257537075857707
2178 3.4509547384957004 3.4257537075857707
2179 3.4509547384957004 3.4257537075857707
2180 3.4509547384957004 3.4257537075857707
2181 3.4509547384957004 3.4257537075857707
2182 3.4509547384957004 3.4257537075857707
2183 3.4576963977274198 3.4273128867372673
2184 3.4946093208152855 3.464791261013323
2185 3.5038459565796414 3.4740278967776783
2186 3.5038459565796414 3.4740278967776783
2187 3.5038459565796414 3.4740278967776783
2188 3.5038459565796414 3.4740278967776783
2189 3.5038459565796414 3.4740278967776783
2190 3.5038459565796414 3.4740278967776783
2191 3.438519153160038 3.438519153160038
2192 3.438519153160038 3.438519153160038
2193 3.321922209576183 3.321922209576183
2194 3.2421459853098433 3.2421459853098433
2195 3.093543008328325 3.093543008328325
2196 3.086718333928136 3.086718333928136
2197 3.086718333928136 3.086718333928136
2198 3.086718333928136 3.086718333928136
2199 3.086718333928136 3.086718333928136
2200 3.071711173766965 3.086718333928136
2201 3.0701321488828683 3.086718333928136
2202 3.0574899978426453 3.086718333928136
2203 3.045317810484199 3.086718333928136
2204 3.045317810484199 3.086718333928136
2205 3.036414562756829 3.086718333928136
2206 3.036414562756829 3.086718333928136
2207 3.024138987109351 3.074442758280658
2208 2.9508486025552494 3.074442758280658
2209 2.9182795473896945 3.074442758280658
2210 2.894295477762804 3.074442758280658
2211 2.894295477762804 3.074442758280658
2212 2.894295477762804 3.074442758280658
2213 2.886763977589294 3.074442758280658
2214 2.886763977589294 3.074442758280658
2215 2.8630046920243024 3.074442758280658
2216 2.8564634000895057 3.074442758280658
2217 2.846880071549524 3.074442758280658
2218 2.8410470136810444 3.074442758280658
2219 2.838575823872909 3.074442758280658
2220 2.838575823872909 3.074442758280658
2221 2.838575823872909 3.074442758280658
2222 2.8489221279136223 3.074442758280658
2223 2.8489221279136223 3.074442758280658
2224 2.846726505018535 3.074442758280658
2225 2.835667631212189 3.071534565619938
2226 2.8083896280362373 3.0519908712659145
2227 2.8083896280362373 3.0519908712659145
2228 2.794149946745444 3.04015340475178
2229 2.7792906812165183 3.025294139222855
2230 2.776516727652755 3.025294139222855
2231 2.7685458080514493 3.025294139222855
2232 2.7671017607151867 3.025294139222855
2233 2.7792906812165183 3.025294139222855
2234 2.787098511996469 3.025294139222855
2235 2.787098511996469 3.025294139222855
2236 2.787098511996469 3.025294139222855
2237 2.787098511996469 3.025294139222855
2238 2.787098511996469 3.025294139222855
2239 2.787098511996469 3.025294139222855
2240 2.7874325133821545 3.025294139222855
2241 2.7874325133821545 3.025294139222855
2242 2.7874325133821545 3.025294139222855
2243 2.7874325133821545 3.025294139222855
2244 2.7912874650465804 3.025294139222855
2245 2.810135712305522 3.025294139222855
2246 2.8249233354340366 3.025294139222855
2247 2.826296426371043 3.025294139222855
2248 2.826296426371043 3.025294139222855
2249 2.826296426371043 3.025294139222855
2250 2.826296426371043 3.025294139222855
2251 2.826296426371043 3.025294139222855
2252 2.826296426371043 3.025294139222855
2253 2.826296426371043 3.025294139222855
2254 2.826296426371043 3.025294139222855
2255 2.817291035488385 3.025294139222855
2256 2.817291035488385 3.025294139222855
2257 2.817117965214945 3.025294139222855
2258 2.817117965214945 3.025294139222855
2259 2.819298699359937 3.025294139222855
2260 2.819298699359937 3.025294139222855
2261 2.8219766132586686 3.025294139222855
2262 2.823115567392634 3.025294139222855
2263 2.823115567392634 3.025294139222855
2264 2.823115567392634 3.025294139222855
2265 2.823115567392634 3.025294139222855
2266 2.824160865082734 3.025294139222855
2267 2.824160865082734 3.025294139222855
2268 2.824160865082734 3.025294139222855
2269 2.824160865082734 3.025294139222855
2270 2.824160865082734 3.025294139222855
2271 2.824160865082734 3.025294139222855
2272 2.824160865082734 3.025294139222855
2273 2.824160865082734 3.025294139222855
2274 2.824160865082734 3.025294139222855
2275 2.8254831197706816 3.025294139222855
2276 2.8254831197706816 3.025294139222855
2277 2.8254831197706816 3.025294139222855
2278 2.8254831197706816 3.025294139222855
2279 2.8254831197706816 3.025294139222855
2280 2.8254831197706816 2.995279818900513
2281 2.824786740490325 2.99212176913232
2282 2.816161891277427 2.9668374670518736
2283 2.8115875201670324 2.9424930923349812
2284 2.8105199028861696 2.9424930923349812
2285 2.8093471094921996 2.924686596880241
2286 2.8116545451129005 2.924686596880241
2287 2.8116545451129005 2.924686596880241
2288 2.818623637494964 2.7781058277720376
2289 2.8255708822271712 2.712967717440928
2290 2.8255708822271712 2.664999578187147
2291 2.8255708822271712 2.664999578187147
2292 2.8255708822271712 2.664999578187147
2293 2.8255708822271712 2.649936577840127
2294 2.8230107968386102 2.649936577840127
2295 2.7935393179961405 2.6024180067101437
2296 2.7919602931120435 2.589335422840551
2297 2.7793181420718205 2.570168765760588
2298 2.7671459547133743 2.5585026500236276
2299 2.7671459547133743 2.553560270407357
2300 2.758242706986004 2.553560270407357
2301 2.758242706986004 2.553560270407357
2302 2.758242706986004 2.553560270407357
2303 2.679438952253188 2.553560270407357
2304 2.639406656300213 2.553560270407357
2305 2.609851325475964 2.553560270407357
2306 2.609851325475964 2.5495708875414542
2307 2.6082617757903406 2.5495708875414542
2308 2.588754110662612 2.5495708875414542
2309 2.5787034587392643 2.5495708875414542
2310 2.5486742520750165 2.5495708875414542
2311 2.5421329601402203 2.5495708875414542
2312 2.5325496316002387 2.5495708875414542
2313 2.5267165737317585 2.5495708875414542
2314 2.511264025373173 2.5495708875414542
2315 2.5090719029181865 2.5495708875414542
2316 2.5090719029181865 2.5495708875414542
2317 2.5090719029181865 2.5495708875414542
2318 2.5090719029181865 2.5495708875414542
2319 2.5062538376523116 2.5495708875414542
2320 2.50401714115486 2.5495708875414542
2321 2.5013876812301366 2.5495708875414542
2322 2.5013876812301366 2.5495708875414542
2323 2.487011413501956 2.5389469312743653
2324 2.4843733006795428 2.5375444058105607
2325 2.433665841588966 2.486836946719984
2326 2.41731128930418 2.4731806356546224
2327 2.4152157196159787 2.4731806356546224
2328 2.406343947488632 2.4662100133735807
2329 2.3293664642896363 2.3930787598844545
2330 2.3293664642896363 2.3930787598844545
2331 2.328287481173244 2.3930787598844545
2332 2.3267690383273525 2.3930787598844545
2333 2.3267690383273525 2.3930787598844545
2334 2.3256787618500994 2.3930787598844545
2335 2.3256787618500994 2.3924107571130833
2336 2.3237042013440394 2.3924107571130833
2337 2.3210469575497745 2.3924107571130833
2338 2.3376264278091865 2.3924107571130833
2339 2.3376264278091865 2.3924107571130833
2340 2.3376264278091865 2.3924107571130833
2341 2.338665930346352 2.3924107571130833
2342 2.3745517668460243 2.3924107571130833
2343 2.3770553643071253 2.3924107571130833
2344 2.4098592507722394 2.3924107571130833
2345 2.4117961724699457 2.3924107571130833
2346 2.4275515184942913 2.3924107571130833
2347 2.4275515184942913 2.3924107571130833
2348 2.4283267129138535 2.3924107571130833
2349 2.4283267129138535 2.3924107571130833
2350 2.4279927115281676 2.3924107571130833
2351 2.431069673446817 2.3924107571130833
2352 2.431069673446817 2.3924107571130833
2353 2.4569506654094484 2.3924107571130833
2354 2.4596929232520917 2.3924107571130833
2355 2.4644206643235163 2.3924107571130833
2356 2.554503199987061 2.4569153324125317
2357 2.572258517424147 2.4569153324125317
2358 2.586164396316267 2.470821211304652
2359 2.586164396316267 2.470821211304652
2360 2.586164396316267 2.470821211304652
2361 2.586164396316267 2.470821211304652
2362 2.586164396316267 2.470821211304652
2363 2.586164396316267 2.470821211304652
2364 2.586164396316267 2.470821211304652
2365 2.5892967787200005 2.470821211304652
2366 2.5892967787200005 2.470821211304652
2367 2.5892967787200005 2.470821211304652
2368 2.5902676537266 2.470821211304652
2369 2.69410656898386 2.5645942017700323
2370 2.7747434902632255 2.6439314543220886
2371 2.805707264836723 2.6439314543220886
2372 2.810934493788653 2.649158683274018
2373 2.810934493788653 2.649158683274018
2374 2.810934493788653 2.649158683274018
2375 2.810934493788653 2.649158683274018
2376 2.810934493788653 2.649158683274018
2377 2.810934493788653 2.649158683274018
2378 2.8151526340889346 2.649158683274018
2379 2.8151526340889346 2.649158683274018
2380 2.8151526340889346 2.649158683274018
2381 2.826936153507548 2.649158683274018
2382 2.82953159666629 2.649158683274018
2383 2.830441239877267 2.649158683274018
2384 2.87597118007952 2.649158683274018
2385 2.8824456455091627 2.649158683274018
2386 2.8824456455091627 2.649158683274018
2387 2.8824456455091627 2.649158683274018
2388 2.899549731174031 2.6662627689388865
2389 2.9134633409688893 2.6801763787337447
2390 2.9134633409688893 2.6801763787337447
2391 2.9134633409688893 2.6801763787337447
2392 2.9134633409688893 2.6801763787337447
2393 2.9134633409688893 2.6801763787337447
2394 2.9134633409688893 2.6801763787337447
2395 2.9134633409688893 2.6801763787337447
2396 2.9134633409688893 2.6801763787337447
2397 2.914322237519224 2.6801763787337447
2398 2.914322237519224 2.6801763787337447
2399 2.9197743557069424 2.6801763787337447
2400 2.9206118774282626 2.6801763787337447
2401 2.9214466027446413 2.6801763787337447
2402 2.935789110659381 2.6801763787337447
2403 2.935789110659381 2.6801763787337447
2404 2.9311409023902275 2.6801763787337447
2405 2.926209394583847 2.6801763787337447
2406 2.9245437015709745 2.6801763787337447
2407 2.9245437015709745 2.6801763787337447
2408 2.9245437015709745 2.6801763787337447
2409 2.9245437015709745 2.6801763787337447
2410 2.9245437015709745 2.6801763787337447
2411 2.9356010700337425 2.6801763787337447
2412 2.93953444652396 2.6839217145983234
2413 2.93953444652396 2.6839217145983234
2414 2.9446525603002036 2.6839217145983234
2415 2.9491276852499366 2.6839217145983234
2416 2.9491276852499366 2.6839217145983234
2417 2.9491276852499366 2.6839217145983234
2418 2.9491276852499366 2.6839217145983234
2419 2.942217835434737 2.6839217145983234
2420 2.942217835434737 2.6839217145983234
2421 2.942217835434737 2.6839217145983234
2422 2.942217835434737 2.6839217145983234
2423 2.942217835434737 2.6839217145983234
2424 2.942217835434737 2.7428132324265153
2425 2.942217835434737 2.746687075821928
2426 2.942217835434737 2.778197767870619
2427 2.936079661183267 2.778197767870619
2428 2.936079661183267 2.7797481567097426
2429 2.936079661183267 2.7797481567097426
2430 2.936079661183267 2.7797481567097426
2431 2.936079661183267 2.785902080547041
2432 2.936079661183267 2.785902080547041
2433 2.9357458084739605 2.837664064472304
2434 2.9357458084739605 2.8431485801575906
2435 2.9357458084739605 2.85260406230044
2436 2.9357458084739605 2.8790974497473814
2437 2.925201488888778 2.9146080846215536
2438 2.925201488888778 2.9146080846215536
2439 2.94847493861593 2.9146080846215536
2440 2.9494118589803 2.9146080846215536
2441 2.942250407873189 2.9146080846215536
2442 2.940238324577482 2.9146080846215536
2443 2.9380669293081256 2.9146080846215536
2444 2.9317758415611763 2.9146080846215536
2445 2.9317758415611763 2.9208728494290197
2446 2.934852803479826 2.9208728494290197
2447 2.934852803479826 2.9208728494290197
2448 2.960733795442457 2.9228145994422188
2449 2.9634760532851008 2.9429464490259787
2450 2.9682037943565254 2.945545786480597
2451 2.9787544851795595 3.0074733356275924
2452 2.9959879906968743 3.0074733356275924
2453 2.98985401124553 3.0074733356275924
2454 2.985860833321956 3.0074733356275924
2455 2.982795996338643 3.0074733356275924
2456 2.9833460515660435 3.0074733356275924
2457 2.9987929235074637 3.0074733356275924
2458 2.9987929235074637 3.0159096162281562
2459 2.999427280610068 3.0159096162281562
2460 3.002559663013801 3.0159096162281562
2461 3.002559663013801 3.0394766550653824
2462 3.002559663013801 3.0446675413828674
2463 3.0035305380204003 3.046486827804822
2464 3.0135964628122807 3.134002389570459
2465 3.0148961315395897 3.134002389570459
2466 3.0522400372092724 3.134002389570459
2467 3.070582531317365 3.134002389570459
2468 3.0811118519444602 3.134002389570459
2469 3.0982030888141976 3.139937177348151
2470 3.0983196117713288 3.139937177348151
2471 3.1044188786123583 3.139937177348151
2472 3.1044188786123583 3.139937177348151
2473 3.10863701891264 3.139937177348151
2474 3.10863701891264 3.139937177348151
2475 3.113589904904002 3.139937177348151
2476 3.125373424322615 3.139937177348151
2477 3.1308501050462656 3.139937177348151
2478 3.1342811465209404 3.139937177348151
2479 3.1810745241101905 3.139937177348151
2480 3.178038927403759 3.139937177348151
2481 3.1729704417696984 3.139937177348151
2482 3.1729704417696984 3.139937177348151
2483 3.166086684827524 3.139937177348151
2484 3.1571926211049406 3.139937177348151
2485 3.156254885571873 3.139937177348151
2486 3.153325349120403 3.139937177348151
2487 3.1456027273655685 3.139937177348151
2488 3.1430406237427264 3.139937177348151
2489 3.1375326901637455 3.139937177348151
2490 3.1375326901637455 3.139937177348151
2491 3.136924417357585 3.139937177348151
2492 3.1344764173814306 3.139937177348151
2493 3.1317970842337086 3.139937177348151
2494 3.1314860744486257 3.139937177348151
2495 3.125502165009291 3.139937177348151
2496 3.125502165009291 3.139937177348151
2497 3.125502165009291 3.139937177348151
2498 3.1126849870139965 3.139937177348151
2499 3.1126849870139965 3.139937177348151
2500 3.1126849870139965 3.139937177348151
2501 3.1114067567048838 3.139937177348151
2502 3.10968006015157 3.139937177348151
2503 3.1067799202172477 3.139937177348151
2504 3.1042826138922166 3.139937177348151
2505 3.1042826138922166 3.139937177348151
2506 3.1042826138922166 3.139937177348151
2507 3.1042826138922166 3.139937177348151
2508 3.1038457417845375 3.139937177348151
2509 3.1014292027581263 3.139937177348151
2510 3.0918435682847774 3.139937177348151
2511 3.083306480753966 3.133802131052244
2512 3.058887391083869 3.11279063616482
2513 3.0425822086703724 3.0980917006719872
2514 3.0425822086703724 3.0980917006719872
2515 3.0322552995775407 3.087764791579156
2516 3.0020311083713542 3.0575406003729695
2517 2.9809206006543727 3.036430092655988
2518 2.976976203287164 3.036430092655988
2519 2.9763908600087543 3.036430092655988
2520 2.9747445699579913 3.036430092655988
2521 2.9747445699579913 3.036430092655988
2522 2.9728497243165912 3.036430092655988
2523 2.9708205892810957 3.036430092655988
2524 2.96816996204128 3.036430092655988
2525 2.967442159489415 3.036430092655988
2526 2.9780263798606117 3.036430092655988
2527 2.9780263798606117 3.036430092655988
2528 2.9854827710514726 3.036430092655988
2529 2.9854827710514726 3.036430092655988
2530 2.9854827710514726 3.036430092655988
2531 2.9854827710514726 3.036430092655988
2532 2.9990160231964547 3.036430092655988
2533 2.999755012797505 3.036430092655988
2534 2.999755012797505 3.036430092655988
2535 3.0006389265055815 3.036430092655988
2536 3.010867953440213 3.036430092655988
2537 3.0129806608656713 3.036430092655988
2538 3.028842967878445 3.036430092655988
2539 3.0335664552184354 3.036430092655988
2540 3.0335664552184354 3.036430092655988
2541 3.0335664552184354 3.036430092655988
2542 3.0335664552184354 3.036430092655988
2543 3.0338931814683807 3.036430092655988
2544 3.043920122660688 3.036430092655988
2545 3.043920122660688 3.036430092655988
2546 3.046182581540667 3.036430092655988
2547 3.048293412022567 3.036430092655988
2548 3.048293412022567 3.036430092655988
2549 3.053365107411347 3.036430092655988
2550 3.058335956873167 3.036430092655988
2551 3.059469174628164 3.036430092655988
2552 3.0720851258100295 3.036430092655988
2553 3.0720851258100295 3.036430092655988
2554 3.0720851258100295 3.036430092655988
2555 3.0639513664006865 3.036430092655988
2556 3.0639513664006865 3.036430092655988
2557 3.0639513664006865 3.036430092655988
2558 3.061844786402263 3.036430092655988
2559 3.0568815822119078 3.036430092655988
2560 3.0557056125430395 3.036430092655988
2561 3.0557056125430395 3.036430092655988
2562 3.0531204968763057 3.036430092655988
2563 3.043479525474655 3.036430092655988
2564 3.043479525474655 3.0288133746808255
2565 3.0419591037596923 3.0269379036146895
2566 3.0419591037596923 3.02107883071175
2567 3.0419591037596923 3.0056335872020807
2568 3.034439739950373 3.0005093799563967
2569 3.028303068200138 2.9894935127984343
2570 3.027611823520121 2.9894935127984343
2571 3.027611823520121 2.988276967186114
2572 3.027611823520121 2.983380967233805
2573 3.027611823520121 2.9780223009383606
2574 3.027611823520121 2.9774002813681952
2575 3.027611823520121 2.973442751855007
2576 3.027611823520121 2.973442751855007
2577 3.027611823520121 2.973442751855007
2578 3.030952058204173 2.973442751855007
2579 3.0273988012795434 2.973442751855007
2580 3.0305076892505873 2.973442751855007
2581 3.027703560376365 2.973442751855007
2582 3.01998093862153 2.973442751855007
2583 3.017418834998688 2.973442751855007
2584 3.011910901419707 2.973442751855007
2585 3.009825625196245 2.973442751855007
2586 3.0092173523900847 2.973442751855007
2587 3.0067693524139303 2.973442751855007
2588 3.004090019266208 2.973442751855007
2589 3.0028466074679185 2.973442751855007
2590 3.0000491285293283 2.973442751855007
2591 3.0000491285293283 2.973442751855007
2592 3.0000491285293283 2.973442751855007
2593 3.0000491285293283 2.973442751855007
2594 3.0000491285293283 2.973442751855007
2595 3.001174974815337 2.973442751855007
2596 2.9989181891792054 2.973442751855007
2597 2.9989181891792054 2.973442751855007
2598 2.9989181891792054 2.973442751855007
2599 2.9989181891792054 2.973442751855007
2600 2.998566489238435 2.973442751855007
2601 2.9977439268042376 2.973442751855007
2602 3.0141432474256913 2.973442751855007
2603 3.0249300802147547 2.973442751855007
2604 3.0249300802147547 2.973442751855007
2605 3.039126411165308 2.9852225899419533
2606 3.039126411165308 2.9852225899419533
2607 3.039126411165308 2.9852225899419533
2608 3.0556003802099823 3.0016965589866276
2609 3.0556003802099823 3.0016965589866276
2610 3.0593412915372573 3.0054374703139026
2611 3.059593053894889 3.0054374703139026
2612 3.0612233581424553 3.0325039746038662
2613 3.062221363459839 3.0339819538059665
2614 3.062221363459839 3.0339819538059665
2615 3.067030389672257 3.03574978122212
2616 3.0738966367213347 3.0562078350913833
2617 3.0951608141676274 3.0658040778848656
2618 3.098229986420131 3.0838630562610305
2619 3.1016829261402465 3.0933100309410113
2620 3.108879236343316 3.0933100309410113
2621 3.1128247223703904 3.0933100309410113
2622 3.1138804671826046 3.0933100309410113
2623 3.1138804671826046 3.0933100309410113
2624 3.0916386955432364 3.0933100309410113
2625 3.0916386955432364 3.0933100309410113
2626 3.0916386955432364 3.0978349487009704
2627 3.1037862628473474 3.1020566096647704
2628 3.104525252448397 3.1020566096647704
2629 3.104525252448397 3.109877415620861
2630 3.098482214455651 3.109877415620861
2631 3.1087112413902824 3.109877415620861
2632 3.109134372661955 3.109877415620861
2633 3.112339285843686 3.109877415620861
2634 3.1168663095193416 3.109877415620861
2635 3.1157925784486213 3.109877415620861
2636 3.1136212264648346 3.109877415620861
2637 3.1112307700049993 3.109877415620861
2638 3.1050501107399198 3.109877415620861
2639 3.093389820757218 3.109877415620861
2640 3.090372956560329 3.109877415620861
2641 3.0926354154403084 3.109877415620861
2642 3.0887429013556686 3.109877415620861
2643 3.092471040619559 3.109877415620861
2644 3.091879009906263 3.109877415620861
2645 3.091879009906263 3.109877415620861
2646 3.091879009906263 3.109877415620861
2647 3.091879009906263 3.109877415620861
2648 3.0927481980916753 3.109877415620861
2649 3.097581861018539 3.109877415620861
2650 3.097581861018539 3.109877415620861
2651 3.10169674606544 3.109877415620861
2652 3.10169674606544 3.109877415620861
2653 3.10169674606544 3.109877415620861
2654 3.102741024943912 3.109877415620861
2655 3.102741024943912 3.109877415620861
2656 3.102741024943912 3.109877415620861
2657 3.102741024943912 3.109877415620861
2658 3.102741024943912 3.116557884988966
2659 3.1141420885509623 3.1170680891148685
2660 3.116825894955392 3.123150272577341
2661 3.113201795952122 3.123150272577341
2662 3.113201795952122 3.123150272577341
2663 3.113201795952122 3.123150272577341
2664 3.113201795952122 3.123150272577341
2665 3.113201795952122 3.123150272577341
2666 3.113201795952122 3.123150272577341
2667 3.113201795952122 3.123150272577341
2668 3.113201795952122 3.123150272577341
2669 3.105153663434801 3.123150272577341
2670 3.105153663434801 3.123150272577341
2671 3.105153663434801 3.123150272577341
2672 3.105153663434801 3.123150272577341
2673 3.1027766408592394 3.123150272577341
2674 3.103031742922191 3.123150272577341
2675 3.0968693413727477 3.123150272577341
2676 3.0968693413727477 3.123150272577341
2677 3.0968693413727477 3.123150272577341
2678 3.0968693413727477 3.123150272577341
2679 3.0968693413727477 3.123150272577341
2680 3.0968693413727477 3.123150272577341
2681 3.0922087882036178 3.1203717860134086
2682 3.0922087882036178 3.1203717860134086
2683 3.0860503203356466 3.119103715336258
2684 3.0860503203356466 3.119103715336258
2685 3.0860503203356466 3.119103715336258
2686 3.0860503203356466 3.119103715336258
2687 3.0860503203356466 3.119103715336258
2688 3.0708941648815378 3.119103715336258
2689 3.070310461604466 3.119103715336258
2690 3.069373692358519 3.119103715336258
2691 3.069373692358519 3.119103715336258
2692 3.069373692358519 3.119103715336258
2693 3.071825264654284 3.119103715336258
2694 3.071825264654284 3.119103715336258
2695 3.071825264654284 3.119103715336258
2696 3.071825264654284 3.119103715336258
2697 3.071825264654284 3.119103715336258
2698 3.0732180259166473 3.119103715336258
2699 3.0732180259166473 3.119103715336258
2700 3.074603071010551 3.119103715336258
2701 3.0809262446756547 3.119103715336258
2702 3.0766040821935867 3.119103715336258
2703 3.0766040821935867 3.119103715336258
2704 3.0766040821935867 3.119103715336258
2705 3.0766040821935867 3.119103715336258
2706 3.0766040821935867 3.119103715336258
2707 3.0766040821935867 3.119103715336258
2708 3.0762553260337953 3.119103715336258
2709 3.072338744985418 3.119103715336258
2710 3.0592071000442815 3.109877415620861
2711 3.0579120980253616 3.108582413601941
2712 3.0579120980253616 3.108582413601941
2713 3.0579120980253616 3.09808844115583
2714 3.0579120980253616 3.0976955138271602
2715 3.0549506798386084 3.0976955138271602
2716 3.051712447948444 3.093352809859587
2717 3.0339166124748944 3.072228850058315
2718 3.0339166124748944 3.0598675315281563
2719 3.0329433752360417 3.0520096361354003
2720 3.0314763783615604 3.0520096361354003
2721 3.0314763783615604 3.0520096361354003
2722 3.0314763783615604 3.0520096361354003
2723 3.0307396391250334 3.0520096361354003
2724 3.029012090296156 3.0520096361354003
2725 3.0288882359463356 3.0520096361354003
2726 3.0333087833400727 3.0520096361354003
2727 3.0363332576824495 3.0520096361354003
2728 3.0310862714593942 3.0520096361354003
2729 3.035654125397631 3.0520096361354003
2730 3.035654125397631 3.0520096361354003
2731 3.0334827734138443 3.0520096361354003
2732 3.0325617307488137 3.0520096361354003
2733 3.028846458920634 3.0520096361354003
2734 3.029012715079687 3.0520096361354003
2735 3.029012715079687 3.0520096361354003
2736 3.029012715079687 3.0520096361354003
2737 3.030710292769768 3.0520096361354003
2738 3.0322671218797117 3.0520096361354003
2739 3.033557114421989 3.0520096361354003
2740 3.0341996231282486 3.0520096361354003
2741 3.044014673279786 3.0520096361354003
2742 3.044014673279786 3.0520096361354003
2743 3.044014673279786 3.0520096361354003
2744 3.044014673279786 3.0520096361354003
2745 3.044014673279786 3.0520096361354003
2746 3.049366784680867 3.0520096361354003
2747 3.05469457642908 3.0520096361354003
2748 3.054806709196154 3.0520096361354003
2749 3.054806709196154 3.035913371100758
2750 3.038655658011233 3.035913371100758
2751 3.038655658011233 3.035913371100758
2752 3.038655658011233 3.035913371100758
2753 3.038655658011233 3.035913371100758
2754 3.038655658011233 3.035913371100758
2755 3.0321367291889967 3.0343030637507367
2756 3.022090233174705 3.024256567736445
2757 3.022090233174705 3.024256567736445
2758 3.022090233174705 3.024256567736445
2759 3.022090233174705 3.024256567736445
2760 3.022090233174705 3.024256567736445
2761 2.977661137294719 2.979827471856459
2762 2.8452785242922047 2.8474448588539447
2763 2.838344685885382 2.8376640644723037
2764 2.8286776762958046 2.8376640644723037
2765 2.8186171472261963 2.8376640644723037
2766 2.8186171472261963 2.8376640644723037
2767 2.8186171472261963 2.8376640644723037
2768 2.8131224205465024 2.8270159246958224
2769 2.8101417593072755 2.8270159246958224
2770 2.8020150915130912 2.8270159246958224
2771 2.8020150915130912 2.8270159246958224
2772 2.8020150915130912 2.8270159246958224
2773 2.8020150915130912 2.8270159246958224
2774 2.8020150915130912 2.8270159246958224
2775 2.7907965294628734 2.8270159246958224
2776 2.7701212730907465 2.8270159246958224
2777 2.7804998789301885 2.8270159246958224
2778 2.7756094817393677 2.8270159246958224
2779 2.7756094817393677 2.8270159246958224
2780 2.7756094817393677 2.8270159246958224
2781 2.7746806881014026 2.8270159246958224
2782 2.7746806881014026 2.8270159246958224
2783 2.7693566182131617 2.8270159246958224
2784 2.7693566182131617 2.8270159246958224
2785 2.7693566182131617 2.8270159246958224
2786 2.7693566182131617 2.8270159246958224
2787 2.7693566182131617 2.8270159246958224
2788 2.77213271089672 2.8270159246958224
2789 2.774257369577086 2.8270159246958224
2790 2.778816766464531 2.8270159246958224
2791 2.7878387451797684 2.8270159246958224
2792 2.792499625344936 2.8270159246958224
2793 2.798499913369822 2.8270159246958224
2794 2.8122694363818237 2.8270159246958224
2795 2.8142405372628607 2.8270159246958224
2796 2.8142405372628607 2.8270159246958224
2797 2.8142405372628607 2.8270159246958224
2798 2.8142405372628607 2.8270159246958224
2799 2.8142405372628607 2.8270159246958224
2800 2.8163585036612737 2.8270159246958224
2801 2.8166827579220346 2.8270159246958224
2802 2.821496770595814 2.8270159246958224
2803 2.821496770595814 2.8270159246958224
2804 2.821496770595814 2.8270159246958224
2805 2.8282391046015047 2.8270159246958224
2806 2.8240268364654235 2.8270159246958224
2807 2.8240268364654235 2.8270159246958224
2808 2.8240268364654235 2.8270159246958224
2809 2.8209088822183532 2.8270159246958224
2810 2.8193305941480844 2.8270159246958224
2811 2.8163041156450697 2.8270159246958224
2812 2.8163041156450697 2.8270159246958224
2813 2.826777582418285 2.8270159246958224
2814 2.826777582418285 2.8270159246958224
2815 2.8374858574168194 2.8270159246958224
2816 2.843697357063452 2.8270159246958224
2817 2.849633478331216 2.8270159246958224
2818 2.849633478331216 2.8270159246958224
2819 2.849633478331216 2.8270159246958224
2820 2.849633478331216 2.8270159246958224
2821 2.849633478331216 2.8270159246958224
2822 2.849633478331216 2.8270159246958224
2823 2.849633478331216 2.8270159246958224
2824 2.849633478331216 2.8270159246958224
2825 2.849633478331216 2.8270159246958224
2826 2.8523431000110797 2.8270159246958224
2827 2.856431241422708 2.8270159246958224
2828 2.8712661013692857 2.8270159246958224
2829 2.8712661013692857 2.8270159246958224
2830 2.8712661013692857 2.8270159246958224
2831 2.88401592797902 2.8270159246958224
2832 2.888101188480169 2.8270159246958224
2833 2.899856569911275 2.8270159246958224
2834 2.901636911590263 2.8270159246958224
2835 2.9121279613650213 2.8270159246958224
2836 2.9131532533010747 2.8270159246958224
2837 2.9211172871480757 2.8314802400679726
2838 2.9211172871480757 2.8314802400679726
2839 2.9211172871480757 2.8314802400679726
2840 2.9211172871480757 2.8314802400679726
2841 2.9211172871480757 2.8314802400679726
2842 2.9211172871480757 2.8314802400679726
2843 2.9211172871480757 2.8314802400679726
2844 2.922749501868692 2.8314802400679726
2845 2.9274501506929234 2.8314802400679726
2846 2.927848980875888 2.8314802400679726
2847 2.933626548929075 2.8314802400679726
2848 2.9402491623040854 2.838102853442983
2849 2.950049348131022 2.838102853442983
2850 2.9554816606298897 2.838102853442983
2851 3.0366753315764585 2.919296524389552
2852 3.126996479213576 3.0096176720266694
2853 3.126996479213576 3.0096176720266694
2854 3.126996479213576 3.0096176720266694
2855 3.126996479213576 3.0096176720266694
2856 3.126996479213576 3.0096176720266694
2857 3.1293062452181495 3.0565620297551432
2858 3.134337560213567 3.0565620297551432
2859 3.1383376455501772 3.0565620297551432
2860 3.1383376455501772 3.0565620297551432
2861 3.1383376455501772 3.0565620297551432
2862 3.1383376455501772 3.0565620297551432
2863 3.1383376455501772 3.0565620297551432
2864 3.1383376455501772 3.0565620297551432
2865 3.1462638780126153 3.0565620297551432
2866 3.1745637412493757 3.0565620297551432
2867 3.1572488211360463 3.0565620297551432
2868 3.149972503799555 3.0565620297551432
2869 3.149972503799555 3.0608113471158744
2870 3.149972503799555 3.0608113471158744
2871 3.1463404786588276 3.0608113471158744
2872 3.1698126575230647 3.0678142627103338
2873 3.1698126575230647 3.0678142627103338
2874 3.1679766639591245 3.0942252766709966
2875 3.1679766639591245 3.098167478433071
2876 3.1503389682833047 3.098167478433071
2877 3.1502476774296335 3.098167478433071
2878 3.1502476774296335 3.098167478433071
2879 3.1502476774296335 3.098167478433071
2880 3.138409253333766 3.102403411229896
2881 3.138409253333766 3.1030519197514184
2882 3.138409253333766 3.1085305436916295
2883 3.13665562930876 3.1085305436916295
2884 3.136118247048301 3.1085305436916295
2885 3.125851217529421 3.1085305436916295
2886 3.125851217529421 3.1085305436916295
2887 3.1293526753266505 3.1085305436916295
2888 3.129064047239944 3.1085305436916295
2889 3.1402397731106495 3.1085305436916295
2890 3.141433268388089 3.1085305436916295
2891 3.141433268388089 3.1085305436916295
2892 3.141433268388089 3.1085305436916295
2893 3.141433268388089 3.1085305436916295
2894 3.141433268388089 3.1085305436916295
2895 3.1435512347865013 3.1085305436916295
2896 3.1438754890472627 3.1085305436916295
2897 3.146614801017368 3.1085305436916295
2898 3.150867902502299 3.1085305436916295
2899 3.1535566786889464 3.1085305436916295
2900 3.148259183179154 3.1085305436916295
2901 3.1479669563779087 3.1085305436916295
2902 3.1475295109469617 3.1085305436916295
2903 3.1466507754201007 3.1085305436916295
2904 3.1464317653316307 3.1085305436916295
2905 3.1464317653316307 3.1085305436916295
2906 3.1405653909385856 3.1139497870513573
2907 3.1405653909385856 3.1221260698746143
2908 3.1405653909385856 3.151795789767769
2909 3.139578807179907 3.151795789767769
2910 3.1376935035438733 3.151795789767769
2911 3.136595478221154 3.177295442987238
2912 3.132236040351616 3.177295442987238
2913 3.1314279588399705 3.185331082828899
2914 3.1271421395933614 3.1888917661868756
2915 3.1271421395933614 3.1888917661868756
2916 3.1271421395933614 3.1888917661868756
2917 3.1271421395933614 3.1888917661868756
2918 3.121205597372222 3.1888917661868756
2919 3.120678059721314 3.1888917661868756
2920 3.1247636314764744 3.1888917661868756
2921 3.1349456620314795 3.1888917661868756
2922 3.1409425931056916 3.1888917661868756
2923 3.155877513089626 3.1888917661868756
2924 3.155877513089626 3.1921561956281077
2925 3.155877513089626 3.201557493276571
2926 3.1686273396993605 3.2023551536425003
2927 3.1690767780226534 3.213910289748873
2928 3.173094597943484 3.213910289748873
2929 3.1748749396224722 3.233510661402747
2930 3.1748749396224722 3.2443752864004827
2931 3.1748749396224722 3.2443752864004827
2932 3.17736351282901 3.2443752864004827
2933 3.1851006466869425 3.2443752864004827
2934 3.1871600556878894 3.2443752864004827
2935 3.1949183828461205 3.2443752864004827
2936 3.1972846596634397 3.2443752864004827
2937 3.1984676271703982 3.24899481840963
2938 3.1984676271703982 3.2590574484004646
2939 3.1968577968745437 3.267057619073685
2940 3.199125593836219 3.267057619073685
2941 3.1931731674790305 3.267057619073685
2942 3.1926576233864883 3.267057619073685
2943 3.1926576233864883 3.267057619073685
2944 3.202457809213425 3.267057619073685
2945 3.1741977464992646 3.232761223340879
2946 3.1741977464992646 3.232761223340879
2947 3.1741977464992646 3.1981313831142213
2948 3.1741977464992646 3.183578748441238
2949 3.1741977464992646 3.183578748441238
2950 3.1741977464992646 3.183578748441238
2951 3.1741977464992646 3.176314698159783
2952 3.1713292679478124 3.176314698159783
2953 3.1700326362759874 3.176314698159783
2954 3.161488273325591 3.1726427110319038
2955 3.1560487281934115 3.1726427110319038
2956 3.1560487281934115 3.1529551284144888
2957 3.1538179931888632 3.152772546707147
2958 3.1372980661497634 3.136252619668047
2959 3.1361215933904103 3.136252619668047
2960 3.1238168252393956 3.136252619668047
2961 3.1235914985003923 3.136252619668047
2962 3.106276578387064 3.136252619668047
2963 3.099000261050572 3.136252619668047
2964 3.099000261050572 3.1309285377863976
2965 3.0974172616411955 3.1103944787486366
2966 3.093785236500468 3.1103944787486366
2967 3.093558273252923 3.1103944787486366
2968 3.093558273252923 3.109817222575224
2969 3.091722279688983 3.1057576603559722
2970 3.091722279688983 3.104202449148776
2971 3.0818784883802754 3.104202449148776
2972 3.0817871975266047 3.104202449148776
2973 3.0904218800770886 3.104202449148776
2974 3.0904218800770886 3.104202449148776
2975 3.0904218800770886 3.104202449148776
2976 3.090762247726669 3.104202449148776
2977 3.090762247726669 3.104202449148776
2978 3.090762247726669 3.104202449148776
2979 3.0881002067858443 3.104202449148776
2980 3.077833177266964 3.104202449148776
2981 3.077833177266964 3.103617995546285
2982 3.0702299556948693 3.103617995546285
2983 3.069941327608163 3.1018605244925626
2984 3.0650680203734515 3.100048459345867
2985 3.057501798737276 3.093259843313289
2986 3.057501798737276 3.0905136614392763
2987 3.057501798737276 3.0905136614392763
2988 3.057501798737276 3.0905136614392763
2989 3.057501798737276 3.0905136614392763
2990 3.057501798737276 3.0905136614392763
2991 3.0568205994057296 3.0905136614392763
2992 3.0540770876477357 3.0905136614392763
2993 3.051883584774261 3.0905136614392763
2994 3.0461362052180867 3.0905136614392763
2995 3.0461362052180867 3.0905136614392763
2996 3.0418974721631624 3.0905136614392763
2997 3.0402041904117008 3.0905136614392763
2998 3.0393254548848394 3.0905136614392763
2999 3.0393254548848394 3.0905136614392763
3000 3.039456860932543 3.0905136614392763
3001 3.0380837699955365 3.0905136614392763
3002 3.0380837699955365 3.0905136614392763
3003 3.0380837699955365 3.0905136614392763
3004 3.0380837699955365 3.0905136614392763
3005 3.0380837699955365 3.0905136614392763
3006 3.0380837699955365 3.0905136614392763
3007 3.0103927143372933 3.0629540118287366
3008 3.00424395043209 3.0568052479235335
3009 3.00424395043209 3.0568052479235335
3010 2.98972956720302 3.0448524874967564
3011 2.98751241298483 3.0439876847444114
3012 2.98751241298483 3.0439876847444114
3013 2.98751241298483 3.0439876847444114
3014 2.98751241298483 3.0439876847444114
3015 2.98751241298483 3.0439876847444114
3016 2.9851591630107954 3.0439876847444114
3017 2.98025827724007 3.0439876847444114
3018 2.979622952882902 3.0439876847444114
3019 2.978858426293197 3.0439876847444114
3020 2.978858426293197 3.0439876847444114
3021 2.9775789966839517 3.0439876847444114
3022 2.975518191609144 3.0439876847444114
3023 2.97770723469651 3.0439876847444114
3024 2.97770723469651 3.0439876847444114
3025 2.97770723469651 3.0439876847444114
3026 2.9790022016207205 3.0439876847444114
3027 2.982705973067005 3.0439876847444114
3028 2.982705973067005 3.0439876847444114
3029 2.9888015062720603 3.0439876847444114
3030 2.9934358083324666 3.0439876847444114
3031 2.9938553888505357 3.0439876847444114
3032 3.006105185590763 3.0382507276415076
3033 3.0062399928196966 3.0356574642978575
3034 3.0062399928196966 3.0185687383970645
3035 3.0077048407606695 3.007689648132706
3036 3.0077048407606695 3.007689648132706
3037 3.008108826843732 3.003228178123609
3038 3.008108826843732 3.003228178123609
3039 3.008108826843732 3.000875232604903
3040 3.008108826843732 2.976265696302874
3041 3.008108826843732 2.975815042824868
3042 3.008108826843732 2.975815042824868
3043 3.0138286826223935 2.975815042824868
3044 3.0156630724039726 2.975815042824868
3045 3.0156630724039726 2.972875852810185
3046 3.0156630724039726 2.972875852810185
3047 3.011748019848939 2.972875852810185
3048 3.0104513881771138 2.972875852810185
3049 3.0019070252267173 2.972875852810185
3050 2.9953696495916375 2.972875852810185
3051 2.990929473676146 2.972875852810185
3052 2.982156371526474 2.972875852810185
3053 2.982156371526474 2.972875852810185
3054 2.9795159605940658 2.972875852810185
3055 2.96632623576677 2.972875852810185
3056 2.9661009090277672 2.972875852810185
3057 2.972230813321347 2.972875852810185
3058 2.9737093784985844 2.972875852810185
3059 2.9750570906573035 2.972875852810185
3060 2.973587495649962 2.972875852810185
3061 2.9814062709841487 2.972875852810185
3062 2.9895617005724757 2.972875852810185
3063 2.9895617005724757 2.972875852810185
3064 3.039849713737624 3.020427860555503
3065 3.0449779638212187 3.025556110639098
3066 3.051063231631346 3.0316413784492253
3067 3.051063231631346 3.0316413784492253
3068 3.051063231631346 3.0316413784492253
3069 3.0547728916424313 3.0316413784492253
3070 3.055953686280493 3.0316413784492253
3071 3.0602361683646837 3.0316413784492253
3072 3.0678393899367786 3.0316413784492253
3073 3.0678393899367786 3.0316413784492253
3074 3.0683381432194086 3.0316413784492253
3075 3.0683381432194086 3.0316413784492253
3076 3.0773900126187326 3.0316413784492253
3077 3.081205060424338 3.0316413784492253
3078 3.0839116060403455 3.0316413784492253
3079 3.0962428726809708 3.0316413784492253
3080 3.097243541128385 3.0316413784492253
3081 3.096940938710968 3.0316413784492253
3082 3.096940938710968 3.0316413784492253
3083 3.096940938710968 3.0316413784492253
3084 3.093280848936868 3.0316413784492253
3085 3.0858402824353184 3.0316413784492253
3086 3.0805696930937834 3.0316413784492253
3087 3.0805696930937834 3.0316413784492253
3088 3.0805696930937834 3.0316413784492253
3089 3.0805696930937834 3.0316413784492253
3090 3.0805696930937834 3.0316413784492253
3091 3.0805696930937834 3.0316413784492253
3092 3.0794090596257093 3.0316413784492253
3093 3.075422108335176 3.0316413784492253
3094 3.068957783888377 3.0316413784492253
3095 3.066851621473564 3.0316413784492253
3096 3.066851621473564 3.0316413784492253
3097 3.066004163034936 3.0316413784492253
3098 3.065153822079064 3.0316413784492253
3099 3.063872862829096 3.0316413784492253
3100 3.0542730795954625 3.0316413784492253
3101 3.0542730795954625 3.0316413784492253
3102 3.0542730795954625 3.0316413784492253
3103 3.0585730753477622 3.0316413784492253
3104 3.0783229455927645 3.0316413784492253
3105 3.0783229455927645 3.0316413784492253
3106 3.0783229455927645 3.0342313122976465
3107 3.0783229455927645 3.041638855190217
3108 3.0783229455927645 3.041638855190217
3109 3.0804637769433447 3.0419215806713154
3110 3.082821173005919 3.046703614309645
3111 3.0849239891418923 3.047542775345782
3112 3.106582098657227 3.0845707924009913
3113 3.106582098657227 3.084840406858859
3114 3.1390695886613527 3.117327896862985
3115 3.1390695886613527 3.117327896862985
3116 3.1390695886613527 3.117327896862985
3117 3.1842584469815645 3.161141307357132
3118 3.1985572391387285 3.166781712227702
3119 3.203914977538307 3.166781712227702
3120 3.203914977538307 3.166781712227702
3121 3.2052099444625175 3.166781712227702
3122 3.2259414681150504 3.1838094644339496
3123 3.2259414681150504 3.187829855969102
3124 3.248682906601001 3.2104299317145037
3125 3.251073923420166 3.2104299317145037
3126 3.2577959099019336 3.2104299317145037
3127 3.276746296156249 3.2104299317145037
3128 3.2966438906789453 3.226770765421201
3129 3.3093122282196137 3.226770765421201
3130 3.3125222421095266 3.226770765421201
3131 3.312616033144204 3.226770765421201
3132 3.3260823508186634 3.226770765421201
3133 3.3260823508186634 3.226770765421201
3134 3.3260823508186634 3.226770765421201
3135 3.330842720317131 3.226770765421201
3136 3.332409577813735 3.226770765421201
3137 3.332409577813735 3.226770765421201
3138 3.340336702143645 3.226770765421201
3139 3.340336702143645 3.226770765421201
3140 3.340336702143645 3.226770765421201
3141 3.3653134484539033 3.2477124543992897
3142 3.3714906693208886 3.2477124543992897
3143 3.38900218671567 3.2652239717940708
3144 3.394030086129087 3.270251871207488
3145 3.4179227138755355 3.294144498953936
3146 3.434569608963054 3.306996714373194
3147 3.516644990543975 3.3890720959541154
3148 3.516644990543975 3.3890720959541154
3149 3.517205259707554 3.3964914159762856
3150 3.517205259707554 3.398853005252409
3151 3.517205259707554 3.4074179694207913
3152 3.5184016250469847 3.4226244125649803
3153 3.523910189109756 3.4226244125649803
3154 3.525152427690553 3.42362191913024
3155 3.525152427690553 3.42362191913024
3156 3.5398160799756395 3.441725657928888
3157 3.5438010940716502 3.4446006059550713
3158 3.5495566417206414 3.4446006059550713
3159 3.5511670659982575 3.4446006059550713
3160 3.5646838713158266 3.4446006059550713
3161 3.5658053931861513 3.4446006059550713
3162 3.553066221062709 3.4446006059550713
3163 3.553066221062709 3.4446006059550713
3164 3.5579510371268297 3.4446006059550713
3165 3.5591318317648915 3.4446006059550713
3166 3.564071689983839 3.4446006059550713
3167 3.5744820960318466 3.4446006059550713
3168 3.614077725624014 3.4652759256606243
3169 3.614576478906644 3.4652759256606243
3170 3.6238998134902776 3.4745992602442577
3171 3.68251986613416 3.5241674434888157
3172 3.708010251644416 3.548220354985981
3173 3.7260516914882906 3.566261794829855
3174 3.759684445050189 3.59964253224138
3175 3.761378941307711 3.59964253224138
3176 3.762066012321055 3.59964253224138
3177 3.7659650887556246 3.59964253224138
3178 3.7699252056769463 3.59964253224138
3179 3.7699252056769463 3.59964253224138
3180 3.7699252056769463 3.59964253224138
3181 3.7699252056769463 3.59964253224138
3182 3.7699252056769463 3.59964253224138
3183 3.779879127090285 3.59964253224138
3184 3.795799475279173 3.59964253224138
3185 3.8345970712978765 3.62383279930843
3186 3.8550621190565053 3.6318140506536625
3187 3.8550621190565053 3.6318140506536625
3188 3.8550621190565053 3.6318140506536625
3189 3.8550621190565053 3.636095713354823
3190 3.8550621190565053 3.640810505479971
3191 3.8550621190565053 3.6450161377519175
3192 3.8550621190565053 3.6489559032111307
3193 3.8550621190565053 3.6489559032111307
3194 3.8550621190565053 3.6489559032111307
3195 3.8593771684854303 3.6489559032111307
3196 3.8602887902613334 3.6489559032111307
3197 3.869226713002294 3.653322743195508
3198 3.869226713002294 3.6706395177686955
3199 3.869226713002294 3.6813549945678528
3200 3.86281430492478 3.6813549945678528
3201 3.8467572651845554 3.6813549945678528
3202 3.835335141953462 3.6813549945678528
3203 3.832174847049467 3.6813549945678528
3204 3.8343156784000474 3.6813549945678528
3205 3.836673074462621 3.6813549945678528
3206 3.8387758905985945 3.693959806495251
3207 3.840745773328201 3.7140162476953407
3208 3.840745773328201 3.720860154869472
3209 3.840745773328201 3.746196829950809
3210 3.840745773328201 3.7526168577306347
3211 3.836646322758762 3.7528044397999896
3212 3.8350361683935965 3.7789291029827843
3213 3.8422360966725755 3.7789291029827843
3214 3.8475938350721544 3.7789291029827843
3215 3.8475938350721544 3.78844984197972
3216 3.856085488972407 3.7915835569729266
3217 3.858292697824537 3.7915835569729266
3218 3.858292697824537 3.8034174140975954
3219 3.858292697824537 3.8034174140975954
3220 3.858292697824537 3.8034174140975954
3221 3.8726550123603944 3.8114875287619343
3222 3.8826832329604395 3.823841970495905
3223 3.886105186547505 3.823841970495905
3224 3.8987735240881736 3.823841970495905
3225 3.9019835379780865 3.823841970495905
3226 3.902562452062792 3.8314313298324265
3227 3.9156247836541898 3.8314313298324265
3228 3.9156247836541898 3.8314313298324265
3229 3.9186356590670712 3.832551868159583
3230 3.9267257115256093 3.832551868159583
3231 3.936198978989475 3.832551868159583
3232 3.9383868711772108 3.8349445988384456
3233 3.9510257410314633 3.8459617269639885
3234 3.9605426908164407 3.8484462041255822
3235 3.963307058995997 3.8484462041255822
3236 3.9690544517895603 3.877773508695755
3237 3.9752316726565455 3.8857435368877766
3238 3.9752316726565455 3.897254632185759
3239 3.9752316726565455 3.900475480740991
3240 3.98174727842767 3.927509091376129
3241 3.985541958095931 3.929752135116778
3242 3.985541958095931 3.929752135116778
3243 3.9885605533141115 3.929752135116778
3244 4.024166712756005 3.962181743871567
3245 4.034570297438364 3.9725853285539268
3246 4.034570297438364 3.973900080823439
3247 4.058653351279739 4.002401138277209
3248 4.064161915342511 4.017113725909626
3249 4.065404153923307 4.017113725909626
3250 4.065404153923307 4.017113725909626
3251 4.080067806208394 4.017113725909626
3252 4.08787225159839 4.017113725909626
3253 4.094915712357494 4.017113725909626
3254 4.101328057225061 4.017617758210373
3255 4.114844862542629 4.021006750725417
3256 4.1171020125824445 4.022380892752105
3257 4.12163337410532 4.030179045621244
3258 4.12463546421707 4.0380992794638875
3259 4.12463546421707 4.0380992794638875
3260 4.12463546421707 4.0380992794638875
3261 4.125292840351825 4.0380992794638875
3262 4.127198426735664 4.0380992794638875
3263 4.133098876903578 4.058007122290565
3264 4.146392665110289 4.100784165134684
3265 4.146392665110289 4.12999882303799
3266 4.146392665110289 4.1549664158647825
3267 4.146392665110289 4.1549664158647825
3268 4.146392665110289 4.1549664158647825
3269 4.146644681260662 4.1549664158647825
3270 4.148339177518184 4.1549664158647825
3271 4.149026248531529 4.1549664158647825
3272 4.152925324966098 4.1549664158647825
3273 4.162438205683817 4.1549664158647825
3274 4.169630223227928 4.1549664158647825
3275 4.169630223227928 4.1560411598056985
3276 4.169630223227928 4.1560411598056985
3277 4.169630223227928 4.1560411598056985
3278 4.207946672892311 4.184403688056743
3279 4.24138399234466 4.201920659320203
3280 4.271025798605741 4.2169551366296325
3281 4.3314177085591075 4.2648632501696015
3282 4.334795929447335 4.268241471057829
3283 4.334795929447335 4.268241471057829
3284 4.334795929447335 4.268241471057829
3285 4.334795929447335 4.268241471057829
3286 4.384957290261269 4.318402831871763
3287 4.435507395252944 4.353928510577214
3288 4.437711285548843 4.353928510577214
3289 4.437711285548843 4.353928510577214
3290 4.440053218380616 4.353928510577214
3291 4.480777472139021 4.387730136942498
3292 4.494232312786757 4.387730136942498
3293 4.502353676572879 4.387730136942498
3294 4.514693687428712 4.387730136942498
3295 4.524371200274535 4.387730136942498
3296 4.529543895011335 4.404713444743003
3297 4.53409595671698 4.409127862447262
3298 4.536260472402759 4.409127862447262
3299 4.54013651903675 4.409127862447262
3300 4.542853793716481 4.409127862447262
3301 4.5476871216841195 4.409127862447262
3302 4.5476871216841195 4.409127862447262
3303 4.5476871216841195 4.409127862447262
3304 4.5476871216841195 4.409127862447262
3305 4.5476871216841195 4.409127862447262
3306 4.542953606998586 4.409127862447262
3307 4.536126825718409 4.409127862447262
3308 4.525631927710847 4.409127862447262
3309 4.524787734519402 4.409127862447262
3310 4.524787734519402 4.409127862447262
3311 4.531975037634733 4.409127862447262
3312 4.539038863710577 4.413503646822734
3313 4.539038863710577 4.426947529406571
3314 4.543300258032896 4.445981428976525
3315 4.5056633686037575 4.451510165335638
3316 4.5056633686037575 4.454934836258426
3317 4.5056633686037575 4.454934836258426
3318 4.5056633686037575 4.454934836258426
3319 4.5056633686037575 4.454934836258426
3320 4.5056633686037575 4.459267545385082
3321 4.5056633686037575 4.459267545385082
3322 4.5056633686037575 4.459267545385082
3323 4.5056633686037575 4.459267545385082
3324 4.5056633686037575 4.459267545385082
3325 4.5056633686037575 4.459267545385082
3326 4.5056633686037575 4.459267545385082
3327 4.493623264809205 4.459267545385082
3328 4.499029294178259 4.459267545385082
3329 4.504533316710608 4.459267545385082
3330 4.507767830773906 4.459267545385082
3331 4.509480166235299 4.459267545385082
3332 4.509480166235299 4.4669064079730525
3333 4.503230718506805 4.469482234193277
3334 4.501828423628911 4.4790860753731785
3335 4.5054918598011255 4.4790860753731785
3336 4.509720489088217 4.48135733171216
3337 4.509720489088217 4.490420054757911
3338 4.509720489088217 4.49642423498141
3339 4.509720489088217 4.49642423498141
3340 4.509720489088217 4.49642423498141
3341 4.509720489088217 4.49642423498141
3342 4.515064558745543 4.49642423498141
3343 4.515064558745543 4.49642423498141
3344 4.515064558745543 4.49642423498141
3345 4.515064558745543 4.49642423498141
3346 4.515064558745543 4.49642423498141
3347 4.518883990039528 4.49642423498141
3348 4.52017190314964 4.49642423498141
3349 4.524973823739591 4.49642423498141
3350 4.524973823739591 4.49642423498141
3351 4.515522209305461 4.49642423498141
3352 4.5200535708283365 4.49642423498141
3353 4.524799347171854 4.507529762574205
3354 4.524799347171854 4.521913797662425
3355 4.536284324697387 4.521913797662425
3356 4.536284324697387 4.521913797662425
3357 4.53716103792464 4.521913797662425
3358 4.524914263285115 4.521913797662425
3359 4.524914263285115 4.521913797662425
3360 4.524914263285115 4.521913797662425
3361 4.524914263285115 4.521913797662425
3362 4.524914263285115 4.521913797662425
3363 4.524914263285115 4.521913797662425
3364 4.524914263285115 4.521913797662425
3365 4.522489861925619 4.521913797662425
3366 4.510184989261718 4.521913797662425
3367 4.510184989261718 4.551962650234874
3368 4.501141544024318 4.556370430826673
3369 4.5027293418397925 4.556370430826673
3370 4.493021877450453 4.559979552549302
3371 4.493021877450453 4.573824807335543
3372 4.491656471262542 4.600734488631015
3373 4.489859613299982 4.604291414200453
3374 4.488956317949574 4.604291414200453
3375 4.488956317949574 4.604291414200453
3376 4.488956317949574 4.604291414200453
3377 4.488556765363327 4.604291414200453
3378 4.488556765363327 4.604291414200453
3379 4.488556765363327 4.604291414200453
3380 4.497974074636606 4.604291414200453
3381 4.503207473748581 4.604291414200453
3382 4.518231900034806 4.604291414200453
3383 4.524858463853965 4.604291414200453
3384 4.539525319572598 4.604291414200453
3385 4.549478014608467 4.604291414200453
3386 4.560064770845493 4.594824384829386
3387 4.5783073952876965 4.581170822269032
3388 4.580085858072416 4.565597172748605
3389 4.582628996050627 4.565597172748605
3390 4.585664241751533 4.565597172748605
3391 4.595992684516881 4.565597172748605
3392 4.595992684516881 4.565597172748605
3393 4.598625442503374 4.565597172748605
3394 4.601931723754994 4.565597172748605
3395 4.602603875582159 4.565597172748605
3396 4.602603875582159 4.565597172748605
3397 4.602603875582159 4.565597172748605
3398 4.602603875582159 4.565597172748605
3399 4.602603875582159 4.565597172748605
3400 4.602603875582159 4.565597172748605
3401 4.597870360896625 4.565597172748605
3402 4.588945401427665 4.565597172748605
3403 4.574270030656455 4.565597172748605
3404 4.574270030656455 4.565597172748605
3405 4.573262043801542 4.565597172748605
3406 4.573262043801542 4.565597172748605
3407 4.573262043801542 4.53714118078403
3408 4.573262043801542 4.534509356938299
3409 4.573262043801542 4.526483502433045
3410 4.5731889123106 4.526483502433045
3411 4.57906813467775 4.526483502433045
3412 4.580942402056702 4.526483502433045
3413 4.583832879337188 4.522631439012223
3414 4.588760628752961 4.530993842296009
3415 4.592692706719626 4.53885799822934
3416 4.592692706719626 4.53885799822934
3417 4.592692706719626 4.53885799822934
3418 4.592692706719626 4.53885799822934
3419 4.592692706719626 4.53885799822934
3420 4.595263423458523 4.53885799822934
3421 4.597332839922968 4.53885799822934
3422 4.587916552683007 4.542811298249012
3423 4.608333392569207 4.557146510263797
3424 4.618044082509265 4.557841739366857
3425 4.619086578062794 4.557841739366857
3426 4.62785564900482 4.56324019388218
3427 4.640270729669544 4.572981452267717
3428 4.640270729669544 4.572981452267717
3429 4.640270729669544 4.572981452267717
3430 4.640270729669544 4.572981452267717
3431 4.640270729669544 4.572981452267717
3432 4.640270729669544 4.572981452267717
3433 4.640270729669544 4.572981452267717
3434 4.640270729669544 4.572981452267717
3435 4.640270729669544 4.572981452267717
3436 4.642772675108694 4.572981452267717
3437 4.644109576690343 4.572981452267717
3438 4.644109576690343 4.572981452267717
3439 4.644109576690343 4.572981452267717
3440 4.644109576690343 4.572981452267717
3441 4.644109576690343 4.572981452267717
3442 4.643476878529126 4.572981452267717
3443 4.636314032725853 4.572981452267717
3444 4.636314032725853 4.572981452267717
3445 4.62809526457114 4.572981452267717
3446 4.624307875932381 4.572981452267717
3447 4.624307875932381 4.572981452267717
3448 4.624307875932381 4.572981452267717
3449 4.624307875932381 4.572981452267717
3450 4.624307875932381 4.572981452267717
3451 4.620310204387209 4.572981452267717
3452 4.619904360142236 4.572981452267717
3453 4.619904360142236 4.572981452267717
3454 4.619904360142236 4.572981452267717
3455 4.617256980570152 4.572981452267717
3456 4.611584272001887 4.572981452267717
3457 4.610930912462709 4.572981452267717
3458 4.608619228871765 4.572981452267717
3459 4.6096870725455545 4.572981452267717
3460 4.614247562039008 4.572981452267717
3461 4.614247562039008 4.572981452267717
3462 4.614247562039008 4.572981452267717
3463 4.614247562039008 4.581826799314236
3464 4.623705729278647 4.599481800620605
3465 4.650771918335494 4.632801344680422
3466 4.684774282892523 4.666803709237451
3467 4.695717870020589 4.673194169559537
3468 4.706299497955093 4.683775797494041
3469 4.707280139681564 4.689842715176933
3470 4.707280139681564 4.695913206578746
3471 4.707280139681564 4.716570092109443
3472 4.707280139681564 4.716570092109443
3473 4.707280139681564 4.721835608082427
3474 4.719443254373702 4.728448170585667
3475 4.719443254373702 4.728555847984597
3476 4.719443254373702 4.728555847984597
3477 4.723120137847824 4.728555847984597
3478 4.727542811371083 4.728555847984597
3479 4.736370312024268 4.728555847984597
3480 4.790048611349057 4.746096503110667
3481 4.754859801920597 4.746096503110667
3482 4.754859801920597 4.746096503110667
3483 4.754859801920597 4.746096503110667
3484 4.757402939898808 4.746096503110667
3485 4.768362722394151 4.754021039905105
3486 4.793303146221785 4.768633020967391
3487 4.793303146221785 4.768633020967391
3488 4.806998155785693 4.7796952725448065
3489 4.810304437037313 4.7796952725448065
3490 4.810358275736778 4.7796952725448065
3491 4.810358275736778 4.7796952725448065
3492 4.810358275736778 4.7796952725448065
3493 4.810358275736778 4.7796952725448065
3494 4.810358275736778 4.7796952725448065
3495 4.810358275736778 4.7796952725448065
3496 4.843741123892909 4.7796952725448065
3497 4.854605752853255 4.7796952725448065
3498 4.871461714001113 4.787366727154442
3499 4.8827585052183675 4.787366727154442
3500 4.883602480774059 4.7925081606322335
3501 4.883602480774059 4.796646993561124
3502 4.920077791100619 4.833122303887684
3503 4.929789140839566 4.854996909369461
3504 4.9416186808967435 4.874655499520408
3505 4.976828878977193 4.909865697600857
3506 4.976828878977193 4.909865697600857
3507 4.982710516991675 4.91574733561534
3508 4.985270362131253 4.918307180754916
3509 5.005897159090505 4.938933977714169
3510 5.014909250394302 4.938933977714169
3511 5.014909250394302 4.938933977714169
3512 5.014909250394302 4.938933977714169
3513 5.0328945702665395 4.956919297586406
3514 5.054332335782366 4.968908894156824
3515 5.061220774361489 4.968908894156824
3516 5.065520862170744 4.968908894156824
3517 5.0789896891220465 4.968908894156824
3518 5.085071316993461 4.968908894156824
3519 5.088985842040345 4.968908894156824
3520 5.094038089216552 4.968908894156824
3521 5.094038089216552 4.968908894156824
3522 5.094038089216552 4.968908894156824
3523 5.094038089216552 4.968908894156824
3524 5.094038089216552 4.968908894156824
3525 5.094038089216552 4.968908894156824
3526 5.094038089216552 4.968908894156824
3527 5.094038089216552 4.968908894156824
3528 5.094038089216552 4.968908894156824
3529 5.093108587216299 4.968908894156824
3530 5.088979644386286 4.968908894156824
3531 5.076167180591905 4.968908894156824
3532 5.076167180591905 4.968908894156824
3533 5.076167180591905 4.968908894156824
3534 5.08083251905124 4.968908894156824
3535 5.083848010823988 4.968908894156824
3536 5.085059391173997 4.968908894156824
3537 5.085059391173997 4.968908894156824
3538 5.085059391173997 4.968908894156824
3539 5.085059391173997 4.968908894156824
3540 5.085059391173997 4.968908894156824
3541 5.089011399109159 4.968908894156824
3542 5.090490216856423 4.968908894156824
3543 5.090490216856423 4.968908894156824
3544 5.090490216856423 4.968908894156824
3545 5.092206936823849 4.968908894156824
3546 5.10082956334623 4.968908894156824
3547 5.1072730014379735 4.978015147768784
3548 5.1072730014379735 4.978015147768784
3549 5.1072730014379735 4.978015147768784
3550 5.108519886815733 4.978015147768784
3551 5.112786749133182 4.978015147768784
3552 5.112786749133182 4.978015147768784
3553 5.112786749133182 4.978015147768784
3554 5.1121748898890615 5.000962328297486
3555 5.107054872972255 5.000962328297486
3556 5.107054872972255 5.000962328297486
3557 5.107054872972255 5.000962328297486
3558 5.107054872972255 5.000962328297486
3559 5.107054872972255 5.000962328297486
3560 5.107054872972255 5.000962328297486
3561 5.107054872972255 5.000962328297486
3562 5.10275598168592 5.000962328297486
3563 5.099853449378605 5.000962328297486
3564 5.099853449378605 5.000962328297486
3565 5.099853449378605 5.000962328297486
3566 5.0918271177200225 5.000962328297486
3567 5.086673348105677 5.000962328297486
3568 5.084134203053335 5.000962328297486
3569 5.0956077933176855 5.000962328297486
3570 5.0956077933176855 5.000962328297486
3571 5.0956077933176855 5.000962328297486
3572 5.094629318487401 5.000962328297486
3573 5.093160962491114 5.000962328297486
3574 5.093160962491114 5.000962328297486
3575 5.093160962491114 5.000962328297486
3576 5.077468123143002 5.067728024609748
3577 5.077468123143002 5.089457282530441
3578 5.077468123143002 5.107826295606887
3579 5.077468123143002 5.130419878041394
3580 5.077468123143002 5.132107829152778
3581 5.077468123143002 5.132107829152778
3582 5.042327286152982 5.132107829152778
3583 5.042327286152982 5.132107829152778
3584 5.042327286152982 5.132107829152778
3585 4.992068581471932 5.050777248771908
3586 4.989412913943851 5.050777248771908
3587 4.9852638441616035 5.050777248771908
3588 4.9838325425420935 5.050777248771908
3589 4.981953843416472 5.050777248771908
3590 4.981953843416472 5.050777248771908
3591 5.006861303653682 5.050777248771908
3592 5.006861303653682 5.050777248771908
3593 5.006861303653682 5.050777248771908
3594 5.006378760216899 5.050777248771908
3595 5.006378760216899 5.050777248771908
3596 4.995594282582562 5.050777248771908
3597 4.976346309334699 5.050777248771908
3598 4.976346309334699 5.050777248771908
3599 4.976346309334699 5.050777248771908
3600 4.997811631986297 5.050777248771908
3601 4.997811631986297 5.050777248771908
3602 4.997811631986297 5.050777248771908
3603 4.997811631986297 5.050777248771908
3604 4.993676636570957 5.050777248771908
3605 4.993676636570957 5.050777248771908
3606 4.993676636570957 5.050777248771908
3607 4.999666904119631 5.050777248771908
3608 4.999666904119631 5.050777248771908
3609 5.003923740199685 5.0489182447714
3610 5.005397279771609 5.040660359111375
3611 5.006446352804461 5.0369812742176165
3612 5.008164304278229 5.0369812742176165
3613 5.008164304278229 5.0369812742176165
3614 5.028984802548883 5.0369812742176165
3615 5.028984802548883 5.0369812742176165
3616 5.029592683846737 5.0369812742176165
3617 5.03123016656267 5.0369812742176165
3618 5.032150977916744 5.0369812742176165
3619 5.031567010211828 5.0369812742176165
3620 5.016543694520671 5.0369812742176165
3621 5.016543694520671 5.0369812742176165
3622 5.016543694520671 5.0369812742176165
3623 5.016543694520671 5.0369812742176165
3624 5.015614192520417 5.0369812742176165
3625 5.011485249690404 5.0369812742176165
3626 5.009333011768112 5.0369812742176165
3627 5.009333011768112 5.0369812742176165
3628 5.005502183588261 5.0369812742176165
3629 4.980996613267395 5.0369812742176165
3630 4.969863048114508 5.0369812742176165
3631 4.964146844485569 5.0369812742176165
3632 4.9583823644813565 5.0369812742176165
3633 4.9583823644813565 5.0369812742176165
3634 4.956028476090644 5.0369812742176165
3635 4.956028476090644 5.0369812742176165
3636 4.956028476090644 5.0369812742176165
3637 4.956028476090644 5.0369812742176165
3638 4.956339013705619 5.0369812742176165
3639 4.958911935214756 5.0369812742176165
3640 4.963376943629387 5.0369812742176165
3641 4.963376943629387 5.0369812742176165
3642 4.963376943629387 5.0369812742176165
3643 4.963376943629387 5.0369812742176165
3644 4.963376943629387 5.0369812742176165
3645 4.976041808811691 5.0369812742176165
3646 4.976315989460931 5.02092861090045
3647 4.988865142160145 5.010621071671758
3648 4.999393636031581 5.0055427815670726
3649 5.011052891680816 5.0055427815670726
3650 5.013350395436738 5.0055427815670726
3651 5.013958287273665 5.0055427815670726
3652 5.021425857102895 5.003585831906505
3653 5.021425857102895 5.00064911991393
3654 5.021425857102895 5.00064911991393
3655 5.021425857102895 5.00064911991393
3656 5.021425857102895 4.986107394372576
3657 5.021425857102895 4.986107394372576
3658 5.021425857102895 4.986107394372576
3659 5.021425857102895 4.986107394372576
3660 5.021425857102895 4.986107394372576
3661 5.013399525444312 4.986107394372576
3662 5.008245755829966 4.986107394372576
3663 4.996248982741689 4.986107394372576
3664 4.996248982741689 4.986107394372576
3665 4.996248982741689 4.983174834646377
3666 4.996248982741689 4.977863499590216
3667 4.995270507911405 4.969565360025721
3668 4.9938021519151174 4.966702756786701
3669 4.9938021519151174 4.962945358535457
3670 4.995705004173059 4.962945358535457
3671 4.9992823711649965 4.962945358535457
3672 5.000636233733211 4.962945358535457
3673 5.000636233733211 4.962945358535457
3674 5.008417858990116 4.96198027166189
3675 5.014232074531183 4.96198027166189
3676 5.015464663165737 4.958787922429554
3677 5.01717446123574 4.962207518569562
3678 5.023321944714768 4.962207518569562
e
0 1.1786242266374942
1 1.1934678196807886
2 1.2384611837845083
3 1.3203148021859152
4 1.2935483909183008
5 1.3532545070416904
6 1.308332819650179
7 1.3017980006413734
8 1.2701818044362714
9 1.2266829653522278
10 1.2654253186389022
11 1.2222743054958485
12 1.1462271592759563
13 1.229435851762466
14 1.2312182532161313
15 1.1886053271948143
16 1.1641190908702292
17 1.1346227261911428
18 1.070898450100594
19 1.2181715237257489
20 1.2029723039923526
21 1.1019400787607843
22 1.0551827307407737
23 1.0777971489541898
24 1.1600209167967532
25 1.164337605285246
26 1.1263895696675563
27 1.1168777874749543
28 1.043099578737851
29 1.050786659185505
30 1.1013086502158524
31 1.115174376967088
32 1.1249295969854831
33 1.1786549963416462
34 1.279377078773813
35 1.260305877666097
36 1.1615244880610969
37 1.1568811967920856
38 1.1314666255390569
39 1.2662713185201602
40 1.2781243469590222
41 1.2721173160574915
42 1.3360005670654236
43 1.2020409394761096
44 1.2984462705466955
45 1.3731837919697951
46 1.4198741943830862
47 1.358409157630355
48 1.3812818192963463
49 1.3746012625288446
50 1.5069842788089913
51 1.5216989981260935
52 1.50122889921199
53 1.4532050664025173
54 1.5408592408688022
55 1.5805239022694582
56 1.4985063517268187
57 1.4678052212991473
58 1.428443474628049
59 1.3795718153590637
60 1.3736396266616426
61 1.4153918919435866
62 1.3635629491177985
63 1.287826701719235
64 1.2120302557036664
65 1.261326199155856
66 1.1543938291268703
67 0.8934314377280723
68 0.8741762357668077
69 1.0812965664584218
70 1.099811569243592
71 1.0401000176004414
72 0.9270724002388318
73 1.0728499374446698
74 0.9549343554663595
75 0.9401634962857113
76 0.8708748683436724
77 0.993473970544805
78 1.2202397767898079
79 1.3271015263070716
80 1.252762968495368
81 1.2459109756889892
82 1.1851568900682954
83 1.1976126211732534
84 1.2095870151104042
85 1.200567011191103
86 1.2176981789444123
87 1.1834128903605747
88 1.154772055878314
89 1.1818192156844953
90 1.2038427958752036
91 1.199452603594181
92 1.1908571691785608
93 1.176652993670973
94 1.108958580722254
95 0.9752009437528749
96 0.8967816614859297
97 0.9292859273689664
98 0.8978415882056251
99 0.9986814500430602
100 1.0414068148973306
101 1.1199496853154667
102 1.130563049899937
103 1.137704788474206
104 1.1010426662398185
105 1.108892598075666
106 1.0790896221792459
107 1.0463009323717019
108 1.0720629534345731
109 0.9629452839131656
110 1.0348912111102568
111 1.064227861806279
112 1.0435927622473364
113 1.0675343330972482
114 1.0381189082391473
115 1.0775588794702773
116 1.0632614113651842
117 1.1019733008002883
118 1.147465942885498
119 1.1019400787607843
120 1.1271025590677373
121 1.1611801192700284
122 1.1400740784757042
123 1.1398501966843544
124 1.1409371533131112
125 1.1194601211809478
126 1.1381214217628222
127 1.1314666255390569
128 1.1136979260861506
129 1.0851554839815003
130 1.08261839891376
131 1.0797692008666298
132 1.0875513413086848
133 1.0474593353094892
134 1.0485463109946258
135 1.0913526679388494
136 1.0700070316577752
137 1.0532313066277679
138 0.9588520129582287
139 0.9795659553871966
140 0.9665655077477775
141 0.9795659553871966
142 0.9643187008847367
143 0.9227895686139848
144 0.9176897527878624
145 0.9243382634534557
146 0.9057150055019704
147 0.9666035457477442
148 0.9589670061545914
149 0.8743848167908624
150 0.7904099981801552
151 0.819206980220678
152 0.8092844181889876
153 0.8331264906133863
154 0.7274519842519356
155 0.8412654160124018
156 0.8628055634005026
157 0.9328331484934664
158 0.9219944347908331
159 0.9086213975692486
160 0.9228690472342777
161 0.8754270698191536
162 0.8820718884874719
163 0.8907677746430691
164 0.9064423958193406
165 0.90438008084832
166 0.9885741834591723
167 0.9270328284060573
168 0.8809951054794305
169 0.8780487396172871
170 0.8722552462843987
171 0.8110191011548344
172 0.8068775708869679
173 0.80821542338762
174 0.8296865446987723
175 0.7854072589852428
176 0.769228204965281
177 0.7607123667223692
178 0.7939422905948398
179 0.776200735695231
180 0.7961098236177703
181 0.7879572353225879
182 0.8025395573311421
183 0.7412704557416735
184 0.7405077519197829
185 0.7223175578597252
186 0.674677664276284
187 0.6266868138596755
188 0.6470508846669718
189 0.6513872463117136
190 0.6382156970337273
191 0.6847621240255051
192 0.7263885143397473
193 0.6720256839378339
194 0.6590214658305694
195 0.6443245158623769
196 0.6679832068963957
197 0.6563794563677307
198 0.6450592697528901
199 0.6204689550619598
200 0.6332379278060364
201 0.5836670799411242
202 0.6104175329609492
203 0.4984696015564066
204 0.520993752681617
205 0.5217062148622026
206 0.5209343579142786
207 0.4595112765252514
208 0.4322368586055922
209 0.4173936789734382
210 0.4236324120636134
211 0.38953895755790513
212 0.3307415619122278
213 0.3214311124981549
214 0.3821964811688101
215 0.39917872346545635
216 0.4025943246831439
217 0.4380613638111523
218 0.43028779353951013
219 0.4680016265750625
220 0.4763583948837434
221 0.3945389679746109
222 0.395818731056359
223 0.35592466254802824
224 0.3860104202740291
225 0.3448654859792347
226 0.3044654404861265
227 0.326061085320896
228 0.33875534263578155
229 0.29587343147807
230 0.341886126465293
231 0.45107561936021673
232 0.5593871903804211
233 0.6418538861723947
234 0.8015530544037318
235 0.722948671796735
236 0.7385984434638627
237 0.7735282925067579
238 0.7499999921527281
239 0.7280315824134472
240 0.6932971693110703
241 0.7079865307565851
242 0.7844037008314977
243 0.8133273408160502
244 0.8232100648581137
245 0.7437927652288373
246 0.7058165836606083
247 0.7075430608436777
248 0.643799360929606
249 0.6465271599247191
250 0.6926470555182631
251 0.6927471005386057
252 0.6929471605572782
253 0.6442720127778087
254 0.6628426002950897
255 0.7020573666897014
256 0.7725127359406858
257 0.7132928862529031
258 0.8374639513281841
259 0.8172214956618721
260 0.830297018707179
261 0.7973720516174779
262 0.7993523394062613
263 0.7323678937132266
264 0.7118707945580478
265 0.7491966464109675
266 0.7093649585827793
267 0.7662117514169505
268 0.7301057215454775
269 0.7823935580741399
270 0.7628131587930479
271 0.7404123730270595
272 0.8530953083770076
273 0.8680244304646635
274 0.7520762480892328
275 0.8064758658669485
276 0.7772585231785978
277 0.8310378078993886
278 0.8033011890518376
279 0.8821960581033264
280 0.7864098110196351
281 0.8251837064276946
282 0.8144794657274703
283 0.8847175020350491
284 0.7642578080178981
285 0.610200259739019
286 0.6300476236166284
287 0.668905716186911
288 0.6192853319614899
289 0.6211139776601137
290 0.5965261419555198
291 0.6529499908085322
292 0.6335033276324303
293 0.6562238264553475
294 0.638796585809864
295 0.6671111660091039
296 0.672229932304557
297 0.6695714440312396
298 0.7379771324777371
299 0.6810239907576346
300 0.7025032754839703
301 0.7309726900999257
302 0.752641752345585
303 0.7664441096214022
304 0.7454549601832903
305 0.7436026240484385
306 0.7257111714332078
307 0.671617062009582
308 0.6227247162633995
309 0.6495087235301158
310 0.6677780892094041
311 0.6495609523970224
312 0.611503191519435
313 0.6161581390318096
314 0.6107433543051296
315 0.5965812125836142
316 0.583109075351008
317 0.5187937934151675
318 0.5320977590415303
319 0.49670641520510717
320 0.49840885375090227
321 0.4988947328980257
322 0.4698786214325845
323 0.4749289797682289
324 0.4151513776975852
325 0.3852624007906449
326 0.39352747053512144
327 0.39897744197261004
328 0.3879119488605752
329 0.39258248227715065
330 0.42500626331499985
331 0.4666856307717895
332 0.4667483365250629
333 0.42768311667459713
334 0.4511393115993389
335 0.5345030871203473
336 0.5477745275441929
337 0.5128835048754347
338 0.5171257363144706
339 0.5285673052421477
340 0.5367272612886437
341 0.5480057948902745
342 0.5119849514858371
343 0.5217062148622026
344 0.49737557604158633
345 0.5391214929208379
346 0.5434283323100031
347 0.5203996462002639
348 0.49573229031833543
349 0.49054128046328366
350 0.4382549309311553
351 0.4627272202749594
352 0.4269656395541669
353 0.44018854416654996
354 0.43889988419440173
355 0.395414772254663
356 0.3344702339505399
357 0.24896723132366794
358 0.2532458951306533
359 0.23704645648320125
360 0.2821668917636708
361 0.3457151037023904
362 0.3335393685365754
363 0.36907771065577494
364 0.3313879047118487
365 0.3181627797053678
366 0.2789944440542155
367 0.26036226179681804
368 0.25758362462774803
369 0.2814124594381855
370 0.32721523678710734
371 0.4168665308326069
372 0.44571093667669104
373 0.4186445432202785
374 0.4853847312840379
375 0.4566017235555441
376 0.453493077118746
377 0.4038638267411906
378 0.3681093215643955
379 0.41031997083434657
380 0.4731237565819792
381 0.5162309884245414
382 0.5965261419555198
383 0.5684339363863041
384 0.5727858238887614
385 0.6747795232017604
386 0.7236763855947681
387 0.7783611097744261
388 0.72585635496965
389 0.7888209306282278
390 0.8554360836036637
391 0.8687797492031033
392 0.8024947373952271
393 0.6901426715396466
394 0.7460242201607122
395 0.6634093622959889
396 0.7630463079396125
397 0.8382859462261839
398 0.8085718819753627
399 1.1480054456040312
400 1.1200475693881746
401 1.1394342831883648
402 1.1460046509707102
403 1.2187333297991605
404 1.2819055953823586
405 1.2353842582800292
406 1.220298806924709
407 1.0504369354636782
408 1.0813643952585563
409 1.2513333756857736
410 1.172760736193169
411 1.2907191461968615
412 1.2118516842746205
413 1.246744896169805
414 1.2241283105295002
415 1.2301959523662138
416 1.1923758184802729
417 1.179885008796846
418 1.1940133734313627
419 1.1778854695626175
420 1.251962648324599
421 1.2496438233014993
422 1.262288881148772
423 1.2811838142172718
424 1.3638186643547057
425 1.3314685188361117
426 1.3685885340009585
427 1.3315213352725992
428 1.3599503857802886
429 1.3392551631141043
430 1.3023691261821293
431 1.227445160511078
432 1.308711126461511
433 1.2716688352785874
434 1.1984274572703066
435 1.0952399420272512
436 1.1449550158610626
437 1.2391275704003115
438 1.213309085302923
439 1.2404011609394874
440 1.2518482645669677
441 1.3051927596828492
442 1.2743007841589655
443 1.2886264039417321
444 1.2713042964862213
445 1.337944100178844
446 1.362437024589324
447 1.3905353553771453
448 1.3859192907898075
449 1.3168638939018915
450 1.2877439373906134
451 1.3015531326648
452 1.3251633611156592
453 1.3612072957432468
454 1.3454723665996355
455 1.3158718968233447
456 1.3209021423528384
457 1.337944100178844
458 1.3797983073761886
459 1.441729068007991
460 1.5459867998534835
461 1.4409009106107624
462 1.443690246761179
463 1.474694356865404
464 1.488218980841816
465 1.5963729361046632
466 1.6326660385533074
467 1.655003836704907
468 1.6360408942286344
469 1.7068186743756548
470 1.79962842760675
471 1.7514755243775566
472 1.8058760267854246
473 1.9125897092895725
474 1.9324340385108234
475 1.902182150478146
476 1.8326614605484808
477 1.7903251076898752
478 1.7825505301427451
479 1.8959843402855876
480 1.88353309977729
481 1.9434929442539859
482 2.019465927962076
483 2.0611502717075845
484 2.122489057888527
485 2.0449406725182677
486 2.1090124797700707
487 2.1096797247404457
488 2.1720435121389605
489 2.249163218997971
490 2.2273010449186885
491 2.2096032006237305
492 2.2569180468105907
493 2.252059924574826
494 2.240081832640757
495 2.1902559080201263
496 2.166364373082754
497 2.158968731881687
498 2.1607104203752567
499 2.1653324995676693
500 2.1219021928685997
501 2.2272794808788805
502 2.186466920683259
503 2.1427097250299214
504 2.1045852720134905
505 2.034234948841757
506 2.108016850741735
507 2.1192149866641152
508 2.142592381683154
509 2.2051707008870034
510 2.1612288804452837
511 2.38248625218853
512 2.397613414898346
513 2.423890805620747
514 2.3275996049887566
515 2.3243759385521683
516 2.3383479114375674
517 2.43249869931439
518 2.3526696571614663
519 2.289449193600905
520 2.577250312616497
521 2.5584591105309684
522 2.7337309432179397
523 2.73127181360307
524 2.7744619666214616
525 2.8712285797822354
526 2.7942278973432626
527 2.7569863863560764
528 2.67123406131048
529 2.6121778633166923
530 2.670680573632206
531 2.670915843328479
532 2.6018004012594997
533 2.6204641135435485
534 2.4907230351094403
535 2.4952529418421445
536 2.6099374310414065
537 2.663262018312076
538 2.7379713972180872
539 2.7125002847758215
540 2.6910057664929514
541 2.6281408178739083
542 2.641824924859419
543 2.6818978569552776
544 2.654972860109125
545 2.6187598656218785
546 2.5992392952440304
547 2.5269598860189997
548 2.513656063073986
549 2.5373409596364214
550 2.5087859235779435
551 2.5035975482314896
552 2.559550192783766
553 2.54613501088582
554 2.6181254935742233
555 2.623138436564718
556 2.589176570963797
557 2.6176220846094784
558 2.646756188627164
559 2.676229242112374
560 2.7046444079673773
561 2.675533896425276
562 2.6862475751413655
563 2.637677807082885
564 2.6411408718186364
565 2.756287831700698
566 2.7700855920216627
567 2.7221963377005305
568 2.6754512489511426
569 2.665810535494334
570 2.7062151851564806
571 2.7093893041034396
572 2.6783810594401625
573 2.6985720920681
574 2.6726026273638546
575 2.6551134517188495
576 2.651000016699362
577 2.606452965784162
578 2.6296849745590385
579 2.608870544519465
580 2.5874707591437742
581 2.6507670736034834
582 2.6491773773245466
583 2.63896446816091
584 2.6582295061182544
585 2.639093043263233
586 2.665601884837371
587 2.6553734941001945
588 2.6818567962196003
589 2.683641381572112
590 2.631529063194467
591 2.6315794397592995
592 2.6531856249919996
593 2.7838438944863317
594 2.7501641606760803
595 2.7215717054735276
596 2.675885072006345
597 2.6644326359464867
598 2.658411677177382
599 2.6890848232149067
600 2.6243207055706783
601 2.5881023238663157
602 2.5501168203186113
603 2.5885682230601708
604 2.640477748913389
605 2.65804029334793
606 2.7034998640033923
607 2.7485585464397024
608 2.787766701729859
609 2.8632232153104016
610 2.9318228878025763
611 2.9168838524362752
612 2.9133012995748317
613 2.935446031980504
614 3.0062121671343602
615 2.9885011921884894
616 2.945543631970704
617 2.922091115502533
618 2.949986719850784
619 2.9698912517941656
620 2.9631729241699567
621 2.9520833704234297
622 2.9345162268803486
623 2.955243556823856
624 2.9733997487641592
625 3.0516399054922867
626 3.0568744084962285
627 3.1450225894970787
628 3.1880577901260936
629 3.1832154860534625
630 3.1789908911692857
631 3.162809050267383
632 3.143673715903505
633 3.1368237664676024
634 3.1516756312878798
635 3.19441918443421
636 3.1917101567954314
637 3.2902658209548736
638 3.2771371857938854
639 3.2726895403243823
640 3.293422843484061
641 3.337572221061606
642 3.338136878828312
643 3.3358051628951033
644 3.3192097282517357
645 3.2813058747416677
646 3.259115249727699
647 3.289341744220562
648 3.322190248707089
649 3.342801732173499
650 3.313334733352979
651 3.3441648422526296
652 3.296477401558364
653 3.320543931968118
654 3.296410775360919
655 3.2412203169264244
656 3.2624026380660895
657 3.2865419499495796
658 3.302819835629695
659 3.3168732997494375
660 3.248609369123024
661 3.248120014517597
662 3.252140373700644
663 3.2730647229460796
664 3.23042092300772
665 3.304569000078169
666 3.322197463428006
667 3.4308079624984402
668 3.4905260716069453
669 3.5377978099750864
670 3.395182662785027
671 3.3918404080710776
672 3.421218939239718
673 3.4497049662271917
674 3.494860751673826
675 3.580065760873123
676 3.5967696476472426
677 3.6454498961866
678 3.5468981758337095
679 3.552698841116223
680 3.5702845264624243
681 3.60869111083605
682 3.7296566476306414
683 3.7134330326492777
684 3.8442579512934496
685 3.85369449552802
686 3.858390134258651
687 3.82522251529123
688 3.8081058920083732
689 3.787683523172517
690 3.7909846770510898
691 3.7358107487983685
692 3.8249607180516954
693 3.80974661784316
694 3.7590815941408726
695 3.737955291760529
696 3.7437226899964458
697 3.765794197882062
698 3.7748736472807973
699 3.761874306980186
700 3.8577779905757503
701 3.889838744292262
702 3.8633998273157664
703 3.8687814193891232
704 3.8636517535027264
705 3.866732709568339
706 3.8207626141491016
707 3.84639589198892
708 3.774919526206321
709 3.7830753770008925
710 3.8156883009776323
711 3.8158204275550855
712 3.7885890332629133
713 3.78348484015493
714 3.775767906882027
715 3.75269896682689
716 3.805484017867225
717 3.7597572147473732
718 3.77423112121344
719 3.812070064669135
720 3.7970385500902015
721 3.7711504465467307
722 3.8039254140604335
723 3.8245678936391543
724 3.781481424573061
725 3.7338050174669286
726 3.7195056476556974
727 3.7400477406883357
728 3.7947923171998323
729 3.846353177938126
730 3.8878327666269286
731 3.8049053914212054
732 3.723305035128923
733 3.7413058562923127
734 3.7376696182833684
735 3.7799077524615
736 3.741187233737281
737 3.7194329071573926
738 3.747407762553005
739 3.8490619061729134
740 3.881357591117261
741 3.824393255467172
742 3.923022290886515
743 3.8802226928783483
744 3.8658324593217306
745 3.9587729946170938
746 3.997448124976404
747 3.9108623321073943
748 3.8356601853221313
749 3.5316114203840883
750 3.6994484054631704
751 3.8513383818116393
752 3.816524807949606
753 3.698706014931672
754 3.6290498287040993
755 3.594788530714341
756 3.5657791819781
757 3.467484373333843
758 3.078095363979114
759 3.0878555624297968
760 3.2818506240295893
761 3.415856082670815
762 3.432308376687208
763 3.3956486827317387
764 3.3843902633457743
765 3.38493248919612
766 3.5431887211417683
767 3.535057886789883
768 3.4611001743951983
769 3.5203128625523177
770 3.5536323047059106
771 3.4219472725807525
772 3.4387821419894267
773 3.3858468291572112
774 3.3561302782928477
775 3.2769937782028493
776 3.2870577009205704
777 3.3541057741283047
778 3.364395075138051
779 3.375332415467101
780 3.4857223367318433
781 3.4792072552971827
782 3.436242723404956
783 3.442179363383776
784 3.435212260249433
785 3.5085558999826545
786 3.5270661579513325
787 3.60924083145372
788 3.6503724861839215
789 3.6588325327616396
790 3.618564280198911
791 3.6370333753903257
792 3.724487881581304
793 3.720499237869392
794 3.6363485521006425
795 3.6802926931766136
796 3.7573788705386284
797 3.755579699541004
798 3.76974490016849
799 3.733302955415859
800 3.624847471330815
801 3.6045463056481855
802 3.712766864567278
803 3.773565212280579
804 3.7503507762020374
805 3.723618987917833
806 3.753355473298301
807 3.7224109373227288
808 3.693145342260987
809 3.666378188767423
810 3.593359252256524
811 3.5733563628583975
812 3.5996656535691063
813 3.612484252860223
814 3.582295968711153
815 3.6475885996960553
816 3.634185647691289
817 3.614371401938875
818 3.6676302810747625
819 3.707161317791949
820 3.6884043412656995
821 3.662253098046226
822 3.6717841586852993
823 3.677944889061157
824 3.6961281189498476
825 3.684444634823824
826 3.666275907904083
827 3.6543656460820606
828 3.571052667500494
829 3.606828481225067
830 3.581182878658562
831 3.5655529568265543
832 3.5545477413186446
833 3.4962651078345495
834 3.555776541107481
835 3.4300115701781158
836 3.3891922745347234
837 3.2939832973550063
838 3.186435274375861
839 3.3050168231881862
840 3.4003303392228044
841 3.4567897550858606
842 3.392896356622769
843 3.3737576659033737
844 3.4248813556663076
845 3.447603754476311
846 3.414080700826262
847 3.358255085334325
848 3.374271443722899
849 3.332882851478282
850 3.335556030408718
851 3.398226305717201
852 3.40684805317097
853 3.447380977077748
854 3.467016332699373
855 3.512321257209086
856 3.50052976458164
857 3.5451245504687985
858 3.5479781128703505
859 3.4898185733156835
860 3.463326753127704
861 3.5616992783161843
862 3.486396005496029
863 3.5135732322138864
864 3.4718732805081194
865 3.469727924069264
866 3.498051823026038
867 3.5193951461214734
868 3.5501344944365263
869 3.525772116243786
870 3.5628909706601424
871 3.557317549345772
872 3.515418525752178
873 3.5061278048434708
874 3.512321257209086
875 3.529326709372683
876 3.520993205116237
877 3.5335405686498684
878 3.5599659540205977
879 3.6336309798834576
880 3.600321427132145
881 3.5487549460197703
882 3.506457892319648
883 3.4976281454988185
884 3.524093250409042
885 3.5189507872499433
886 3.504475731115657
887 3.463326753127704
888 3.455874942952851
889 3.4648917966423425
890 3.478528724598479
891 3.4726184138904177
892 3.4366610459377243
893 3.4296228558458592
894 3.4192010061017304
895 3.3832031182898765
896 3.3378670192956617
897 3.3654665717063565
898 3.4216207313030336
899 3.3971893602646164
900 3.3591593703152567
901 3.355048725636175
902 3.3178882338658484
903 3.3105430133940246
904 3.266980039542347
905 3.2777860367469205
906 3.2952440977593493
907 3.2934636818587735
908 3.2803847614454074
909 3.2703291064571163
910 3.233606789468195
911 3.1830413718589847
912 3.1293886583666644
913 3.1372318358276905
914 3.1622208137116217
915 3.242826699023987
916 3.2941317093469675
917 3.2851129026413535
918 3.2878046943070647
919 3.3237762346935704
920 3.342190201082123
921 3.318540147981146
922 3.3065569775080346
923 3.3830334110344844
924 3.3464595652228213
925 3.333952980709321
926 3.3416950465130473
927 3.314840336005625
928 3.4047909171722854
929 3.4111477125153233
930 3.345050221039154
931 3.3218294462785827
932 3.3214324131932926
933 3.3218294462785827
934 3.33843505992584
935 3.3350575791576103
936 3.318250460841229
937 3.340208110035726
938 3.4348577931547686
939 3.4707234443107655
940 3.434567681137261
941 3.4953553828119883
942 3.4928037410873185
943 3.5376785859777717
944 3.586015818654697
945 3.55936853995222
946 3.559567717633597
947 3.572345637857985
948 3.5210523434704344
949 3.506037762073094
950 3.5107391437132045
951 3.547661452198399
952 3.5186247985381196
953 3.55351781618326
954 3.59333174610202
955 3.603239863068311
956 3.602831249488483
957 3.608130246928383
958 3.6092137586956805
959 3.687753820826426
960 3.690503135230034
961 3.6568984707587586
962 3.654676132772438
963 3.67328346648938
964 3.630720539940404
965 3.6066384987300255
966 3.6635360047752688
967 3.679712566289119
968 3.6839171622841214
969 3.7247773451109207
970 3.715618751303558
971 3.7494570159995404
972 3.751596003969402
973 3.747431341063552
974 3.7241500681958555
975 3.7164946211469094
976 3.770344227096208
977 3.78075191354105
978 3.779953401013308
979 3.7672053042151994
980 3.781207920297852
981 3.809813077009565
982 3.8543727059263957
983 3.9780167172619687
984 4.125762476667062
985 4.231203744939298
986 4.249309196412897
987 4.2547328902663715
988 4.17649274413602
989 4.1766309049093255
990 4.352572076998683
991 4.2878533084066195
992 4.266307093547508
993 4.270186840418297
994 4.2988352250371005
995 4.272867245758906
996 4.35957650583629
997 4.362359498198406
998 4.339393104479904
999 4.3142562299555705
1000 4.324291584022643
1001 4.307962892311239
1002 4.298454790249903
1003 4.282482504337495
1004 4.288073034299454
1005 4.36308588585372
1006 4.319592564292333
1007 4.280215368527196
1008 4.264663823210943
1009 4.258106052754404
1010 4.28638264916263
1011 4.21582445975981
1012 4.314149212270796
1013 4.402074329977659
1014 4.39247189253542
1015 4.485936098064394
1016 4.464988155388229
1017 4.5531397778937075
1018 4.553455750301413
1019 4.525044141508807
1020 4.5424433560797866
1021 4.577696208987336
1022 4.608265390895394
1023 4.722775428062355
1024 4.784821514226167
1025 4.738213959745856
1026 4.710070595813461
1027 4.730392150741473
1028 4.744758200195145
1029 4.736724625728393
1030 4.760891060984867
1031 4.855072506602992
1032 4.97459352274899
1033 4.959061258550208
1034 4.999169815986978
1035 4.951451300742808
1036 4.9336822529281275
1037 4.949893998807069
1038 4.927108747117963
1039 4.962844630259907
1040 4.98381208005238
1041 5.051393286568423
1042 5.141254115968176
1043 5.2264990787575645
1044 5.157329673247059
1045 5.143708248320618
1046 5.054907330372359
1047 5.256870176633863
1048 5.3353240921771325
1049 5.300564839088516
1050 5.244072351695641
1051 5.2185162963444816
1052 5.203017186693712
1053 5.207735988316799
1054 5.239522320037532
1055 5.181727368938661
1056 5.181783550292085
1057 5.178350698500848
1058 5.09650713317022
1059 5.069595786919765
1060 5.1003541137641255
1061 5.106248458299202
1062 5.054396963535125
1063 5.028278729268851
1064 5.087781503272909
1065 5.0830179692568755
1066 5.046324136504762
1067 5.065880768322234
1068 5.0257209315142966
1069 5.0054887399433765
1070 4.9336822529281275
1071 4.974662633637438
1072 5.0601236271874495
1073 5.0832039869290915
1074 5.121997761949716
1075 5.074173314900244
1076 5.039417095521708
1077 4.976871663943447
1078 4.975560640812765
1079 4.921293932071175
1080 4.966125954110298
1081 4.899703733388974
1082 4.871219958312758
1083 4.871909481419947
1084 4.98627429318332
1085 4.991316549709856
1086 4.993149979755236
1087 4.997414955925401
1088 4.974178757085641
1089 4.92551304067942
1090 4.932889945471403
1091 4.948192353473037
1092 4.922386788542191
1093 4.875884110209718
1094 4.911109574710704
1095 4.910372872157861
1096 4.928412433838423
1097 4.95399439338211
1098 4.920272854015864
1099 4.900894830083057
1100 4.875655233611351
1101 4.931231271308987
1102 4.909856857255696
1103 4.929931256681293
1104 4.915078417198038
1105 4.956671771152826
1106 4.938207960160669
1107 5.02335406650403
1108 5.087102386099101
1109 5.075111313280621
1110 5.1386179877903615
1111 5.122474775851791
1112 5.14353315274717
1113 5.169517619156448
1114 5.1187719527008335
1115 5.118173437001857
1116 5.119609273323918
1117 5.11739483066779
1118 5.089754498548855
1119 5.102241653521419
1120 5.035327906686628
1121 5.073422282195021
1122 5.024077869792745
1123 5.067519596296967
1124 5.05535368778452
1125 5.040905817114504
1126 5.114875182085379
1127 5.072357352724253
1128 5.070286893660432
1129 5.056882545261575
1130 5.04606678592752
1131 5.038769133340027
1132 5.015423810828053
1133 5.016020766372594
1134 4.995589335890984
1135 4.96563792816552
1136 4.953429820325477
1137 5.01787568575175
1138 5.005823737099034
1139 4.989752083179832
1140 4.985385859842805
1141 5.01787568575175
1142 5.029195319617166
1143 4.997212273764115
1144 5.075423783989034
1145 5.0826458300725275
1146 5.067582574538005
1147 5.068778408144967
1148 5.056373185770109
1149 5.096017567038417
1150 5.079974772174869
1151 5.082893938248965
1152 5.057391645438029
1153 5.0571371277476755
1154 5.065754593317335
1155 5.058218380834414
1156 5.040323537798081
1157 5.049791902630777
1158 5.128359068737481
1159 5.22305488204749
1160 5.2550966640934735
1161 5.208119098629888
1162 5.306831022313242
1163 5.3464882914093295
1164 5.272435296833932
1165 5.303752569037976
1166 5.294309345150498
1167 5.283660477204403
1168 5.268631056177676
1169 5.236601524567384
1170 5.306682282879664
1171 5.331752142634274
1172 5.349010480863555
1173 5.330445680299558
1174 5.330639338010161
1175 5.317040980546139
1176 5.245496590364454
1177 5.242328856339181
1178 5.230252635633907
1179 5.286295391320711
1180 5.273255935952665
1181 5.299067085438582
1182 5.307376211036383
1183 5.293455567131129
1184 5.280102478127132
1185 5.264863990288817
1186 5.257026512130156
1187 5.23393883261183
1188 5.318855017765585
1189 5.334890346778876
1190 5.318365061851814
1191 5.307376211036383
1192 5.3287010711824765
1193 5.35823585675928
1194 5.436338664445412
1195 5.42371577594237
1196 5.483675973499488
1197 5.490424224076788
1198 5.474285449369816
1199 5.485875190137238
1200 5.485336207143614
1201 5.468692852323591
1202 5.479763540306037
1203 5.4900115295886565
1204 5.549348421349137
1205 5.541263545158426
1206 5.5300638066695145
1207 5.510319077443402
1208 5.4975370097428735
1209 5.5172520730881915
1210 5.508254090374964
1211 5.497373122333157
1212 5.487780031493358
1213 5.4829695386802735
1214 5.500604935982869
1215 5.459032169587933
1216 5.494213043369109
1217 5.4662864171175904
1218 5.447771319716375
1219 5.42912630665945
1220 5.43777491477391
1221 5.426358716428921
1222 5.45369586372755
1223 5.47596133379088
1224 5.4580098052816295
1225 5.454337726005947
1226 5.496020025380294
1227 5.502848781650265
1228 5.470083409402474
1229 5.422259175742214
1230 5.417388461189051
1231 5.38623666458592
1232 5.352095072228508
1233 5.375880078495827
1234 5.378698478494849
1235 5.335468632178829
1236 5.276633971716878
1237 5.28020431112111
1238 5.365929284958057
1239 5.382428709166689
1240 5.368915615393574
1241 5.376527627084597
1242 5.354981213665578
1243 5.360540709728169
1244 5.451767801260901
1245 5.389665161007312
1246 5.405106860729554
1247 5.384449190177324
1248 5.359412465907847
1249 5.402902581738111
1250 5.38049625250568
1251 5.364058289510713
1252 5.331848849756829
1253 5.328507037711094
1254 5.367936708428093
1255 5.335661319688458
1256 5.243121731080087
1257 5.271100320254484
1258 5.27499756122642
1259 5.2858904715399095
1260 5.268373490174964
1261 5.244705597099387
1262 5.241694103606946
1263 5.306831022313242
1264 5.30900999608678
1265 5.345153241385068
1266 5.316746502016404
1267 5.369753916485886
1268 5.3598827222061916
1269 5.383990348286186
1270 5.435946601536075
1271 5.432848259505643
1272 5.426138737985921
1273 5.453952658079485
1274 5.43794886563323
1275 5.460648778465489
1276 5.369660806616172
1277 5.249127122357265
1278 5.323253851838068
1279 5.284370560415412
1280 5.281933887297512
1281 5.248654321528936
1282 5.2642951179336
1283 5.205324499698872
1284 5.260511651812138
1285 5.297517046377267
1286 5.288822431986235
1287 5.257391199935391
1288 5.2358034611587945
1289 5.267239410977175
1290 5.243068892317559
1291 5.238355025375354
1292 5.206914543074693
1293 5.175358459147589
1294 5.157041779190083
1295 5.107459478731796
1296 5.144583266605995
1297 5.1271731103442075
1298 5.134621273877247
1299 5.133265820919036
1300 5.15490878325268
1301 5.104853969335237
1302 5.063796842210488
1303 5.054077851939092
1304 5.032788098737389
1305 5.034351820713572
1306 5.07829394257007
1307 5.090185572854264
1308 5.186882886101731
1309 5.18526064425574
1310 5.231162091360629
1311 5.19267903452504
1312 5.181390214518745
1313 5.182008244147654
1314 5.159916996812011
1315 5.197446756163062
1316 5.214718342671723
1317 5.2332453698043215
1318 5.215316120044631
1319 5.194733050291466
1320 5.146971084053402
1321 5.1640428407255685
1322 5.167582061225516
1323 5.193290128680331
1324 5.1939008496276085
1325 5.218245491782478
1326 5.220626058832165
1327 5.180209278067708
1328 5.187776790848668
1329 5.247024072160486
1330 5.234791665668158
1331 5.24449455985053
1332 5.2598883399282546
1333 5.266465437098854
1334 5.258224272981592
1335 5.27469043591688
1336 5.271613983713487
1337 5.2911416827989415
1338 5.303404405596594
1339 5.302757494574058
1340 5.289327074709904
1341 5.2533200006173
1342 5.223486055925033
1343 5.185428584469419
1344 5.178688879092506
1345 5.172810831308315
1346 5.137032968819882
1347 5.164843115148066
1348 5.154446996128335
1349 5.145574029282837
1350 5.168664158321166
1351 5.149701342219253
1352 5.151729681705193
1353 5.167411096700238
1354 5.179815322467036
1355 5.170199863767594
1356 5.168777995193051
1357 5.1543315160196554
1358 5.141371116085311
1359 5.126520233210295
1360 5.122891976441923
1361 5.12128181418332
1362 5.130785895226717
1363 5.128121989551922
1364 5.0330488889331555
1365 5.006828055753302
1366 5.008366054652212
1367 4.983538126211888
1368 4.949327105367852
1369 4.937706114073498
1370 4.937060513104193
1371 4.978180970542646
1372 4.972864196409257
1373 4.953006181259619
1374 4.94242782838314
1375 4.945278660618249
1376 4.950956058594655
1377 4.895598484107897
1378 4.922022635739652
1379 4.916397872014886
1380 4.94847616218787
1381 4.939783553124305
1382 4.995183189537334
1383 5.0157554967908276
1384 5.022695608588622
1385 5.008031908226141
1386 4.993963759808284
1387 4.9684234452869465
1388 4.990636647589566
1389 4.981069158494489
1390 4.997144703913756
1391 4.993082134848667
1392 5.004885462115649
1393 5.002603122398992
1394 4.9624949187683205
1395 4.956249503569664
1396 4.9283400513694255
1397 4.94577672174776
1398 4.917569260976709
1399 4.943355240612979
1400 4.901787222497451
1401 4.919250732294404
1402 4.920199879958109
1403 4.9215125989330835
1404 4.884391567522005
1405 4.822697998516666
1406 4.803283067577055
1407 4.712678393703377
1408 4.575844356606263
1409 4.500365071621965
1410 4.547223226033242
1411 4.616802270217799
1412 4.560800238252151
1413 4.487287145331375
1414 4.471295877431763
1415 4.490993140925692
1416 4.526776118560079
1417 4.602566800117977
1418 4.551030739887443
1419 4.567364471252192
1420 4.500142948120385
1421 4.487849543411548
1422 4.52526080275979
1423 4.5134933974161875
1424 4.495020442487104
1425 4.5224405383890955
1426 4.522983515000144
1427 4.571303116476514
1428 4.565493368835193
1429 4.569646629919045
1430 4.555454593742159
1431 4.507667604626853
1432 4.509539954972841
1433 4.582003907956252
1434 4.672080891270718
1435 4.673949701382917
1436 4.715727176552735
1437 4.690430029938915
1438 4.662684092188698
1439 4.616999937741668
1440 4.5541926312232235
1441 4.5800574851730165
1442 4.628789051586725
1443 4.645736147734753
1444 4.708899371750569
1445 4.760976637126291
1446 4.753848778359454
1447 4.737863727713557
1448 4.74987640698735
1449 4.720906684470688
1450 4.7808027546312495
1451 4.765246133834726
1452 4.770430354853751
1453 4.771616393623756
1454 4.7187666925706315
1455 4.744410253079596
1456 4.710700687197555
1457 4.736812295039806
1458 4.709620287344555
1459 4.729862629945409
1460 4.682594082952895
1461 4.652626127144386
1462 4.67133238824176
1463 4.5693357329788755
1464 4.562367063662782
1465 4.588837531367194
1466 4.563827222453709
1467 4.567987394860375
1468 4.532384416262439
1469 4.549657476057832
1470 4.570475216191205
1471 4.574401652316455
1472 4.6316173560029394
1473 4.628202885098664
1474 4.632785353021065
1475 4.623501142672815
1476 4.6280074198908485
1477 4.610456190417329
1478 4.578107266438402
1479 4.548917244437293
1480 4.5612182984589085
1481 4.50678528406669
1482 4.513164540192067
1483 4.494126887194767
1484 4.500254016038531
1485 4.457597821520956
1486 4.49345619635809
1487 4.532814523795951
1488 4.54308199367467
1489 4.464758032271346
1490 4.402319337941644
1491 4.4435919903320364
1492 4.446057214331018
1493 4.489759334476764
1494 4.496693709652008
1495 4.433551152327272
1496 4.388753955423308
1497 4.464873100449369
1498 4.495913200051142
1499 4.512067567725767
1500 4.517758728977122
1501 4.516776035225496
1502 4.513712575499256
1503 4.47688216568656
1504 4.495132080779154
1505 4.472324272654662
1506 4.462223176668158
1507 4.504576070752389
1508 4.5807750291533695
1509 4.569439376032292
1510 4.583640067437728
1511 4.59784341060163
1512 4.642658630399083
1513 4.612344389736092
1514 4.588939172877674
1515 4.605570106009418
1516 4.555244377218366
1517 4.521027417875663
1518 4.514369821661595
1519 4.456089962973938
1520 4.487849543411548
1521 4.499920775268994
1522 4.4738078677912645
1523 4.465908118654584
1524 4.450619426139493
1525 4.420646205638937
1526 4.443356889825488
1527 4.411585436915426
1528 4.431530829576971
1529 4.416065676897304
1530 4.478812997111569
1531 4.475289265133571
1532 4.464527856185625
1533 4.413767520457944
1534 4.405987272118725
1535 4.412798293340635
1536 4.405498990859024
1537 4.38974675768902
1538 4.404277243608702
1539 4.399620943074833
1540 4.403665809777363
1541 4.410978456623649
1542 4.396915247167632
1543 4.3678009274099
1544 4.404521712501253
1545 4.369827527216884
1546 4.377767577753498
1547 4.388505600771591
1548 4.4297447958819784
1549 4.415461410760119
1550 4.430102257905445
1551 4.471295877431763
1552 4.471295877431763
1553 4.488861063587708
1554 4.453300236649965
1555 4.442180557493629
1556 4.502694394398855
1557 4.5005871457956514
1558 4.54382655574704
1559 4.516666787396688
1560 4.506123032386857
1561 4.489759334476764
1562 4.473921899378137
1563 4.497028027368389
1564 4.48897339158558
1565 4.5005871457956514
1566 4.527857082885421
1567 4.505902184329423
1568 4.51085950651685
1569 4.529260591887741
1570 4.5502915244781015
1571 4.598648968997826
1572 4.627616374817921
1573 4.642369626977198
1574 4.607467545036775
1575 4.584865432647727
1576 4.610356712675391
1577 4.632298853376344
1578 4.62320654847419
1579 4.5974403879261505
1580 4.6568134191399295
1581 4.688775769842889
1582 4.699479865458833
1583 4.686473637052126
1584 4.714472920878541
1585 4.7080877199947775
1586 4.707275408925245
1587 4.744584241770769
1588 4.788990618905782
1589 4.807212667394247
1590 4.8307108619020225
1591 4.8234217912218735
1592 4.826792580930363
1593 4.90527477843843
1594 4.903643819518071
1595 4.9344739331306915
1596 4.915738362226573
1597 4.930437018767144
1598 4.913022465229256
1599 4.901043617466161
1600 4.90786401606031
1601 4.858881738868719
1602 4.893052238442539
1603 4.905793162572673
1604 4.866533950121999
1605 4.844501997498826
1606 4.76754410497235
1607 4.717873675901176
1608 4.748404354073999
1609 4.768988271217486
1610 4.804676567536147
1611 4.745279893972737
1612 4.716532653841552
1613 4.702569091975224
1614 4.696746129475301
1615 4.715637639014062
1616 4.7032945839812905
1617 4.742058438050213
1618 4.700116663297045
1619 4.640633850263661
1620 4.590158065867588
1621 4.626442321263631
1622 4.663439094112067
1623 4.634826070895602
1624 4.634826070895602
1625 4.660794089736088
1626 4.659847747278787
1627 4.653579325195778
1628 4.612542940317504
1629 4.619368905387905
1630 4.6280074198908485
1631 4.621928969803046
1632 4.6198617347310815
1633 4.624482497020464
1634 4.62015731579634
1635 4.631130287657623
1636 4.632493481636982
1637 4.574401652316455
1638 4.5916795958055925
1639 4.6418877689232545
1640 4.620649756836477
1641 4.665135767155525
1642 4.6848128136402885
1643 4.700207601322843
1644 4.673856343776539
1645 4.664099253517379
1646 4.6798137289838575
1647 4.630642981961122
1648 4.612344389736092
1649 4.617592705986649
1650 4.603769205072463
1651 4.623108331119105
1652 4.626931677769604
1653 4.622322244805657
1654 4.606269581431392
1655 4.573782712746459
1656 4.5592309540466465
1657 4.602767301371781
1658 4.61512051684126
1659 4.608365076884611
1660 4.57738780497564
1661 4.589447225522855
1662 4.58649692072247
1663 4.5954228345332115
1664 4.609560534289384
1665 4.595220855134423
1666 4.577079305821566
1667 4.562053894914463
1668 4.541484634301958
1669 4.550714000192032
1670 4.524502282920636
1671 4.445939960417534
1672 4.48874872297084
1673 4.4744918623459755
1674 4.492449315923973
1675 4.466482666214198
1676 4.47551697776122
1677 4.482324355989245
1678 4.46843366241462
1679 4.455160918661383
1680 4.471067201464611
1681 4.508218659911641
1682 4.546693256229116
1683 4.528181144459956
1684 4.436633184164753
1685 4.4157031610332655
1686 4.4041549867468825
1687 4.400234854322551
1688 4.3943256902608985
1689 4.401584133889412
1690 4.343025897324149
1691 4.355425952876702
1692 4.336636932375072
1693 4.307168381129456
1694 4.246206911531347
1695 4.174079530240954
1696 4.229166788029546
1697 4.243482700225814
1698 4.192680462942962
1699 3.9033858120324827
1700 3.85354607566917
1701 3.7059823620135983
1702 3.7993021353640275
1703 3.8422441108202294
1704 3.93241369507588
1705 3.947969132201615
1706 3.9460378840154235
1707 3.8691155044168695
1708 3.9318256327243257
1709 3.947583180826697
1710 3.9680251955434307
1711 4.047078236421011
1712 3.9729299403316674
1713 4.00460218672124
1714 4.021236090401462
1715 4.0505668148762055
1716 4.033886593184986
1717 4.00460218672124
1718 3.919991175077323
1719 3.921180943212912
1720 3.8907993689765195
1721 3.964046033495298
1722 3.9415818076696905
1723 3.955082494888593
1724 3.9064072666425105
1725 3.912422925449473
1726 3.926123129806928
1727 3.9219733362813143
1728 3.9429401080628677
1729 3.9444901955656477
1730 3.955465563270983
1731 3.9828541861887374
1732 3.917209532115446
1733 3.905401129119259
1734 3.9138213873695253
1735 3.8981269002360346
1736 3.893655348069961
1737 3.888140064964814
1738 3.874943997186725
1739 3.77597416096487
1740 3.7923381624821664
1741 3.720862499966987
1742 3.7412346844478646
1743 3.7379076851812907
1744 3.7232808808312687
1745 3.7768903314366495
1746 3.7462045207332055
1747 3.8057732055854356
1748 3.7984062786411785
1749 3.8422441108202294
1750 3.8251570724064843
1751 3.846310462062765
1752 3.834061463958434
1753 3.8168328184243974
1754 3.8017616111706087
1755 3.8051057230820686
1756 3.6983346128846915
1757 3.6783239401744194
1758 3.7062280924485496
1759 3.7003138317395994
1760 3.664586761544892
1761 3.643882088183201
1762 3.591817741270805
1763 3.6038660797869797
1764 3.6560979645895566
1765 3.664586761544892
1766 3.6843692986360503
1767 3.6828613817883733
1768 3.7952644448179504
1769 3.7328963395307104
1770 3.677565694213663
1771 3.6451887654892032
1772 3.6990772790903823
1773 3.666378188767423
1774 3.6816030451431603
1775 3.6597080768136565
1776 3.718923575462313
1777 3.6936182084611096
1778 3.695606774863363
1779 3.644666299437611
1780 3.6336309798834576
1781 3.6219380483600547
1782 3.5192766697277564
1783 3.5272424885128144
1784 3.4833916192881422
1785 3.494080375808869
1786 3.3621099929541085
1787 3.2771447329921766
1788 3.3368366225017656
1789 3.4242626545931514
1790 3.434954478460289
1791 3.385067999732272
1792 3.306520334720247
1793 3.4183822064162563
1794 3.5201649007261984
1795 3.4487168976301317
1796 3.4368862240706624
1797 3.447126313550555
1798 3.440738556282688
1799 3.4333418349887226
1800 3.366260811781259
1801 3.371081757757532
1802 3.4075107437187473
1803 3.455685566946225
1804 3.5389282773504322
1805 3.48216274048526
1806 3.5635996376871786
1807 3.5689691574413787
1808 3.63705970538414
1809 3.6208682434973927
1810 3.5467396869528134
1811 3.56161410306806
1812 3.550191934340043
1813 3.590715205326705
1814 3.616846251214105
1815 3.636796374243711
1816 3.6449275665847534
1817 3.7013019741124933
1818 3.723522397557476
1819 3.7057365711803594
1820 3.7421832261362473
1821 3.7316994512968646
1822 3.7042605561522386
1823 3.676300671907076
1824 3.7128400915587796
1825 3.65402917667819
1826 3.630720539940404
1827 3.664842876285695
1828 3.587123545159549
1829 3.5467396869528134
1830 3.545874759696932
1831 3.509453700432007
1832 3.4641721808235437
1833 3.456947396766647
1834 3.51631018876266
1835 3.4735180432417816
1836 3.4959013171314526
1837 3.48185528467961
1838 3.4925603876761278
1839 3.501645852958961
1840 3.4916472845842277
1841 3.4916472845842277
1842 3.4855385300959063
1843 3.5357282746197614
1844 3.5821290841670557
1845 3.584906863730958
1846 3.5225296668296804
1847 3.5779478934066544
1848 3.595118074299462
1849 3.5975861956675455
1850 3.6133473915014993
1851 3.6109179126442243
1852 3.6516966629862204
1853 3.634951112088381
1854 3.652734007477583
1855 3.640476714885769
1856 3.6519561000093383
1857 3.653770277000368
1858 3.6211358020274167
1859 3.612808017162641
1860 3.616308761279101
1861 3.5527733211169448
1862 3.5607619513334936
1863 3.5139306516493947
1864 3.507357577490546
1865 3.5130368634176907
1866 3.498021566297695
1867 3.4781584227982836
1868 3.5290040861498118
1869 3.5374749999547035
1870 3.559909072816976
1871 3.6046822953131805
1872 3.6417878465800855
1873 3.640476714885769
1874 3.6165775423585313
1875 3.6125382208572137
1876 3.671478939433769
1877 3.7133281345162463
1878 3.670715483486265
1879 3.659193143743576
1880 3.741471904233107
1881 3.6911269266544156
1882 3.76096753050819
1883 3.847804433101495
1884 3.8284239815518326
1885 3.8236288546655506
1886 3.814410176561146
1887 3.7300213974451113
1888 3.72255598047332
1889 3.762594491936217
1890 3.753261713043204
1891 3.7768903314366495
1892 3.709906821306012
1893 3.7285808209654885
1894 3.6938669956249757
1895 3.68987895444702
1896 3.703768066607687
1897 3.709172157381699
1898 3.6399517804905126
1899 3.6617651616223643
1900 3.6514371586380663
1901 3.5709401562492498
1902 3.5553480614894135
1903 3.583796677660784
1904 3.6019589820832345
1905 3.6573887870225654
1906 3.6821065698265074
1907 3.688629422858727
1908 3.7702289998102594
1909 3.7718409748282835
1910 3.752558230777119
1911 3.744787086052232
1912 3.751149779840061
1913 3.8271184983377022
1914 3.7665346986795405
1915 3.7952644448179504
1916 3.7669972333778885
1917 3.7520889675118205
1918 3.74879794432518
1919 3.716008121502189
1920 3.6893793291555874
1921 3.716980884224811
1922 3.6516966629862204
1923 3.684118137012226
1924 3.6773128177424708
1925 3.665098925448533
1926 3.6604799795922385
1927 3.6566144935266607
1928 3.696103299203256
1929 3.6788291182604347
1930 3.701548857214599
1931 3.695606774863363
1932 3.70721041079866
1933 3.688129172723232
1934 3.697095608885277
1935 3.709172157381699
1936 3.750209709265542
1937 3.745496054532832
1938 3.7480913137457823
1939 3.7184382563554808
1940 3.703028877218356
1941 3.676047475298558
1942 3.7395725684294545
1943 3.7572387916272794
1944 3.7823697972012753
1945 3.767690634538226
1946 3.770459441106359
1947 3.755135249891002
1948 3.793014218845944
1949 3.8630428232064276
1950 3.833845224364122
1951 3.8394523125933104
1952 3.858411235979497
1953 3.8071068354785864
1954 3.838591727342263
1955 3.775057150354989
1956 3.7796338173824005
1957 3.76445064096101
1958 3.770689829311502
1959 3.7768903314366495
1960 3.7639869266007415
1961 3.7230393057606412
1962 3.709172157381699
1963 3.72834052299485
1964 3.713815939403968
1965 3.5821290841670557
1966 3.609565647394211
1967 3.5940191730899764
1968 3.6054978451748854
1969 3.5675589188773804
1970 3.558485990180341
1971 3.581572601125427
1972 3.607940511608584
1973 3.5729072778615154
1974 3.550191934340043
1975 3.5633162311385904
1976 3.5635996376871786
1977 3.5686872687855304
1978 3.544142657647253
1979 3.5655812377694427
1980 3.576829950305313
1981 3.5874002851640823
1982 3.576270509731282
1983 3.5504790843779097
1984 3.5476038667559826
1985 3.494687724749494
1986 3.461978853922014
1987 3.4635460067266908
1988 3.4381719844535166
1989 3.4534735262275262
1990 3.4610373820181723
1991 3.4075107437187473
1992 3.424588334452731
1993 3.4547381485901854
1994 3.4756862336528944
1995 3.4790839203192268
1996 3.451256581534892
1997 3.4756862336528944
1998 3.4635460067266908
1999 3.4496700351129332
2000 3.4404180948154366
2001 3.4288125486951286
2002 3.4522073025699003
2003 3.4663607075685685
2004 3.440097530619712
2005 3.4404180948154366
2006 3.4378506993101907
2007 3.4368862240706624
2008 3.451256581534892
2009 3.456632088550256
2010 3.4688560301359703
2011 3.4468078929142076
2012 3.4691675081014224
2013 3.4986265269937014
2014 3.5201649007261984
2015 3.4378506993101907
2016 3.441058915087286
2017 3.4682327829983137
2018 3.479700443150099
2019 3.4790839203192268
2020 3.5157158351047473
2021 3.563882963939251
2022 3.5544905510752844
2023 3.547027829873695
2024 3.548467300397191
2025 3.551053137206533
2026 3.548467300397191
2027 3.546163151912341
2028 3.541828511401901
2029 3.5499047018233476
2030 3.61469455592456
2031 3.6125382208572137
2032 3.646754527813265
2033 3.5333945512735414
2034 3.5145260669691587
2035 3.510350695558678
2036 3.5272424885128144
2037 3.522234376704989
2038 3.49620448524049
2039 3.5037539699872475
2040 3.4864572256129787
2041 3.4635460067266908
2042 3.4864572256129787
2043 3.490428515390098
2044 3.5040547671018634
2045 3.519868911379654
2046 3.493472657771326
2047 3.4528406148139936
2048 3.433664571799657
2049 3.4784670171534557
2050 3.479392229247212
2051 3.467609147181407
2052 3.4509394735569696
2053 3.4550540544528663
2054 3.4503049557691834
2055 3.421979920844684
2056 3.4707234443107655
2057 3.4704124506836282
2058 3.4965075614664802
2059 3.4641721808235437
2060 3.511843901749219
2061 3.5172010574184616
2062 3.518091133133655
2063 3.5127387563950627
2064 3.5160130560907366
2065 3.492256112609122
2066 3.48185528467961
2067 3.4925603876761278
2068 3.507357577490546
2069 3.549042508926137
2070 3.5371840908617425
2071 3.4898185733156835
2072 3.466672963621067
2073 3.511843901749219
2074 3.5186840771178223
2075 3.510649515223235
2076 3.5192766697277564
2077 3.5281236752345424
2078 3.5452977256359124
2079 3.4913427315135013
2080 3.4995332823830174
2081 3.487986511734546
2082 3.4916472845842277
2083 3.479700443150099
2084 3.48216274048526
2085 3.4722769633431074
2086 3.4913427315135013
2087 3.4931686602009657
2088 3.5121422756138823
2089 3.5304697173662944
2090 3.528710701961115
2091 3.510350695558678
2092 3.5195728343974766
2093 3.527830032595521
2094 3.521347982792617
2095 3.509453700432007
2096 3.5052570515869337
2097 3.49559805708364
2098 3.4913427315135013
2099 3.495294705041271
2100 3.480624515293477
2101 3.488597571942989
2102 3.4998353515591547
2103 3.5052570515869337
2104 3.487375077903208
2105 3.4790839203192268
2106 3.445533195482207
2107 3.4515735889872223
2108 3.4397768636296306
2109 3.443298557680791
2110 3.4429789156771102
2111 3.4384931664058525
2112 3.3823542938606757
2113 3.420346200500916
2114 3.4547381485901854
2115 3.456632088550256
2116 3.3901364343027307
2117 3.3985271531062766
2118 3.3985271531062766
2119 3.396184839838611
2120 3.3985271531062766
2121 3.3965197921110444
2122 3.4015306594522756
2123 3.422958873443668
2124 3.429784838514068
2125 3.435276695315018
2126 3.411807560774171
2127 3.3991953789914824
2128 3.4061849231731944
2129 3.3884498088396526
2130 3.364187556028255
2131 3.367295829986474
2132 3.343568268825519
2133 3.3311325072138684
2134 3.3170908723651555
2135 3.3350575791576103
2136 3.3243163373261977
2137 3.3246762437544124
2138 3.344979701663927
2139 3.3343450746743146
2140 3.3621099929541085
2141 3.3530570063342204
2142 3.34814816057234
2143 3.342154841028372
2144 3.338967305126021
2145 3.453789831781326
2146 3.4375293109095457
2147 3.4333418349887226
2148 3.440097530619712
2149 3.456316680883235
2150 3.4436180975461075
2151 3.424588334452731
2152 3.418054498728578
2153 3.458207636378935
2154 3.4931686602009657
2155 3.501344330267094
2156 3.497113438491982
2157 3.499231121933521
2158 3.472587377748828
2159 3.484618989801228
2160 3.5251833614431467
2161 3.4925603876761278
2162 3.484618989801228
2163 3.497718948652777
2164 3.4756862336528944
2165 3.467297183366679
2166 3.4445761049641
2167 3.4388142452334622
2168 3.4638591427868666
2169 3.4442568711226023
2170 3.4638591427868666
2171 3.4949912609485163
2172 3.520460802488973
2173 3.5610460826040513
2174 3.617383452408866
2175 3.5953926110204724
2176 3.587123545159549
2177 3.5409593240373143
2178 3.479392229247212
2179 3.4506222649896783
2180 3.4343097331123578
2181 3.326114575537799
2182 3.3221541743217022
2183 3.1441522786722644
2184 2.8524391037275145
2185 2.658159431488745
2186 2.7265447837383743
2187 2.738256043159276
2188 2.89480635496403
2189 2.837322536806349
2190 2.800933195248924
2191 2.7763317085186157
2192 2.738902664584975
2193 2.719978771967484
2194 2.6775909936175015
2195 2.6166656393003573
2196 2.60859812213055
2197 2.6789646202071133
2198 2.6188546222977394
2199 2.6340447877917144
2200 2.6796507265805123
2201 2.653241964607215
2202 2.6748380668960965
2203 2.6490076604684267
2204 2.649714624089247
2205 2.6567569067146595
2206 2.604170070614818
2207 2.6210388241125804
2208 2.6093342281630525
2209 2.5710843460290524
2210 2.5556757206762075
2211 2.546315277916644
2212 2.553343811341229
2213 2.569554123848285
2214 2.5649493574615367
2215 2.50715725872282
2216 2.464703942470481
2217 2.454447442303292
2218 2.4518667957098
2219 2.410542234499138
2220 2.4840729690394228
2221 2.5718485799218085
2222 2.5710843460290524
2223 2.6490076604684267
2224 2.6539459421090092
2225 2.670694414558441
2226 2.653241964607215
2227 2.655352412101761
2228 2.6518325211039815
2229 2.658159431488745
2230 2.668616131856803
2231 2.645465325910589
2232 2.658159431488745
2233 2.6651427000909336
2234 2.5726122302071057
2235 2.589266665112243
2236 2.5930133911138515
2237 2.613739521630969
2238 2.5982353350950036
2239 2.6253929674212007
2240 2.6166656393003573
2241 2.604909442182697
2242 2.6333266549062735
2243 2.6282852326333477
2244 2.601207105484161
2245 2.598979106047848
2246 2.605648267484129
2247 2.611539300721366
2248 2.6071242825122494
2249 2.605648267484129
2250 2.5967461315435356
2251 2.5952547069568657
2252 2.6108048166633746
2253 2.6311691567662523
2254 2.6210388241125804
2255 2.6333266549062735
2256 2.6397713603489157
2257 2.640484881606444
2258 2.642622395779755
2259 2.612273245708441
2260 2.605648267484129
2261 2.5915163848462583
2262 2.6078614738467776
2263 2.613739521630969
2264 2.6333266549062735
2265 2.613006652415316
2266 2.611539300721366
2267 2.6093342281630525
2268 2.6108048166633746
2269 2.612273245708441
2270 2.614471854142644
2271 2.5967461315435356
2272 2.579458966729223
2273 2.579458966729223
2274 2.5718485799218085
2275 2.580974118534234
2276 2.6224923127405635
2277 2.6333266549062735
2278 2.6727683869575705
2279 2.6490076604684267
2280 2.6518325211039815
2281 2.641910398597665
2282 2.641910398597665
2283 2.598979106047848
2284 2.5572273113676265
2285 2.517696472610991
2286 2.510411940196362
2287 2.5209170873110334
2288 2.5087859235779435
2289 2.5185025992165158
2290 2.503891949699081
2291 2.5087859235779435
2292 2.4874035299865875
2293 2.516889695641051
2294 2.513656063073986
2295 2.5006159434931803
2296 2.4948569806411682
2297 2.4849066497880004
2298 2.4948569806411682
2299 2.492378664626701
2300 2.4714836294558595
2301 2.4756977107026903
2302 2.47232786758114
2303 2.4630018143999504
2304 2.4203681286504293
2305 2.4406063908914204
2306 2.4397349311412793
2307 2.4309783077624445
2308 2.435366204227864
2309 2.423031246069913
2310 2.4150205223238337
2311 2.424802725718295
2312 2.414126467726953
2313 2.387844936944869
2314 2.377692565480851
2315 2.303584593327129
2316 2.2617630984737906
2317 2.2648832258100344
2318 2.2396452932201716
2319 2.2925347571405443
2320 2.211565694606877
2321 2.295560478057081
2322 2.2762411176544437
2323 2.2925347571405443
2324 2.303584593327129
2325 2.281361456542419
2326 2.28949985344539
2327 2.2935443483418965
2328 2.410542234499138
2329 2.412335956953165
2330 2.4176979000945504
2331 2.469793011977952
2332 2.5855058483441162
2333 2.63834278867739
2334 2.5922651681085
2335 2.5779415157551897
2336 2.567254391136754
2337 2.5817308344235403
2338 2.579458966729223
2339 2.559550192783766
2340 2.5847519847577165
2341 2.5824869781268642
2342 2.5855058483441162
2343 2.558776498354456
2344 2.6034301519721073
2345 2.605648267484129
2346 2.775708849576025
2347 2.7942278973432626
2348 2.7936160894318567
2349 2.775708849576025
2350 2.7880929087757464
2351 2.7825390530929495
2352 2.77757626375082
2353 2.7517480563679295
2354 2.7985001040242823
2355 2.7813006628418027
2356 2.800933195248924
2357 2.833213344056216
2358 2.821973947420524
2359 2.996232148595642
2360 3.1170645587215158
2361 3.1363634032937364
2362 3.138099514840913
2363 3.1328821117012247
2364 3.1493113614822916
2365 3.204371138665319
2366 3.138966441639899
2367 3.1402654242862895
2368 3.1620938107692163
2369 3.1570004211501135
2370 3.1372318358276905
2371 3.122805356117467
2372 3.0601145324832593
2373 3.062923523094314
2374 3.0478502278160975
2375 3.050220458838061
2376 3.0516399054922867
2377 3.131136910560194
2378 3.2120525995200753
2379 3.2339614622862416
2380 3.2422016501716975
2381 3.228826155721369
2382 3.217675104291682
2383 3.1912990570979662
2384 3.1994891110680106
2385 3.196630215920881
2386 3.218475744846861
2387 3.196630215920881
2388 3.1763857732472487
2389 3.1471649773142003
2390 3.1493113614822916
2391 3.2088254890146994
2392 3.1937631240531252
2393 3.1990811975400213
2394 3.166740070447672
2395 3.1616703510974213
2396 3.193352867637115
2397 3.19744787745458
2398 3.1851121947153915
2399 3.1896529661912973
2400 3.18924101973851
2401 3.25848107946056
2402 3.2367157429965316
2403 3.1826266921930797
2404 3.169685580677429
2405 3.1717842173343502
2406 3.18179681662678
2407 3.1692653243148663
2408 3.1548704948922883
2409 3.1437211512674406
2410 3.2300135692786567
2411 3.222469360378331
2412 3.188416617383492
2413 3.1945831322991562
2414 3.213260086082565
2415 3.204371138665319
2416 3.1994891110680106
2417 3.2055879305412653
2418 3.190476350346503
2419 3.1616703510974213
2420 3.1531632815028194
2421 3.1406980438041767
2422 3.1557230098629323
2423 3.122364924487357
2424 3.1497400860333387
2425 3.134189016701007
2426 3.173459961337718
2427 3.167161389181522
2428 3.141130476243348
2429 3.1293886583666644
2430 3.120159851929043
2431 3.0155349008501706
2432 3.043569602968151
2433 3.0315819264476884
2434 3.0160249768217535
2435 3.013080911888604
2436 3.0281994636914926
2437 3.0430928449138284
2438 3.064791809485486
2439 3.0661907372025525
2440 3.011113375592293
2441 3.0170044088295307
2442 3.0363942552728806
2443 3.061520014091994
2444 3.0791538816930633
2445 3.0726933146901194
2446 3.110399348532117
2447 3.1629401925378975
2448 3.1692653243148663
2449 3.1717842173343502
2450 3.121483478859551
2451 3.122364924487357
2452 3.142858338444285
2453 3.15016862685841
2454 3.1535903581695712
2455 3.160398895109225
2456 3.1608228934195837
2457 3.18924101973851
2458 3.264231526588998
2459 3.2714682749873716
2460 3.2627013044082305
2461 3.26918863874179
2462 3.221272949467922
2463 3.214867803470662
2464 3.1620938107692163
2465 3.169685580677429
2466 3.1962211343033946
2467 3.1793030497483774
2468 3.1675825304806504
2469 3.1788868166518376
2470 3.1376657694426577
2471 3.1415627217655304
2472 3.1276373444339294
2473 3.0878555624297968
2474 3.120159851929043
2475 3.119276459645446
2476 3.1467351470905185
2477 3.128951117340214
2478 3.138099514840913
2479 3.119276459645446
2480 3.0996417369445024
2481 3.114847754444153
2482 3.1054831375131102
2483 3.12060125559986
2484 3.1112906141882632
2485 3.089677886396519
2486 3.084200921541599
2487 3.083743150876704
2488 3.0516399054922867
2489 3.055886196373738
2490 3.0601145324832593
2491 3.0535293722802077
2492 3.017982882488811
2493 3.058237478905388
2494 3.0572976292121457
2495 3.044522437723423
2496 3.0315819264476884
2497 3.0440461338325417
2498 3.0344721018699214
2499 3.018960399673198
2500 2.9927277645336923
2501 2.972975286431375
2502 2.9569914452375605
2503 2.9183111265854063
2504 2.9161477942111484
2505 2.8814431271518632
2506 2.8425810940598164
2507 2.830857630363757
2508 2.8763855159214247
2509 2.8881470628740535
2510 2.8414149131696336
2511 2.8859174075467844
2512 2.8881470628740535
2513 2.924236271848921
2514 2.972463646614637
2515 2.949164637737656
2516 3.0140632302387145
2517 3.0081547935525483
2518 3.086943153607375
2519 3.038312721089109
2520 3.0315819264476884
2521 2.9517803860248084
2522 2.961140828784372
2523 2.961140828784372
2524 2.976549454137217
2525 3.007166651179654
2526 2.997730276216664
2527 3.0996417369445024
2528 3.102791345847399
2529 3.095125017432026
2530 3.0828269804049246
2531 3.0726933146901194
2532 3.0855729775537806
2533 3.098288861879083
2534 3.142858338444285
2535 3.1130707659712242
2536 3.095577608523707
2537 3.101442727976105
2538 3.104586678466073
2539 3.111735949310297
2540 3.055415275715165
2541 3.0694473113762717
2542 3.109060958860994
2543 3.095577608523707
2544 3.072230244526716
2545 3.0325462466767075
2546 3.0315819264476884
2547 3.0373539482448106
2548 3.012589390620414
2549 3.033028058297688
2550 3.028683373693677
2551 3.029650491757452
2552 3.0238337036648657
2553 2.9796028916241073
2554 2.9882040071331994
2555 2.993730270883318
2556 3.017493765335504
2557 3.054001181677967
2558 3.0430928449138284
2559 3.0402275134405423
2560 3.029650491757452
2561 3.0199369622508083
2562 3.0233474405869645
2563 3.027715319407042
2564 3.0633909220278057
2565 3.045474365448805
2566 3.0368742168851663
2567 3.0421386463681466
2568 3.0473755067058295
2569 3.012589390620414
2570 2.9987277825337895
2571 3.0204248861443626
2572 3.017982882488811
2573 3.021400020302569
2574 3.0373539482448106
2575 3.0535293722802077
2576 3.052112606990099
2577 3.040705639196722
2578 3.0325462466767075
2579 3.0257763949023677
2580 3.0248055210396982
2581 3.0096351787229825
2582 3.018960399673198
2583 3.012589390620414
2584 3.0218872310308424
2585 3.005682604407159
2586 3.0022112396517002
2587 3.004692014925463
2588 3.013572191682322
2589 3.007166651179654
2590 3.018960399673198
2591 3.0525850851467737
2592 3.110399348532117
2593 3.1535903581695712
2594 3.1250046092581303
2595 3.1788868166518376
2596 3.164630810015805
2597 3.1834558796369405
2598 3.1986731175506815
2599 3.2188758248682006
2600 3.2168738221975275
2601 3.1994891110680106
2602 3.1834558796369405
2603 3.188416617383492
2604 3.1830413718589847
2605 3.188416617383492
2606 3.1917101567954314
2607 3.2339614622862416
2608 3.228430037673012
2609 3.208017081533325
2610 3.199896858270398
2611 3.2256528091472245
2612 3.208421366964342
2613 3.192942442841696
2614 3.1497400860333387
2615 3.1372318358276905
2616 3.119276459645446
2617 3.0814511489565284
2618 3.099190981922221
2619 3.091951131294534
2620 3.055886196373738
2621 3.0572976292121457
2622 3.0782334950657346
2623 3.0726933146901194
2624 3.08922261664133
2625 3.0535293722802077
2626 3.0754672415728446
2627 3.0846584827483925
2628 3.061520014091994
2629 3.0392705755684744
2630 3.044522437723423
2631 3.0855729775537806
2632 3.1144038032714896
2633 3.0487989944906833
2634 3.0860299115347716
2635 3.075005454448499
2636 3.1023420086122493
2637 3.1183922862898785
2638 3.1359289040472746
2639 3.1467351470905185
2640 3.1480240838962494
2641 3.1488824530476656
2642 3.139399623366404
2643 3.1557230098629323
2644 3.1415627217655304
2645 3.1059310658520665
2646 3.086943153607375
2647 3.0819099697950434
2648 3.0855729775537806
2649 3.1041381473977774
2650 3.0851158346886765
2651 3.0666566118906897
2652 3.09874002362822
2653 3.096482176654134
2654 3.086486636822455
2655 3.089677886396519
2656 3.088311454847084
2657 3.12982600803469
2658 3.121483478859551
2659 3.086943153607375
2660 3.086943153607375
2661 3.093312601892855
2662 3.114847754444153
2663 3.0506938316279655
2664 3.056356895370426
2665 3.015044584586364
2666 3.0243197304059035
2667 3.035914063186823
2668 3.0257763949023677
2669 3.0223742045004123
2670 3.0487989944906833
2671 3.029650491757452
2672 3.0238337036648657
2673 2.995732273553991
2674 3.0037004432031678
2675 3.013572191682322
2676 3.030616675407493
2677 3.054944133185837
2678 3.0402275134405423
2679 3.031099417391282
2680 3.044998514856909
2681 3.0411835364579085
2682 3.0530573401732606
2683 3.0596455992976437
2684 3.0497468618602293
2685 3.046425387869509
2686 3.0325462466767075
2687 3.0459499897146083
2688 3.027715319407042
2689 3.0459499897146083
2690 3.041661205442391
2691 3.0267463270831603
2692 3.017982882488811
2693 3.017493765335504
2694 3.0155349008501706
2695 3.007166651179654
2696 3.005682604407159
2697 3.0101281538377234
2698 3.0091419604639085
2699 3.0007198150650303
2700 2.9785861147190205
2701 2.9801108926510342
2702 2.9801108926510342
2703 2.9851767596144745
2704 2.9887076586170265
2705 2.9967317738870745
2706 2.9745086371023644
2707 2.950211758252182
2708 2.9569914452375605
2709 2.958549482426275
2710 2.9580304063699794
2711 2.955430976780465
2712 2.9595868269176377
2713 2.968361076757859
2714 2.9714395809849465
2715 2.9699015135194693
2716 3.0140632302387145
2717 3.0199369622508083
2718 3.0233474405869645
2719 3.038791763014438
2720 3.0291670496402285
2721 3.0209125720842893
2722 3.0349529867072724
2723 3.0530573401732606
2724 3.055886196373738
2725 3.031099417391282
2726 3.021400020302569
2727 3.033509637888021
2728 3.0291670496402285
2729 3.0291670496402285
2730 3.0411835364579085
2731 3.0440461338325417
2732 3.0596455992976437
2733 3.0525850851467737
2734 3.0544727685765913
2735 3.0530573401732606
2736 3.0717669598299886
2737 3.100542637906336
2738 3.073618812211062
2739 3.0666566118906897
2740 2.995232148512309
2741 3.001217203784561
2742 3.0007198150650303
2743 3.006672213592325
2744 2.9871959425317045
2745 2.9428587839469227
2746 2.924236271848921
2747 2.934388643312939
2748 2.9407479652212314
2749 2.922623801733353
2750 2.918851229218033
2751 2.833213344056216
2752 2.7013612129514133
2753 2.729159164312445
2754 2.73696154459663
2755 2.727199019940971
2756 2.7414849771884473
2757 2.7140322727797574
2758 2.719319793360441
2759 2.7219531062712017
2760 2.7376090033437546
2761 2.706048198431537
2762 2.719978771967484
2763 2.716018370751387
2764 2.667922410011431
2765 2.6953026282797072
2766 2.6720775406433925
2767 2.6939512767227085
2768 2.691243082785829
2769 2.7265447837383743
2770 2.740194654428777
2771 2.761274962339508
2772 2.7555697170701863
2773 2.7466296830696852
2774 2.757475084429733
2775 2.7421295147550726
2776 2.740194654428777
2777 2.7631695003232895
2778 2.7744619666214616
2779 2.7656899805486246
2780 2.804571768092832
2781 2.8231630082027146
2782 2.830857630363757
2783 2.8656235882069705
2784 2.851284369188118
2785 2.829087196145044
2786 2.8195915758351173
2787 2.7893229212309465
2788 2.8355635214011694
2789 2.837322536806349
2790 2.8130106367386967
2791 2.8154087194227095
2792 2.839663087904102
2793 2.8326249356838407
2794 2.8183982582710754
2795 2.8390784635086144
2796 2.7899373605743945
2797 2.8172035149987327
2798 2.8148097376737438
2799 2.7917784166329223
2800 2.7819200496686656
2801 2.766319109226186
2802 2.7788192719904172
2803 2.8673305587494666
2804 2.884800712846709
2805 2.9338568698359038
2806 2.9407479652212314
2807 2.9215473753646144
2808 2.905807566026004
2809 2.9085390618516134
2810 2.9595868269176377
2811 2.9402195636237325
2812 2.97092715463502
2813 2.9668182633893485
2814 2.9512577834521614
2815 2.9590682891823996
2816 2.953868069455292
2817 2.970414465569701
2818 2.9559514035421466
2819 2.9338568698359038
2820 2.935451342669061
2821 2.9750192319564492
2822 2.97756830292632
2823 3.0170044088295307
2824 3.001217203784561
2825 3.064791809485486
2826 3.0740812399649675
2827 3.073618812211062
2828 3.086943153607375
2829 3.070839746040796
2830 3.0577676644734435
2831 3.0402275134405423
2832 3.033509637888021
2833 3.0717669598299886
2834 3.083743150876704
2835 3.095125017432026
2836 3.0914968955383704
2837 3.092405160814252
2838 3.1032404812692764
2839 3.0819099697950434
2840 3.100092288878234
2841 3.265759410767051
2842 3.3600281046240843
2843 3.327909585892323
2844 3.270708973508218
2845 3.3579418729911983
2846 3.307619034702589
2847 3.3101779832749867
2848 3.3250360206965914
2849 3.309447523052588
2850 3.329343277894172
2851 3.3054204262683866
2852 3.282038399825841
2853 3.246880021277798
2854 3.232384174892993
2855 3.2684276036974484
2856 3.269949095052201
2857 3.2872818575322613
2858 3.2729851505152325
2859 3.2965773325320527
2860 3.23907053215372
2861 3.2260500286162013
2862 3.2296179214001026
2863 3.2445435716167785
2864 3.2433732964685884
2865 3.2304090606818736
2866 3.208421366964342
2867 3.202746442938317
2868 3.205993199037187
2869 3.201933104137889
2870 3.151025157960026
2871 3.147594622863237
2872 3.1437211512674406
2873 3.142858338444285
2874 3.1531632815028194
2875 3.2003044392827653
2876 3.231989464013584
2877 3.219675505038765
2878 3.228430037673012
2879 3.2240623515555007
2880 3.2072080200005186
2881 3.2208738275308737
2882 3.2260500286162013
2883 3.22207071576472
2884 3.229222116922345
2885 3.2160718975354663
2886 3.2156706939192525
2887 3.1978564576441255
2888 3.1994891110680106
2889 3.164630810015805
2890 3.1480240838962494
2891 3.1514531485507664
2892 3.1642084235258925
2893 3.1629401925378975
2894 3.1359289040472746
2895 3.150596984114906
2896 3.126760535960395
2897 3.1307001339644756
2898 3.1285133847878095
2899 3.1514531485507664
2900 3.1271990362962967
2901 3.125443880075648
2902 3.110399348532117
2903 3.120159851929043
2904 3.138966441639899
2905 3.1445832202863455
2906 3.15016862685841
2907 3.1280754605417043
2908 3.1372318358276905
2909 3.145444546782318
2910 3.179719109667007
2911 3.1945831322991562
2912 3.213260086082565
2913 3.190476350346503
2914 3.188416617383492
2915 3.2088254890146994
2916 3.2031528644029645
2917 3.1982648709640764
2918 3.201933104137889
2919 3.201933104137889
2920 3.2003044392827653
2921 3.2088254890146994
2922 3.211649779776461
2923 3.201526186533088
2924 3.190064743014081
2925 3.1949928844048685
2926 3.226447090364519
2927 3.219675505038765
2928 3.217675104291682
2929 3.1801349965517702
2930 3.1587011018321305
2931 3.139399623366404
2932 3.1285133847878095
2933 3.1463051320333655
2934 3.1376657694426577
2935 3.0809921175048145
2936 3.090132948975475
2937 3.058237478905388
2938 3.0726933146901194
2939 3.0777729838902004
2940 3.0814511489565284
2941 3.0791538816930633
2942 3.0754672415728446
2943 3.070839746040796
2944 3.0487989944906833
2945 3.0577676644734435
2946 3.044522437723423
2947 3.0378334495726262
2948 3.012589390620414
2949 3.0325462466767075
2950 3.055886196373738
2951 3.0731561705187946
2952 3.076851324838783
2953 3.0411835364579085
2954 3.0199369622508083
2955 3.027230940613362
2956 3.013572191682322
2957 3.011113375592293
2958 3.0086484988205373
2959 3.012589390620414
2960 3.0281994636914926
2961 3.033509637888021
2962 3.0199369622508083
2963 3.0204248861443626
2964 3.021400020302569
2965 3.0091419604639085
2966 3.076851324838783
2967 3.0754672415728446
2968 3.0699116717282426
2969 3.0291670496402285
2970 3.030616675407493
2971 3.031099417391282
2972 2.9851767596144745
2973 2.9856819377004897
2974 2.9616582932202395
2975 2.967332799032293
2976 2.9734866646066713
2977 2.9657883971809187
2978 2.9714395809849465
2979 2.9647574692545606
2980 2.97092715463502
2981 2.984671326194566
2982 2.9668182633893485
2983 2.9601050959108397
2984 2.9719517448885875
2985 3.007166651179654
2986 2.997730276216664
2987 2.975529566236472
2988 2.9750192319564492
2989 2.972975286431375
2990 2.976549454137217
2991 2.997231149677727
2992 2.9745086371023644
2993 2.9739977814079848
2994 2.9734866646066713
2995 2.9699015135194693
2996 2.9699015135194693
2997 2.9193910402972683
2998 2.8936995479888394
2999 2.9025198918318122
3000 2.8701690505786455
3001 2.8633430855082453
3002 2.89314568477889
3003 2.9041650800285006
3004 2.8909271591878647
3005 2.884241897520628
3006 2.91235066461494
3007 2.9391619220655967
3008 2.9317269435780786
3009 2.9465420293632194
3010 2.953868069455292
3011 2.9386326815134183
3012 2.952302715626655
3013 2.950211758252182
3014 2.944965156500338
3015 2.9391619220655967
3016 2.9486406660201405
3017 2.9391619220655967
3018 2.94706710157271
3019 2.9851767596144745
3020 2.9861868607104594
3021 2.9851767596144745
3022 2.9992261628082466
3023 3.0022112396517002
3024 3.0017143452315387
3025 3.0017143452315387
3026 2.9997242948235283
3027 2.9657883971809187
3028 2.972975286431375
3029 2.9770590082883697
3030 2.9637254774189046
3031 2.9714395809849465
3032 2.968874819384108
3033 2.968361076757859
3034 2.972975286431375
3035 2.9719517448885875
3036 2.97092715463502
3037 2.969388298214389
3038 2.975529566236472
3039 2.963209081848431
3040 2.9616582932202395
3041 2.9569914452375605
3042 2.9412760877579323
3043 2.958549482426275
3044 2.947591898226056
3045 2.9559514035421466
3046 2.97092715463502
3047 3.00617753141553
3048 3.0007198150650303
3049 3.0076608444192647
3050 3.0032042883926917
3051 3.035433640405543
3052 3.064325065019603
3053 3.0619880693310564
3054 3.12060125559986
3055 3.1755507001298273
3056 3.1834558796369405
3057 3.170945291110651
3058 3.165053018170694
3059 3.1917101567954314
3060 3.159550358783386
3061 3.142858338444285
3062 3.130263166511597
3063 3.1531632815028194
3064 3.1471649773142003
3065 3.126760535960395
3066 3.1415627217655304
3067 3.132009891846539
3068 3.157425862551978
3069 3.158276202739271
3070 3.150596984114906
3071 3.1493113614822916
3072 3.1437211512674406
3073 3.1497400860333387
3074 3.1488824530476656
3075 3.105035008444441
3076 3.095125017432026
3077 3.1059310658520665
3078 3.086486636822455
3079 3.1023420086122493
3080 3.1032404812692764
3081 3.086943153607375
3082 3.0782334950657346
3083 3.061520014091994
3084 3.060583245873607
3085 3.062923523094314
3086 3.0717669598299886
3087 3.09058780456667
3088 3.0914968955383704
3089 3.092858984284714
3090 3.087399462079815
3091 3.0791538816930633
3092 3.0851158346886765
3093 3.1276373444339294
3094 3.1441522786722644
3095 3.190476350346503
3096 3.1851121947153915
3097 3.1851121947153915
3098 3.1867657709499673
3099 3.1688448912626357
3100 3.1625170911988163
3101 3.17220341666977
3102 3.218475744846861
3103 3.2200751054436827
3104 3.2891478778535324
3105 3.2913825156549485
3106 3.2850380271218693
3107 3.3648791189880436
3108 3.3921566370100065
3109 3.3603753871419
3110 3.3579418729911983
3111 3.3991953789914824
3112 3.385067999732272
3113 3.398192872641857
3114 3.4474446328274753
3115 3.4547381485901854
3116 3.411807560774171
3117 3.4326960487215263
3118 3.477540948249489
3119 3.4735180432417816
3120 3.4716558453107167
3121 3.4515735889872223
3122 3.4784670171534557
3123 3.4836986031738992
3124 3.452524008827496
3125 3.474447843401748
3126 3.4597807057610526
3127 3.449987545831587
3128 3.471345141564237
3129 3.4965075614664802
3130 3.4882920885130893
3131 3.5467396869528134
3132 3.5539184686798193
3133 3.575710756008298
3134 3.5901634811747787
3135 3.6553226705850936
3136 3.6653549090669792
3137 3.7376696182833684
3138 3.7426571597944074
3139 3.76861442213279
3140 3.6896291730044823
3141 3.6640743351949654
3142 3.6828613817883733
3143 3.696103299203256
3144 3.734569580031052
3145 3.722797672317397
3146 3.7393348976024297
3147 3.7062280924485496
3148 3.7118632905043114
3149 3.6871279210751298
3150 3.6948615257914836
3151 3.723763855967438
3152 3.711130063048756
3153 3.781002742989742
3154 3.7702289998102594
3155 3.76861442213279
3156 3.7669972333778885
3157 3.7819143200811256
3158 3.8133070324889884
3159 3.8323302365188976
3160 3.8983296782961436
3161 3.991019011654644
3162 3.9993010135352067
3163 4.088996955895506
3164 4.063885354737392
3165 4.1121844803504315
3166 4.062165663857866
3167 4.073631520624559
3168 4.058890081237698
3169 4.0007662152625345
3170 3.993602992420569
3171 4.019980146933238
3172 4.04602928527588
3173 4.080245637842599
3174 4.126327608075152
3175 4.178685710655851
3176 4.176538799848087
3177 4.132603274339191
3178 4.080752608702634
3179 4.057680577850509
3180 4.07278038430626
3181 4.03175968703048
3182 4.059235385108533
3183 4.050392674692918
3184 4.0963425648847736
3185 4.113983777474449
3186 4.095344062555184
3187 4.0884941485439255
3188 4.033178126984613
3189 4.014399072045013
3190 4.016743316198549
3191 3.974809993526911
3192 4.007151350519723
3193 4.048998460455224
3194 4.060960118202517
3195 4.054910492976694
3196 4.0402403032289
3197 4.048998460455224
3198 4.0505668148762055
3199 4.073801660990771
3200 4.059235385108533
3201 4.078045789252598
3202 4.068684815441523
3203 4.057161771094385
3204 4.057507672170127
3205 4.024100908833496
3206 4.003872659058025
3207 4.008241863168689
3208 4.022848560517031
3209 4.061132428015987
3210 4.066287964439575
3211 4.104129862956897
3212 4.080245637842599
3213 4.0943445622221
3214 4.079400114836278
3215 4.098336583491638
3216 4.113166316462689
3217 4.10280864063423
3218 4.115290326737563
3219 4.129872568281246
3220 4.140910031369422
3221 4.158257887965753
3222 4.140432666414855
3223 4.160756327741352
3224 4.142340760490356
3225 4.111529386976201
3226 4.098834467494953
3227 4.095344062555184
3228 4.101651137404539
3229 4.14883274750617
3230 4.148674906767148
3231 4.139636551413807
3232 4.14424522067556
3233 4.170842533194826
3234 4.273048472104136
3235 4.2859286446285445
3236 4.297693486208131
3237 4.343285806357451
3238 4.311470041210748
3239 4.294424173937759
3240 4.273745190588392
3241 4.296877159632186
3242 4.248923721667427
3243 4.218772140597153
3244 4.244630641232919
3245 4.273466561441981
3246 4.214938458520516
3247 4.1956970564823886
3248 4.18737942818929
3249 4.253482783560398
3250 4.247208700523894
3251 4.2801323269925415
3252 4.327042326341122
3253 4.338858139272503
3254 4.30406509320417
3255 4.297285406218791
3256 4.307841736484505
3257 4.306224921257599
3258 4.3010876921685295
3259 4.2740237421222265
3260 4.279440045898781
3261 4.233236561088719
3262 4.272630207894483
3263 4.328230210068212
3264 4.318021304697969
3265 4.307572448748934
3266 4.317354771313298
3267 4.372733587762289
3268 4.402196841463264
3269 4.463952184072554
3270 4.492896943505305
3271 4.582924577040772
3272 4.527532916260939
3273 4.573782712746459
3274 4.5490230253650905
3275 4.565389315976247
3276 4.689603241962921
3277 4.740662155425248
3278 4.750049447306176
3279 4.697384669975903
3280 4.712678393703377
3281 4.797937000643585
3282 4.791151703613533
3283 4.750135956238277
3284 4.715458539882214
3285 4.71276819658611
3286 4.6580472255888585
3287 4.654817125877505
3288 4.655387902148709
3289 4.616110126026426
3290 4.655578088531937
3291 4.6813902118995
3292 4.653769855824153
3293 4.638991734463602
3294 4.638701669196884
3295 4.618086411254637
3296 4.645832167706981
3297 4.642176911617187
3298 4.631032845513819
3299 4.656908381392506
3300 4.682964213428112
3301 4.740312779930385
3302 4.7017522838343355
3303 4.683519152399068
3304 4.675442238973423
3305 4.578620850754555
3306 4.610754564281992
3307 4.604570005916059
3308 4.651862913980073
3309 4.6166045636137545
3310 4.565389315976247
3311 4.5884308619837935
3312 4.549763178716353
3313 4.554403068934438
3314 4.547223226033242
3315 4.5666372362713075
3316 4.491889499529125
3317 4.496247778763904
3318 4.553876891600541
3319 4.57522630961502
3320 4.61015772749913
3321 4.598044861045503
3322 4.593300013417604
3323 4.540204907135732
3324 4.637346917683312
3325 4.6023662586553575
3326 4.598850257243272
3327 4.592591403781231
3328 4.587108043169683
3329 4.5560849782976
3330 4.517758728977122
3331 4.523960130562548
3332 4.56611745872439
3333 4.587820547652979
3334 4.620649756836477
3335 4.561427263040173
3336 4.55849777778966
3337 4.564452352709533
3338 4.561949483533528
3339 4.5635145107192585
3340 4.586395030661757
3341 4.578004517915322
3342 4.5921862584297966
3343 4.608265390895394
3344 4.589955020181611
3345 4.525693984486295
3346 4.5409516136614405
3347 4.545632473271895
3348 4.537319519079917
3349 4.520701029361642
3350 4.511408806173617
3351 4.523417684115833
3352 4.538602941715978
3353 4.526776118560079
3354 4.484131857611035
3355 4.484696032520217
3356 4.430459592195472
3357 4.416790314610172
3358 4.42232849394725
3359 4.429625613473161
3360 4.475858449507752
3361 4.458640393292194
3362 4.473237514727265
3363 4.467516020689296
3364 4.46900676117522
3365 4.466137977292534
3366 4.534747721691546
3367 4.529260591887741
3368 4.520483377820898
3369 4.533674184283021
3370 4.574814065973192
3371 4.580979947186874
3372 4.552191261197205
3373 4.571820206306537
3374 4.6155164780422355
3375 4.633174382397689
3376 4.646983688801502
3377 4.656528478263233
3378 4.612642200826793
3379 4.6005595734304086
3380 4.581901559048737
3381 4.553245113123172
3382 4.568091177746671
3383 4.591476858856089
3384 4.624972813284271
3385 4.599755553286593
3386 4.601362947645137
3387 4.584661309356551
3388 4.58445714439055
3389 4.569646629919045
3390 4.579236803961587
3391 4.55650501400681
3392 4.584252937732703
3393 4.563722996073918
3394 4.5582882000879605
3395 4.541697763032518
3396 4.57944203741536
3397 4.559858963278089
3398 4.577284982498556
3399 4.626931677769604
3400 4.623697490601975
3401 4.6280074198908485
3402 4.6480380862152675
3403 4.662778498608405
3404 4.681019498271529
3405 4.690154509893088
3406 4.68610480348409
3407 4.684258592307055
3408 4.694370831446394
3409 4.683888940699482
3410 4.659374240001603
3411 4.6491870714048655
3412 4.714741822417382
3413 4.736373871603436
3414 4.686750172980514
3415 4.711779921046349
3416 4.748057673536639
3417 4.754107298762462
3418 4.756087071304952
3419 4.753934959253203
3420 4.718677426781686
3421 4.713845202613747
3422 4.694370831446394
3423 4.69866052907543
3424 4.69391339582248
3425 4.682223815430383
3426 4.69125613490122
3427 4.711869804647147
3428 4.725616339063959
3429 4.729332828608514
3430 4.724463192176074
3431 4.698387267699225
3432 4.700480365792417
3433 4.675908200493433
3434 4.666735541646246
3435 4.636959508477498
3436 4.650334737942465
3437 4.654626794700683
3438 4.6450637496497675
3439 4.625364893273611
3440 4.63035048451839
3441 4.618974466964488
3442 4.615813346086571
3443 4.627909672957581
3444 4.645544080126364
3445 4.635020207956977
3446 4.6315199613108735
3447 4.638798366968075
3448 4.623501142672815
3449 4.6976582054232425
3450 4.694462293466853
3451 4.703113260318055
3452 4.686381441412914
3453 4.701207374185033
3454 4.754279608575932
3455 4.817212344231128
3456 4.857639502684128
3457 4.868994921909306
3458 4.923551187189142
3459 4.904756125442696
3460 4.872598529412604
3461 4.8610519458900745
3462 4.854137417311759
3463 4.868149645799501
3464 4.860277412507694
3465 4.868841288478369
3466 4.864915639746849
3467 4.873057631111693
3468 4.8735929835010605
3469 4.8635264290580436
3470 4.891100725401066
3471 4.805249797703749
3472 4.873057631111693
3473 4.873745888700135
3474 4.926818808003145
3475 4.974524407083897
3476 4.974939029437982
3477 4.973141089668675
3478 4.999709153962702
3479 4.977492075503002
3480 4.989002993969142
3481 4.97907582518849
3482 4.989275454974846
3483 4.972864196409257
3484 4.954629157306516
3485 4.996198246298486
3486 4.990500611675875
3487 5.002603122398992
3488 5.014892884348897
3489 5.009834973925487
3490 5.010968571886377
3491 5.019793231881021
3492 5.096568312087983
3493 5.125807517138075
3494 5.132675920005281
3495 5.214392131610276
3496 5.134621273877247
3497 5.211233259640923
3498 5.23606955306851
3499 5.2411118927772575
3500 5.198552278358462
3501 5.203237160297767
3502 5.2631046107922925
3503 5.2935058095508145
3504 5.34199926763416
3505 5.290033146960339
3506 5.2284312390838705
3507 5.202632116413628
3508 5.131376911792384
3509 5.1553703572281036
3510 5.12324943846539
3511 5.2549922418096635
3512 5.242328856339181
3513 5.181277804446684
3514 5.188558302555298
3515 5.131022343770705
3516 5.137620305850745
3517 5.1703703522174145
3518 5.166783976586187
3519 5.1703703522174145
3520 5.162612184382661
3521 5.1709952279726865
3522 5.221490316434711
3523 5.249757175932659
3524 5.2521163476473225
3525 5.267806611343015
3526 5.233138640523042
3527 5.249599699750607
3528 5.228860101532815
3529 5.207735988316799
3530 5.213249554157973
3531 5.225854194814321
3532 5.246655583224145
3533 5.212922863531088
3534 5.219220045189334
3535 5.259160651346843
3536 5.278063637520769
3537 5.275304592238964
3538 5.275048739608683
3539 5.283305246427533
3540 5.301412571455339
3541 5.288064990083686
3542 5.24391397766865
3543 5.247760642930884
3544 5.19750206130922
3545 5.224078616612505
3546 5.235750234279208
3547 5.231322497723759
3548 5.2264990787575645
3549 5.220139585484013
3550 5.232604823182656
3551 5.205873076156757
3552 5.147494476813453
3553 5.1670690799380825
3554 5.168721078376963
3555 5.159802146691291
3556 5.185148668442399
3557 5.191566996601156
3558 5.202412009660965
3559 5.177279038170981
3560 5.2108513407667605
3561 5.189506460689857
3562 5.1802655447719
3563 5.155831718251282
3564 5.1589978262986245
3565 5.1519033480925005
3566 5.144991346595335
3567 5.143824961672758
3568 5.149527292962874
3569 5.162669449951754
3570 5.1615808429745655
3571 5.122415161556265
3572 5.020651629371744
3573 5.0174122783752795
3574 4.980931814722814
3575 4.930292541413717
3576 4.960113631748675
3577 4.954276560426871
3578 4.999304677753871
3579 5.006961888729947
3580 4.94121375931775
3581 4.9263112121835375
3582 4.883937641050299
3583 4.920272854015864
3584 4.917130150899396
3585 4.902455994582567
3586 4.900225012769285
3587 4.9014898468354575
3588 4.9620751034808785
3589 4.965079892436753
3590 4.981892825230601
3591 4.956319893883986
3592 4.951168335262708
3593 5.018603463745433
3594 5.01674989509611
3595 5.003274939689963
3596 5.003610679159292
3597 5.034482020570536
3598 5.033505108187003
3599 5.06037738599107
3600 5.04413454263666
3601 5.0592984660755365
3602 5.069847153728102
3603 5.054588381624718
3604 4.989888220951467
3605 4.9856593080260785
3606 5.000988917044451
3607 4.967379785425298
3608 4.958850650946495
3609 4.960394077659509
3610 4.920418786157677
3611 4.933898227875873
3612 4.946487807605782
3613 4.966613742001925
3614 4.959201638981406
3615 4.931086908669788
3616 4.906977032485268
3617 4.9051266193152605
3618 4.9101517555179335
3619 4.8496837630384935
3620 4.84717474494322
3621 4.79231343306126
3622 4.8247072417081895
3623 4.86514698734765
3624 4.901118002856905
3625 4.927615938376164
3626 4.942070902227372
3627 4.962634818041073
3628 4.965428701258176
3629 4.96953548321083
3630 4.989139233751369
3631 4.973556285854835
3632 4.984085958862719
3633 4.984085958862719
3634 4.996198246298486
3635 5.0342867144275365
3636 5.0407764510082425
3637 5.04426347507624
3638 5.044456842571766
3639 5.000988917044451
3640 4.98784420579544
3641 4.980038620118788
3642 4.968284353555726
3643 4.962354999921024
3644 5.030111070596912
3645 5.039157961029457
3646 4.997009550514443
3647 4.9839490288337505
3648 4.970785049496295
3649 4.986615788252036
3650 4.991112627607392
3651 4.9783186926197125
3652 4.964451729791774
3653 4.966753066279407
3654 5.0082324094799455
3655 4.994302639475358
3656 4.983880556787436
3657 4.9684234452869465
3658 4.966195652664082
3659 5.016882406856722
3660 5.049086480470509
3661 5.092399595898895
3662 5.063543949751658
3663 5.082707862887907
3664 5.130135373307801
3665 5.12924761542983
3666 5.15421602257378
3667 5.156292866518619
3668 5.147610749123333
3669 5.160031833743694
3670 5.123904453822123
3671 5.138500665094152
3672 5.1800404589569835
3673 5.232444622397328
3674 5.2064213518435
3675 5.187218194029317
3676 5.184588601219693
3677 5.1923455529745945
3678 5.19877323621165
e
0 0
1 0
2 0
3 0
4 0
5 0
6 0
7 0
8 0
9 0
10 0
11 0
12 0
13 0
14 1.232673539150682
15 1.2510934496078794
16 1.2726556629247567
17 1.2758919201775654
18 1.2387386686646034
19 1.2268720661620116
20 1.2167181939941276
21 1.1838604678497817
22 1.1769925908394412
23 1.1743525143037994
24 1.1743525143037994
25 1.1743525143037994
26 1.170217818562546
27 1.170217818562546
28 1.170217818562546
29 1.1599524438347206
30 1.1599524438347206
31 1.1599524438347206
32 1.1599524438347206
33 1.1599524438347206
34 1.144511006426994
35 1.1477813467815934
36 1.1477813467815934
37 1.1477813467815934
38 1.1477813467815934
39 1.1477813467815934
40 1.157167824996038
41 1.1720317091610535
42 1.179553986490343
43 1.179553986490343
44 1.2001756498740281
45 1.2361806001794653
46 1.279687343525488
47 1.279687343525488
48 1.279687343525488
49 1.279687343525488
50 1.3059624971601398
51 1.324347199267872
52 1.324347199267872
53 1.3407415730625902
54 1.3798580496988178
55 1.3877522803988604
56 1.3877522803988604
57 1.3877522803988604
58 1.3987906601589057
59 1.4399081219783239
60 1.4481727729539293
61 1.4481727729539293
62 1.4258226834949759
63 1.4225548853586778
64 1.3778817976433346
65 1.3769217570581698
66 1.375896730285036
67 1.1686448552296969
68 1.1686448552296969
69 1.1686448552296969
70 1.1593935483994486
71 1.1352120387151627
72 1.1166659188050747
73 1.1166659188050747
74 1.1166659188050747
75 1.1166659188050747
76 1.0787296186614364
77 1.0623508365423502
78 1.0476106838810961
79 1.0476106838810961
80 1.0476106838810961
81 1.0476106838810961
82 1.0831160090113572
83 1.089221199002934
84 1.111957271740383
85 1.111957271740383
86 1.111957271740383
87 1.1123982536887094
88 1.1123982536887094
89 1.1123982536887094
90 1.1123982536887094
91 1.1132371448716123
92 1.1593449104460105
93 1.2238716593859604
94 1.2238716593859604
95 1.0939938015474109
96 1.0755396048036363
97 1.0755396048036363
98 1.0755396048036363
99 1.0612952932585267
100 1.0612952932585267
101 1.0612952932585267
102 1.0612952932585267
103 1.0612952932585267
104 1.0612952932585267
105 1.0541097282919691
106 1.0348397740450461
107 1.026685828042135
108 1.0262920437549767
109 1.019350136533912
110 1.019350136533912
111 1.019350136533912
112 1.019350136533912
113 1.019350136533912
114 1.0419056806727438
115 1.0419056806727438
116 1.0419056806727438
117 1.0419056806727438
118 1.0423049681194807
119 1.0423049681194807
120 1.0423049681194807
121 1.0452895033596044
122 1.0452895033596044
123 1.0452895033596044
124 1.0515485156390905
125 1.0806829697010785
126 1.0806829697010785
127 1.0900475543827461
128 1.0900475543827461
129 1.0900475543827461
130 1.0900475543827461
131 1.1222982967759403
132 1.1211685491848424
133 1.1161671084898401
134 1.112267799774282
135 1.112267799774282
136 1.108192148243092
137 1.0705554558372168
138 1.0599340011934524
139 1.025159405922449
140 1.025159405922449
141 1.025159405922449
142 1.0094201629197397
143 1.0047218058596772
144 0.9956697851040883
145 0.9943465954466484
146 0.9893364834526892
147 0.9893364834526892
148 0.9893364834526892
149 0.9780530961464892
150 0.9412493887943371
151 0.9024557504230353
152 0.8965851783956394
153 0.8598920594274921
154 0.8431069589668363
155 0.8431069589668363
156 0.8431069589668363
157 0.8431069589668363
158 0.8431069589668363
159 0.8431069589668363
160 0.8431069589668363
161 0.8431069589668363
162 0.8431069589668363
163 0.8331310963399294
164 0.8331310963399294
165 0.8331310963399294
166 0.8442238618884566
167 0.8470792113622857
168 0.8470792113622857
169 0.8577239261851617
170 0.9120651698933357
171 0.8991354154465452
172 0.8991354154465452
173 0.890120870391071
174 0.890120870391071
175 0.8700963353875053
176 0.8700963353875053
177 0.8700963353875053
178 0.8700963353875053
179 0.8700963353875053
180 0.8700963353875053
181 0.8700963353875053
182 0.8416824090981463
183 0.8132246179495954
184 0.805410477794424
185 0.7963208207582565
186 0.7554151996983096
187 0.7317983722275522
188 0.7229489638595863
189 0.7213645204526478
190 0.7124817339196945
191 0.7124817339196945
192 0.7124817339196945
193 0.7124817339196945
194 0.7124817339196945
195 0.7124817339196945
196 0.7124817339196945
197 0.7059780117709834
198 0.6808773700066126
199 0.6681410926115879
200 0.6672650832012484
201 0.6560008782690178
202 0.6560008782690178
203 0.6121128121938955
204 0.6121128121938955
205 0.6006376847588086
206 0.6006376847588086
207 0.5909249436190827
208 0.5301751323127675
209 0.5301751323127675
210 0.5258351777335444
211 0.5258351777335444
212 0.5041056412308424
213 0.4647195006461933
214 0.4570218044918073
215 0.45567434403403984
216 0.4499803701963133
217 0.4499803701963133
218 0.41722027919232385
219 0.41722027919232385
220 0.41722027919232385
221 0.4101708170025731
222 0.38667755806053206
223 0.38667755806053206
224 0.38667755806053206
225 0.38667755806053206
226 0.38667755806053206
227 0.370071150634546
228 0.370071150634546
229 0.370071150634546
230 0.370071150634546
231 0.370071150634546
232 0.41467153170027465
233 0.45425891247598554
234 0.5523564294786444
235 0.5784510935689122
236 0.5784510935689122
237 0.5784510935689122
238 0.5784510935689122
239 0.5784510935689122
240 0.5784510935689122
241 0.5784510935689122
242 0.5888272480040313
243 0.5888272480040313
244 0.5888272480040313
245 0.6210003454799154
246 0.6792503029454974
247 0.719743037122367
248 0.7591469311237755
249 0.7584351092875132
250 0.722800528014264
251 0.722800528014264
252 0.722800528014264
253 0.722800528014264
254 0.722800528014264
255 0.722800528014264
256 0.722800528014264
257 0.722800528014264
258 0.7274441598591707
259 0.7322349710907473
260 0.7322349710907473
261 0.7322349710907473
262 0.7322349710907473
263 0.7322349710907473
264 0.7441467418102328
265 0.7441467418102328
266 0.7441467418102328
267 0.7441467418102328
268 0.7467616151588714
269 0.75585972752793
270 0.759945844535316
271 0.759945844535316
272 0.7744559053821982
273 0.8067399662268397
274 0.8067399662268397
275 0.8067399662268397
276 0.8067399662268397
277 0.8067399662268397
278 0.8067399662268397
279 0.8099047703338385
280 0.8101034589913307
281 0.8101034589913307
282 0.8141592730986942
283 0.815413855440029
284 0.815413855440029
285 0.731652237563
286 0.731652237563
287 0.731652237563
288 0.727652216229462
289 0.727652216229462
290 0.727652216229462
291 0.727652216229462
292 0.727652216229462
293 0.727652216229462
294 0.727652216229462
295 0.727652216229462
296 0.727652216229462
297 0.727652216229462
298 0.7252165746249337
299 0.6536630484292905
300 0.6555387625865601
301 0.6658166167610806
302 0.6817712598820431
303 0.6853784538121681
304 0.6948672983587876
305 0.6948672983587876
306 0.7081225384222871
307 0.7110867077072273
308 0.6999479694215225
309 0.6999479694215225
310 0.6999479694215225
311 0.6999479694215225
312 0.6931993328399905
313 0.6931993328399905
314 0.6931993328399905
315 0.6931993328399905
316 0.6870635989918723
317 0.6501592125744331
318 0.6501592125744331
319 0.6184843610194741
320 0.5756023693936402
321 0.5661202348240468
322 0.5469757218929575
323 0.5469757218929575
324 0.5432283810118272
325 0.5240584537210579
326 0.5111334985596442
327 0.5004790017972569
328 0.5004790017972569
329 0.5004790017972569
330 0.4835009876514532
331 0.4775548975730759
332 0.46312517292627586
333 0.45019193088602216
334 0.4451294114132677
335 0.4657286085438773
336 0.4747907797479304
337 0.4747907797479304
338 0.4747907797479304
339 0.4747907797479304
340 0.4768075625359124
341 0.4768075625359124
342 0.484132182189618
343 0.484132182189618
344 0.484132182189618
345 0.5058119757065316
346 0.5058119757065316
347 0.5058119757065316
348 0.5058119757065316
349 0.5202175297707431
350 0.5147954226722079
351 0.5053519638452081
352 0.4950560171853141
353 0.4950560171853141
354 0.4882991576019527
355 0.486524532846382
356 0.44352074655644597
357 0.4073312922391831
358 0.2996675757336056
359 0.2996675757336056
360 0.2996675757336056
361 0.2996675757336056
362 0.27722179184477796
363 0.27686665717462466
364 0.2682066222487737
365 0.2560410170759017
366 0.25272759337491135
367 0.2435087194020885
368 0.2435087194020885
369 0.2435087194020885
370 0.22174295467365138
371 0.224939116995291
372 0.239505139292698
373 0.35065329096158615
374 0.3874753224417983
375 0.39169408503275704
376 0.39169408503275704
377 0.39169408503275704
378 0.39169408503275704
379 0.39169408503275704
380 0.39169408503275704
381 0.39169408503275704
382 0.437617071586085
383 0.44770409676193823
384 0.48432772604000873
385 0.506962740250458
386 0.6088786796482764
387 0.6088786796482764
388 0.6130628044835346
389 0.6130628044835346
390 0.6353303506996035
391 0.6353303506996035
392 0.6353303506996035
393 0.6423234716869735
394 0.6624010244532492
395 0.6867166822053598
396 0.7132299605170429
397 0.7559941227793278
398 0.7559941227793278
399 0.8919241289783595
400 0.977788777228725
401 0.977788777228725
402 0.977788777228725
403 0.977788777228725
404 0.9888746448542167
405 0.9888746448542167
406 0.9888746448542167
407 0.9888746448542167
408 0.9888746448542167
409 0.9888746448542167
410 0.9940275768629205
411 1.0257396071968572
412 1.0619289344201173
413 1.0704387994496916
414 1.1517153676688747
415 1.1517153676688747
416 1.1517153676688747
417 1.1517153676688747
418 1.1517153676688747
419 1.1517153676688747
420 1.1517153676688747
421 1.1517153676688747
422 1.1517153676688747
423 1.215418788332079
424 1.234405589095507
425 1.234493368893839
426 1.2568566137159882
427 1.2568566137159882
428 1.2568566137159882
429 1.2568566137159882
430 1.2568566137159882
431 1.2568566137159882
432 1.2568566137159882
433 1.2568566137159882
434 1.3027159610371428
435 1.2585251077223547
436 1.177968845280282
437 1.177968845280282
438 1.177968845280282
439 1.177968845280282
440 1.177968845280282
441 1.163344575966443
442 1.163344575966443
443 1.150780001384272
444 1.134044407251713
445 1.1367470106747446
446 1.156257196961558
447 1.1633692679341507
448 1.169138326657294
449 1.169138326657294
450 1.169138326657294
451 1.2760910859593941
452 1.3026944271117329
453 1.3106513582813162
454 1.3228341643624946
455 1.3228341643624946
456 1.3228341643624946
457 1.3228341643624946
458 1.3228341643624946
459 1.3493382979054398
460 1.40167162856178
461 1.4128359303876135
462 1.4128359303876135
463 1.4128359303876135
464 1.4128359303876135
465 1.4389005117384466
466 1.4798089653164896
467 1.4839070823193794
468 1.4839070823193794
469 1.5069933220477334
470 1.5568267547190304
471 1.5590503881563567
472 1.5690623262130443
473 1.6541596476596991
474 1.6743804802349194
475 1.6895297092954427
476 1.6895297092954427
477 1.6922611273172703
478 1.6999141234123272
479 1.7234471936313178
480 1.7755925642476496
481 1.7902356384137486
482 1.831457905221591
483 1.8617739877965347
484 1.9155316632324555
485 1.9281914883054705
486 1.9340482797907954
487 1.9399425350401684
488 1.9621338659222918
489 1.9958789867235
490 2.0084819665356157
491 2.0084819665356157
492 2.012848806519993
493 2.02238016643317
494 2.0527436256202924
495 2.080238733951431
496 2.1183654203109157
497 2.138970153446893
498 2.138970153446893
499 2.138970153446893
500 2.138970153446893
501 2.138970153446893
502 2.138970153446893
503 2.1683904034583596
504 2.1683904034583596
505 2.156443612832559
506 2.156443612832559
507 2.156443612832559
508 2.1360483504708636
509 2.1349246836953273
510 2.127953255313085
511 2.200303321653869
512 2.2448273075945884
513 2.2448273075945884
514 2.2448273075945884
515 2.2448273075945884
516 2.2448273075945884
517 2.2448273075945884
518 2.2448273075945884
519 2.2448273075945884
520 2.33447838186854
521 2.4079659792369057
522 2.4408928161995025
523 2.4476665767366454
524 2.470183233032862
525 2.524251836628989
526 2.5549908405413575
527 2.5549908405413575
528 2.5549908405413575
529 2.5549908405413575
530 2.5549908405413575
531 2.5549908405413575
532 2.5549908405413575
533 2.5549908405413575
534 2.5549908405413575
535 2.6707210993505948
536 2.6684053701270503
537 2.6684053701270503
538 2.6684053701270503
539 2.6684053701270503
540 2.6582704972245885
541 2.6246179644688072
542 2.6189257724829638
543 2.58948236726601
544 2.58948236726601
545 2.58948236726601
546 2.58948236726601
547 2.58948236726601
548 2.58948236726601
549 2.58948236726601
550 2.58948236726601
551 2.610199830977656
552 2.610199830977656
553 2.610199830977656
554 2.595616571969181
555 2.595616571969181
556 2.5834837962311457
557 2.5834837962311457
558 2.5834837962311457
559 2.579464427219558
560 2.592030897907712
561 2.5993049212909742
562 2.5993049212909742
563 2.5993049212909742
564 2.5993049212909742
565 2.6291363370084837
566 2.651323241194618
567 2.6726740633653625
568 2.674708502342713
569 2.6840009993566945
570 2.6840009993566945
571 2.6840009993566945
572 2.691731783839061
573 2.7092820158211968
574 2.7092820158211968
575 2.7073727423590714
576 2.7073727423590714
577 2.689468838303981
578 2.689468838303981
579 2.689468838303981
580 2.68540714583105
581 2.6823676227928592
582 2.657166861449785
583 2.6511444216917157
584 2.6511444216917157
585 2.6511444216917157
586 2.640875612309121
587 2.6392730734203167
588 2.635007872477317
589 2.637061579390422
590 2.637061579390422
591 2.637061579390422
592 2.637061579390422
593 2.679226680337996
594 2.6881270074789594
595 2.6949817276993544
596 2.710830059150407
597 2.710830059150407
598 2.710830059150407
599 2.710830059150407
600 2.710830059150407
601 2.6839276007577064
602 2.666062931947149
603 2.666062931947149
604 2.659374449491546
605 2.659374449491546
606 2.659374449491546
607 2.659374449491546
608 2.659374449491546
609 2.689888825722787
610 2.7340986229565285
611 2.7370952006216793
612 2.7370952006216793
613 2.7370952006216793
614 2.7615615342021833
615 2.774130757934924
616 2.774130757934924
617 2.774130757934924
618 2.774130757934924
619 2.814401180892741
620 2.847713729255783
621 2.87053781788063
622 2.8856903425833034
623 2.913088955815667
624 2.943754706441662
625 2.977981546065677
626 2.998575325268984
627 3.030688666831646
628 3.045168958329821
629 3.0651306205860727
630 3.0651306205860727
631 3.0651306205860727
632 3.0651306205860727
633 3.074623270541613
634 3.074623270541613
635 3.082590893226824
636 3.0922007367344095
637 3.1201490495181057
638 3.129589332919899
639 3.1494727701984337
640 3.174680899510683
641 3.1811313196513127
642 3.2235789162839423
643 3.2235789162839423
644 3.2235789162839423
645 3.2235789162839423
646 3.2235789162839423
647 3.2235789162839423
648 3.2235789162839423
649 3.2651610399987927
650 3.2651610399987927
651 3.2651610399987927
652 3.3190183309106853
653 3.3190183309106853
654 3.3190183309106853
655 3.318583070903589
656 3.302823929856245
657 3.302823929856245
658 3.302823929856245
659 3.302823929856245
660 3.302823929856245
661 3.302823929856245
662 3.302823929856245
663 3.302823929856245
664 3.2838704863160038
665 3.2051053847400484
666 3.2021853178304807
667 3.2727387628612554
668 3.2727387628612554
669 3.3177136960365727
670 3.3177136960365727
671 3.3177136960365727
672 3.3177136960365727
673 3.3177136960365727
674 3.3177136960365727
675 3.3300954765631223
676 3.3432269274546025
677 3.3783239476473073
678 3.390366471065538
679 3.390366471065538
680 3.4729107764749654
681 3.5154968147673546
682 3.5489579317444617
683 3.5683449178052733
684 3.605435075403248
685 3.625351491503917
686 3.6331508769169165
687 3.644694567381321
688 3.644694567381321
689 3.666600433402548
690 3.667156410852205
691 3.667156410852205
692 3.667156410852205
693 3.667156410852205
694 3.6965421855507037
695 3.7139901691808106
696 3.719938266304083
697 3.789430266356568
698 3.793112714471652
699 3.793112714471652
700 3.791620068499361
701 3.8067599716250147
702 3.8067599716250147
703 3.8067599716250147
704 3.8067599716250147
705 3.8067599716250147
706 3.8115498684907267
707 3.8115498684907267
708 3.8115498684907267
709 3.8115498684907267
710 3.8152519653881027
711 3.8247582064746073
712 3.8247582064746073
713 3.8247582064746073
714 3.827831998806695
715 3.8177934206964586
716 3.80967627746608
717 3.807792077039032
718 3.807792077039032
719 3.807792077039032
720 3.8036936934369434
721 3.795499339302725
722 3.795499339302725
723 3.7885489325234523
724 3.7885489325234523
725 3.7584478276045563
726 3.7584478276045563
727 3.7584478276045563
728 3.7584478276045563
729 3.7584478276045563
730 3.7759635016035586
731 3.780164435833171
732 3.780164435833171
733 3.7596198737265167
734 3.7596198737265167
735 3.7596198737265167
736 3.7596198737265167
737 3.7596198737265167
738 3.7596198737265167
739 3.7596198737265167
740 3.792594320830001
741 3.792594320830001
742 3.792594320830001
743 3.792594320830001
744 3.792594320830001
745 3.8161467595338925
746 3.8447229436711527
747 3.8447229436711527
748 3.6720590492090723
749 3.6720590492090723
750 3.6720590492090723
751 3.6720590492090723
752 3.6720590492090723
753 3.6720590492090723
754 3.6720590492090723
755 3.6720590492090723
756 3.6720590492090723
757 3.6720590492090723
758 3.5637080101743575
759 3.5087756784864252
760 3.5087756784864252
761 3.502839586846071
762 3.4604349525495017
763 3.4604349525495017
764 3.4604349525495017
765 3.4604349525495017
766 3.413994424028666
767 3.386994169309212
768 3.3499586740146983
769 3.319728722830409
770 3.298392390686933
771 3.284114968186225
772 3.284114968186225
773 3.284114968186225
774 3.3330120528518696
775 3.4350199561131087
776 3.429848635860206
777 3.429848635860206
778 3.429848635860206
779 3.429848635860206
780 3.429848635860206
781 3.429848635860206
782 3.409563461693474
783 3.405013763100912
784 3.405013763100912
785 3.3998525001319546
786 3.400536163534295
787 3.430251158356117
788 3.4626293796910765
789 3.4841464087387592
790 3.4841464087387592
791 3.5051183356696445
792 3.529804518594594
793 3.535010121391677
794 3.5649445983939616
795 3.5762430787006547
796 3.578725977481352
797 3.58335564018775
798 3.592488314176397
799 3.608703813840334
800 3.642828251504501
801 3.6479062730016203
802 3.6516254280264056
803 3.6516254280264056
804 3.6516254280264056
805 3.6516254280264056
806 3.6516254280264056
807 3.6516254280264056
808 3.6516254280264056
809 3.6516254280264056
810 3.6516254280264056
811 3.6516254280264056
812 3.6516254280264056
813 3.6502661159069087
814 3.64935785044371
815 3.64935785044371
816 3.64935785044371
817 3.6567435091038663
818 3.6567435091038663
819 3.647256342072809
820 3.646375386704074
821 3.646375386704074
822 3.6303906217428765
823 3.630498417793168
824 3.630498417793168
825 3.630498417793168
826 3.639507670544507
827 3.639507670544507
828 3.639507670544507
829 3.639507670544507
830 3.6420644861364515
831 3.6420644861364515
832 3.633844964650276
833 3.5876587744214863
834 3.5876587744214863
835 3.5694228847807152
836 3.5382161479889467
837 3.4752876380825324
838 3.43913332593913
839 3.3625146410066398
840 3.356247336280581
841 3.3406950682054783
842 3.335964134548306
843 3.312257308424674
844 3.312257308424674
845 3.307302240134251
846 3.294792510653105
847 3.29357005012139
848 3.29357005012139
849 3.2872716799724113
850 3.2507731971703855
851 3.2507731971703855
852 3.2507731971703855
853 3.2507731971703855
854 3.3700575112769324
855 3.4097188300695267
856 3.4097188300695267
857 3.41895163713009
858 3.431053841957911
859 3.431053841957911
860 3.431053841957911
861 3.433322871562917
862 3.433322871562917
863 3.433322871562917
864 3.441489431440175
865 3.4592170286621426
866 3.4856635414996244
867 3.4856635414996244
868 3.5081236431988065
869 3.5136803265852796
870 3.514637661657715
871 3.514637661657715
872 3.514637661657715
873 3.514637661657715
874 3.514637661657715
875 3.514637661657715
876 3.5080809698627844
877 3.5080809698627844
878 3.5080809698627844
879 3.541210533762258
880 3.5526155882538824
881 3.558723175035404
882 3.558723175035404
883 3.552599951770839
884 3.552599951770839
885 3.552599951770839
886 3.552599951770839
887 3.5463374788661763
888 3.537503806611663
889 3.537503806611663
890 3.537503806611663
891 3.537503806611663
892 3.537503806611663
893 3.5208891316278415
894 3.5208891316278415
895 3.4885642507965473
896 3.437769426101438
897 3.424495483482957
898 3.424495483482957
899 3.420927940135296
900 3.415934507532998
901 3.4099953137216836
902 3.3982222410640537
903 3.391544806133153
904 3.372674642141729
905 3.372270632808295
906 3.3673992919329665
907 3.353638032593101
908 3.353638032593101
909 3.353638032593101
910 3.339881872584038
911 3.3134995833005445
912 3.286682586610624
913 3.2725444252322067
914 3.262632630292745
915 3.239610915469137
916 3.239610915469137
917 3.220631140127802
918 3.2109538777531554
919 3.2169175952059943
920 3.2264637952027932
921 3.2264637952027932
922 3.2264637952027932
923 3.2402719885377227
924 3.2402719885377227
925 3.240796834095099
926 3.240796834095099
927 3.240796834095099
928 3.27804115215553
929 3.282225276990788
930 3.331432977718931
931 3.332901524120932
932 3.3461595062976
933 3.3540285588387597
934 3.3552428424394063
935 3.3552428424394063
936 3.3552428424394063
937 3.357417375506679
938 3.369687248231308
939 3.3880972574109185
940 3.3880972574109185
941 3.3880972574109185
942 3.405867470537614
943 3.4233355433209223
944 3.4514460223023233
945 3.4514460223023233
946 3.4514460223023233
947 3.4514460223023233
948 3.459304222860332
949 3.459304222860332
950 3.459304222860332
951 3.4636775879629926
952 3.474162335360498
953 3.5046094437754647
954 3.5046094437754647
955 3.519290749963454
956 3.549710418404438
957 3.5602453501705797
958 3.5602453501705797
959 3.587366289663726
960 3.587366289663726
961 3.5886023842364203
962 3.5886023842364203
963 3.5886023842364203
964 3.5886023842364203
965 3.602467799957614
966 3.602467799957614
967 3.602467799957614
968 3.6268510377934384
969 3.649753054065134
970 3.651313995271865
971 3.666264116916417
972 3.6717528241869566
973 3.685616605742121
974 3.685616605742121
975 3.685616605742121
976 3.6870894281161695
977 3.696004414866492
978 3.698952233762488
979 3.698952233762488
980 3.698952233762488
981 3.7303246710425952
982 3.7480334244376508
983 3.834151284962454
984 3.9179589896645832
985 3.9538246406213147
986 3.9713633173354914
987 3.9955921041447864
988 3.9955921041447864
989 3.9955921041447864
990 4.023911160967906
991 4.071544111665578
992 4.071544111665578
993 4.071544111665578
994 4.07472865005904
995 4.075042505021861
996 4.0789088020102975
997 4.124009657036708
998 4.181561354186566
999 4.240617590926084
1000 4.240617590926084
1001 4.240617590926084
1002 4.240617590926084
1003 4.240617590926084
1004 4.29013000256175
1005 4.3148750752238385
1006 4.3148750752238385
1007 4.3148750752238385
1008 4.3167764962662165
1009 4.298414215735367
1010 4.298414215735367
1011 4.298414215735367
1012 4.287976761084279
1013 4.310046151150608
1014 4.3114738737149825
1015 4.338923136651237
1016 4.338923136651237
1017 4.379463270364386
1018 4.386619119658846
1019 4.386619119658846
1020 4.386619119658846
1021 4.407344881857197
1022 4.40803095468855
1023 4.47545733086301
1024 4.492165107936836
1025 4.530530354729173
1026 4.532038651498887
1027 4.57632811292279
1028 4.625265936688709
1029 4.62757281776822
1030 4.658974350204451
1031 4.673340669523748
1032 4.74467172029801
1033 4.74467172029801
1034 4.755083129462542
1035 4.771890007464984
1036 4.788497189514287
1037 4.808195854109526
1038 4.824969329132935
1039 4.824969329132935
1040 4.824969329132935
1041 4.871017703381689
1042 4.9263138715638775
1043 4.9842279843777835
1044 5.0007587878327495
1045 5.007273537977916
1046 5.055552428535524
1047 5.070187708281276
1048 5.113693396776092
1049 5.113693396776092
1050 5.113693396776092
1051 5.113693396776092
1052 5.113693396776092
1053 5.113693396776092
1054 5.113693396776092
1055 5.113693396776092
1056 5.113693396776092
1057 5.113693396776092
1058 5.113693396776092
1059 5.181151918070643
1060 5.181151918070643
1061 5.193955852221547
1062 5.193955852221547
1063 5.162776062034277
1064 5.131848307058876
1065 5.122663146128886
1066 5.112686349350626
1067 5.112686349350626
1068 5.107543981147383
1069 5.107543981147383
1070 5.05023595818227
1071 5.05023595818227
1072 5.04539832542056
1073 5.031312886937213
1074 5.031312886937213
1075 5.031312886937213
1076 5.021240686947451
1077 5.021124062070836
1078 5.006970388654508
1079 5.006970388654508
1080 4.987240257253962
1081 4.987240257253962
1082 4.948999257648563
1083 4.948999257648563
1084 4.948999257648563
1085 4.948999257648563
1086 4.948999257648563
1087 4.948999257648563
1088 4.948999257648563
1089 4.938032483479078
1090 4.920870963815224
1091 4.90386593675588
1092 4.890377393576916
1093 4.890377393576916
1094 4.890377393576916
1095 4.890377393576916
1096 4.890377393576916
1097 4.926938525991397
1098 4.926938525991397
1099 4.926938525991397
1100 4.926938525991397
1101 4.925230694588484
1102 4.922657959840381
1103 4.915060852469922
1104 4.915060852469922
1105 4.915060852469922
1106 4.915060852469922
1107 4.93902086817957
1108 4.966177426804959
1109 4.979499952708162
1110 4.996603276758987
1111 5.009071740832623
1112 5.009071740832623
1113 5.016980293135106
1114 5.016980293135106
1115 5.024222586982092
1116 5.028358006482027
1117 5.028358006482027
1118 5.039296060536753
1119 5.043679121068672
1120 5.053964612414214
1121 5.0577542865996765
1122 5.093112915400596
1123 5.095952408583948
1124 5.095952408583948
1125 5.095952408583948
1126 5.095952408583948
1127 5.095952408583948
1128 5.093584472715444
1129 5.081718297504686
1130 5.081718297504686
1131 5.074079219530414
1132 5.0581590536209475
1133 5.054398504780524
1134 5.054398504780524
1135 5.0365382124927685
1136 5.0365382124927685
1137 5.027072390824874
1138 5.027072390824874
1139 5.027072390824874
1140 5.027072390824874
1141 5.024372327888631
1142 5.00458819364567
1143 5.001296460745408
1144 5.017452113171581
1145 5.017452113171581
1146 5.017452113171581
1147 5.017452113171581
1148 5.017452113171581
1149 5.017452113171581
1150 5.023151035094714
1151 5.023151035094714
1152 5.046817164473788
1153 5.046817164473788
1154 5.046817164473788
1155 5.053666350905617
1156 5.055065908057681
1157 5.055065908057681
1158 5.061878809672626
1159 5.133449777225142
1160 5.148570285897362
1161 5.149885024609567
1162 5.1769199902600915
1163 5.189254398733768
1164 5.200966518827729
1165 5.200966518827729
1166 5.200966518827729
1167 5.200966518827729
1168 5.200966518827729
1169 5.200966518827729
1170 5.200966518827729
1171 5.205680927718006
1172 5.218534202541594
1173 5.252713811339042
1174 5.284705683549524
1175 5.284705683549524
1176 5.282281368037243
1177 5.282281368037243
1178 5.282281368037243
1179 5.282281368037243
1180 5.282281368037243
1181 5.282281368037243
1182 5.282281368037243
1183 5.282281368037243
1184 5.282281368037243
1185 5.282281368037243
1186 5.282281368037243
1187 5.271360425034445
1188 5.26549043509803
1189 5.261459111386355
1190 5.265395952860409
1191 5.277070504340198
1192 5.277070504340198
1193 5.299189899790736
1194 5.334275964786835
1195 5.340807806260038
1196 5.365709217501948
1197 5.36772942227045
1198 5.36772942227045
1199 5.372744509450419
1200 5.372744509450419
1201 5.372744509450419
1202 5.372744509450419
1203 5.405104825350746
1204 5.426800883185969
1205 5.426800883185969
1206 5.43202475534271
1207 5.438448085936747
1208 5.458370848436045
1209 5.479501241113375
1210 5.479501241113375
1211 5.499926709944103
1212 5.499926709944103
1213 5.499926709944103
1214 5.499926709944103
1215 5.471247896088092
1216 5.471247896088092
1217 5.471247896088092
1218 5.471247896088092
1219 5.469783653364702
1220 5.463629550320655
1221 5.4586432506528215
1222 5.458386703768184
1223 5.458386703768184
1224 5.458228763310423
1225 5.44958485155906
1226 5.447813798346861
1227 5.447813798346861
1228 5.447813798346861
1229 5.444780422005742
1230 5.436224881832317
1231 5.435940825500365
1232 5.42809225877544
1233 5.42583040400993
1234 5.42583040400993
1235 5.418159587245537
1236 5.367612559951357
1237 5.367612559951357
1238 5.367612559951357
1239 5.367612559951357
1240 5.367612559951357
1241 5.367612559951357
1242 5.367612559951357
1243 5.352782011548287
1244 5.354535081212931
1245 5.354535081212931
1246 5.354535081212931
1247 5.354535081212931
1248 5.354535081212931
1249 5.354535081212931
1250 5.354535081212931
1251 5.361166513474469
1252 5.374480446177314
1253 5.389828022502151
1254 5.389828022502151
1255 5.389828022502151
1256 5.3508486021715385
1257 5.344242193362977
1258 5.344242193362977
1259 5.332479920839498
1260 5.314367191160089
1261 5.314367191160089
1262 5.314367191160089
1263 5.309499567533612
1264 5.309499567533612
1265 5.296618319303551
1266 5.28750384140095
1267 5.290085563055951
1268 5.291944429224518
1269 5.293590972973753
1270 5.317768569191621
1271 5.323779712341478
1272 5.331479226783337
1273 5.331479226783337
1274 5.345832682369771
1275 5.345832682369771
1276 5.345832682369771
1277 5.311726931765806
1278 5.311726931765806
1279 5.311726931765806
1280 5.311726931765806
1281 5.311726931765806
1282 5.311726931765806
1283 5.311726931765806
1284 5.311726931765806
1285 5.311726931765806
1286 5.311726931765806
1287 5.311726931765806
1288 5.311726931765806
1289 5.303954593455686
1290 5.303954593455686
1291 5.252611708915947
1292 5.260515049212314
1293 5.260515049212314
1294 5.234532637810726
1295 5.201031013246926
1296 5.201031013246926
1297 5.201031013246926
1298 5.201031013246926
1299 5.201031013246926
1300 5.201031013246926
1301 5.188202480363469
1302 5.163425921776061
1303 5.139326857615511
1304 5.139326857615511
1305 5.127697229715476
1306 5.120935766020218
1307 5.107836914793354
1308 5.105148225226026
1309 5.102499754869747
1310 5.119614761288799
1311 5.119614761288799
1312 5.119614761288799
1313 5.119614761288799
1314 5.119614761288799
1315 5.119614761288799
1316 5.119614761288799
1317 5.119614761288799
1318 5.125992314340282
1319 5.136083641160537
1320 5.136443812748752
1321 5.149527222266563
1322 5.149527222266563
1323 5.183634500802789
1324 5.183634500802789
1325 5.183634500802789
1326 5.183634500802789
1327 5.183634500802789
1328 5.185447981995241
1329 5.191351857888689
1330 5.196076956660065
1331 5.196076956660065
1332 5.206434058853847
1333 5.206434058853847
1334 5.206434058853847
1335 5.206434058853847
1336 5.211688564644977
1337 5.23439405006731
1338 5.2365915500032285
1339 5.23805495358279
1340 5.245113084213347
1341 5.245113084213347
1342 5.247583627362683
1343 5.246704718117629
1344 5.243287848328347
1345 5.23087796656292
1346 5.223382547633919
1347 5.223382547633919
1348 5.223382547633919
1349 5.223382547633919
1350 5.223382547633919
1351 5.2218937423414475
1352 5.2218937423414475
1353 5.2218937423414475
1354 5.2218937423414475
1355 5.208504835744513
1356 5.19226624917899
1357 5.173872217831459
1358 5.159196569386184
1359 5.152939014402182
1360 5.152578718944328
1361 5.152578718944328
1362 5.152578718944328
1363 5.152578718944328
1364 5.111630413609726
1365 5.083262095454807
1366 5.083262095454807
1367 5.083262095454807
1368 5.046324871046682
1369 5.038301456020424
1370 5.038301456020424
1371 5.033832497969533
1372 5.029848056736415
1373 5.024501023820908
1374 5.024501023820908
1375 5.024501023820908
1376 5.016941140484462
1377 5.005533801601376
1378 4.9994852223487705
1379 4.959175767092335
1380 4.953670060925809
1381 4.953670060925809
1382 4.934059704349169
1383 4.9502590741078
1384 4.9502590741078
1385 4.964431429433678
1386 4.964431429433678
1387 4.964431429433678
1388 4.964431429433678
1389 4.964431429433678
1390 4.964431429433678
1391 4.964431429433678
1392 4.971572498615691
1393 4.980590553248195
1394 4.983301593425102
1395 4.995087513537511
1396 4.990727654493264
1397 4.990727654493264
1398 4.981037214485374
1399 4.981037214485374
1400 4.956117818113618
1401 4.956117818113618
1402 4.956117818113618
1403 4.956117818113618
1404 4.953701807372775
1405 4.909869198899763
1406 4.886660332519908
1407 4.844046810102462
1408 4.784656060618508
1409 4.722073328874792
1410 4.721447981378045
1411 4.721447981378045
1412 4.721447981378045
1413 4.720934780671532
1414 4.680490115180776
1415 4.680490115180776
1416 4.680490115180776
1417 4.680490115180776
1418 4.680490115180776
1419 4.643337177720813
1420 4.617913178783914
1421 4.617834376577289
1422 4.56088466603585
1423 4.522296388559886
1424 4.522296388559886
1425 4.522296388559886
1426 4.520432587118606
1427 4.520432587118606
1428 4.520432587118606
1429 4.536502138177052
1430 4.549743247701125
1431 4.549743247701125
1432 4.549743247701125
1433 4.549743247701125
1434 4.5665503660175055
1435 4.571158693569967
1436 4.592090520389883
1437 4.592090520389883
1438 4.600765269553935
1439 4.600765269553935
1440 4.611934167534153
1441 4.611934167534153
1442 4.611934167534153
1443 4.611934167534153
1444 4.611934167534153
1445 4.633206642881477
1446 4.633206642881477
1447 4.639059226285017
1448 4.6595256344168146
1449 4.6595256344168146
1450 4.663932798312193
1451 4.665393262526025
1452 4.673370945921089
1453 4.673370945921089
1454 4.673370945921089
1455 4.673370945921089
1456 4.6830114489639225
1457 4.712294532534981
1458 4.71268803968761
1459 4.748817495938959
1460 4.732026001224183
1461 4.720203309024836
1462 4.720203309024836
1463 4.679398300288154
1464 4.666946874682164
1465 4.666946874682164
1466 4.666946874682164
1467 4.660466945776999
1468 4.643495890924083
1469 4.635317650901564
1470 4.635317650901564
1471 4.635317650901564
1472 4.632534037014183
1473 4.628004434404093
1474 4.621988144186969
1475 4.598828376947244
1476 4.595602261966651
1477 4.590770408716573
1478 4.584522382659702
1479 4.584522382659702
1480 4.584522382659702
1481 4.576690194517878
1482 4.576690194517878
1483 4.572699391475498
1484 4.572699391475498
1485 4.555242404777083
1486 4.555242404777083
1487 4.555242404777083
1488 4.555242404777083
1489 4.548915314022567
1490 4.518345868217822
1491 4.515541489915547
1492 4.505649873613294
1493 4.489057099120467
1494 4.481692285531679
1495 4.480497541832989
1496 4.443974693769159
1497 4.443974693769159
1498 4.443974693769159
1499 4.443974693769159
1500 4.443974693769159
1501 4.443974693769159
1502 4.443974693769159
1503 4.440582727517308
1504 4.440582727517308
1505 4.440582727517308
1506 4.440582727517308
1507 4.440582727517308
1508 4.463707053030465
1509 4.47843645665107
1510 4.47843645665107
1511 4.504109645940615
1512 4.5444809703119695
1513 4.549628109310825
1514 4.549628109310825
1515 4.549628109310825
1516 4.549628109310825
1517 4.549628109310825
1518 4.549628109310825
1519 4.549628109310825
1520 4.549628109310825
1521 4.553360575248206
1522 4.560917394153231
1523 4.559053459096223
1524 4.554009428049699
1525 4.531708515947914
1526 4.531708515947914
1527 4.524256813196626
1528 4.503391476968389
1529 4.499062445596832
1530 4.495392886331098
1531 4.474973593826634
1532 4.461628260277258
1533 4.456113400064108
1534 4.447150152811926
1535 4.447150152811926
1536 4.4431879925230895
1537 4.439973260242839
1538 4.439973260242839
1539 4.439973260242839
1540 4.439973260242839
1541 4.439973260242839
1542 4.440473510409631
1543 4.425565967870039
1544 4.425565967870039
1545 4.425565967870039
1546 4.422889779500743
1547 4.419467990188153
1548 4.403221280008751
1549 4.405483858563626
1550 4.405483858563626
1551 4.415114974961153
1552 4.42154629459033
1553 4.429994694787069
1554 4.4315355280557736
1555 4.4315355280557736
1556 4.4385194914501245
1557 4.438898628119972
1558 4.454397320792614
1559 4.456177400157316
1560 4.457513023924232
1561 4.457513023924232
1562 4.46325985068691
1563 4.475049922889642
1564 4.478776951816439
1565 4.478959533523781
1566 4.492407336550047
1567 4.492407336550047
1568 4.492407336550047
1569 4.50188852787115
1570 4.5040164421834925
1571 4.543208140540018
1572 4.552208626821351
1573 4.557770632775803
1574 4.557770632775803
1575 4.557770632775803
1576 4.557770632775803
1577 4.561846664304499
1578 4.561846664304499
1579 4.564981470811297
1580 4.575450334870091
1581 4.604321300789646
1582 4.6129131862503145
1583 4.622023537168317
1584 4.631511280950816
1585 4.6503819064579925
1586 4.662598007944146
1587 4.662598007944146
1588 4.702293479392964
1589 4.702293479392964
1590 4.722432852188586
1591 4.7282373980298145
1592 4.7282373980298145
1593 4.751472835218985
1594 4.761470979051802
1595 4.794963757620747
1596 4.812083677645051
1597 4.812083677645051
1598 4.820130531479689
1599 4.820130531479689
1600 4.820130531479689
1601 4.831484166800071
1602 4.849676137556379
1603 4.8659532220366355
1604 4.8659532220366355
1605 4.8659532220366355
1606 4.854405961738008
1607 4.837426627312217
1608 4.837426627312217
1609 4.837426627312217
1610 4.837426627312217
1611 4.828994131755631
1612 4.828994131755631
1613 4.81038141935933
1614 4.806204827060864
1615 4.8001666334977795
1616 4.8001666334977795
1617 4.8001666334977795
1618 4.796493657309893
1619 4.752404578751762
1620 4.71665955485469
1621 4.69672256099712
1622 4.69672256099712
1623 4.69672256099712
1624 4.69672256099712
1625 4.69647744292701
1626 4.680745435020649
1627 4.67017655946063
1628 4.67017655946063
1629 4.67017655946063
1630 4.67017655946063
1631 4.67017655946063
1632 4.666935827379293
1633 4.65161772798238
1634 4.640316279493506
1635 4.640876617792689
1636 4.643719553667865
1637 4.616863949583311
1638 4.6147020690732
1639 4.6147020690732
1640 4.6147020690732
1641 4.618678049340153
1642 4.622896709729779
1643 4.629248882279661
1644 4.629248882279661
1645 4.629248882279661
1646 4.629248882279661
1647 4.629248882279661
1648 4.629248882279661
1649 4.629248882279661
1650 4.629248882279661
1651 4.629248882279661
1652 4.629248882279661
1653 4.6421851348268
1654 4.648377322867577
1655 4.637892819073098
1656 4.6276610752927185
1657 4.6276610752927185
1658 4.6254016950360555
1659 4.623586811010766
1660 4.623586811010766
1661 4.6132534926064865
1662 4.593373922035354
1663 4.590225449534559
1664 4.590225449534559
1665 4.590225449534559
1666 4.590225449534559
1667 4.5873503380599825
1668 4.576796563268049
1669 4.57518121113613
1670 4.57033921692846
1671 4.5151988995772605
1672 4.5151988995772605
1673 4.513430724846549
1674 4.509330113947149
1675 4.509330113947149
1676 4.509330113947149
1677 4.508138099873086
1678 4.508138099873086
1679 4.507839651794189
1680 4.503642565093157
1681 4.495549318084933
1682 4.4904236965712645
1683 4.48106304876716
1684 4.477448501383478
1685 4.477448501383478
1686 4.4691408087127416
1687 4.4691408087127416
1688 4.463735350660634
1689 4.463735350660634
1690 4.443158438615976
1691 4.443158438615976
1692 4.428186059392859
1693 4.4256692184891575
1694 4.396897426107005
1695 4.3265069495291435
1696 4.3265069495291435
1697 4.322924593039449
1698 4.312453006116828
1699 4.156514199349904
1700 4.09589361850011
1701 4.055508410210293
1702 4.015801902403863
1703 4.015801902403863
1704 4.012389335835639
1705 3.997431353237005
1706 3.991218518134439
1707 3.9836986129090586
1708 3.970842073563189
1709 3.9626693299761997
1710 3.9626693299761997
1711 3.9626693299761997
1712 3.9331078396280104
1713 3.9234128462606925
1714 3.858605404191083
1715 3.851823084674014
1716 3.851823084674014
1717 3.904235676543644
1718 3.941711171647696
1719 3.953640166874643
1720 3.953640166874643
1721 3.953640166874643
1722 3.953640166874643
1723 3.9790684734535953
1724 3.975006374244324
1725 3.975006374244324
1726 3.965731880477745
1727 3.965731880477745
1728 3.965731880477745
1729 3.965731880477745
1730 3.965731880477745
1731 3.962544138138849
1732 3.942259169361826
1733 3.9343664172468804
1734 3.926885506439061
1735 3.926885506439061
1736 3.926885506439061
1737 3.926885506439061
1738 3.926885506439061
1739 3.8829743264083794
1740 3.865879651874227
1741 3.8443129664654396
1742 3.8443129664654396
1743 3.8443129664654396
1744 3.8443129664654396
1745 3.8443129664654396
1746 3.8421135494291976
1747 3.8080040217848494
1748 3.8080040217848494
1749 3.8080040217848494
1750 3.805045433270805
1751 3.792526001061887
1752 3.7907988836278435
1753 3.7832105509401783
1754 3.7832105509401783
1755 3.7832105509401783
1756 3.7779234926142635
1757 3.76014727733735
1758 3.76014727733735
1759 3.76014727733735
1760 3.76014727733735
1761 3.7535473927052867
1762 3.7273619712057924
1763 3.7273619712057924
1764 3.7273619712057924
1765 3.7273619712057924
1766 3.7258096570126433
1767 3.711830816973362
1768 3.704313493244266
1769 3.6984361944016326
1770 3.6984361944016326
1771 3.6896000907971245
1772 3.6896000907971245
1773 3.6896000907971245
1774 3.6896000907971245
1775 3.6896000907971245
1776 3.6896000907971245
1777 3.6966904362215796
1778 3.7031368291775415
1779 3.7089626639529456
1780 3.707343666316058
1781 3.7046336325813884
1782 3.6527076364734263
1783 3.65002606580007
1784 3.6021275800188364
1785 3.586759801422473
1786 3.5277476126633225
1787 3.4984864227724377
1788 3.4984864227724377
1789 3.4948262253446054
1790 3.4948262253446054
1791 3.4948262253446054
1792 3.4819137181962336
1793 3.4810572393375976
1794 3.4533632750109504
1795 3.4452733281724344
1796 3.442503237984627
1797 3.418108155899911
1798 3.418108155899911
1799 3.418108155899911
1800 3.418108155899911
1801 3.418108155899911
1802 3.418108155899911
1803 3.418108155899911
1804 3.435773811006314
1805 3.435773811006314
1806 3.4481201173014995
1807 3.454794298713213
1808 3.4766665731946413
1809 3.484899329295742
1810 3.484899329295742
1811 3.484899329295742
1812 3.484899329295742
1813 3.484899329295742
1814 3.484899329295742
1815 3.484899329295742
1816 3.4901030823201893
1817 3.5392571229657968
1818 3.6060892662882456
1819 3.608300261678801
1820 3.6097164703360693
1821 3.637675486926617
1822 3.637675486926617
1823 3.637675486926617
1824 3.637675486926617
1825 3.637675486926617
1826 3.6407861472337437
1827 3.6415239369500227
1828 3.6661225978120067
1829 3.649423457611083
1830 3.6370807797497564
1831 3.6294356000727577
1832 3.600038237022593
1833 3.592098001788405
1834 3.591628738497273
1835 3.591628738497273
1836 3.5903359889229707
1837 3.5773420522752453
1838 3.5755271682499554
1839 3.5733405758438446
1840 3.5588897738075196
1841 3.5588897738075196
1842 3.5588897738075196
1843 3.5098166348416138
1844 3.5192650879804495
1845 3.521025414781792
1846 3.521025414781792
1847 3.521025414781792
1848 3.5288869596974592
1849 3.535371314377002
1850 3.544999041337574
1851 3.544999041337574
1852 3.5663175809998067
1853 3.5759780997431694
1854 3.5759780997431694
1855 3.5759780997431694
1856 3.5807776411635355
1857 3.5807776411635355
1858 3.5896355392898354
1859 3.5896355392898354
1860 3.5896355392898354
1861 3.5984879835787207
1862 3.6112621330628607
1863 3.5928044045821097
1864 3.5912979255876945
1865 3.5912979255876945
1866 3.5796978937132304
1867 3.570974931043306
1868 3.5662954988865265
1869 3.5662954988865265
1870 3.561186897613199
1871 3.561186897613199
1872 3.557320898971536
1873 3.556155246325993
1874 3.5631087449504806
1875 3.5631087449504806
1876 3.5795861510000115
1877 3.58792990290248
1878 3.58792990290248
1879 3.58792990290248
1880 3.606091995210731
1881 3.607029861839756
1882 3.6453101252055546
1883 3.680974163550814
1884 3.6858543211125725
1885 3.70412853747683
1886 3.7254860972776394
1887 3.7254860972776394
1888 3.7254860972776394
1889 3.7254860972776394
1890 3.734753192750636
1891 3.751483378032477
1892 3.751483378032477
1893 3.751483378032477
1894 3.758485567159663
1895 3.755515133523268
1896 3.755515133523268
1897 3.755515133523268
1898 3.744249265258077
1899 3.7329312505162964
1900 3.7274696270093406
1901 3.6927290342414905
1902 3.672360689864182
1903 3.6687682042269474
1904 3.6687682042269474
1905 3.6687682042269474
1906 3.663780631698537
1907 3.642961250192634
1908 3.6667338433734504
1909 3.6697822890816068
1910 3.6697822890816068
1911 3.6697822890816068
1912 3.6697822890816068
1913 3.694273843495142
1914 3.694273843495142
1915 3.694273843495142
1916 3.694273843495142
1917 3.694273843495142
1918 3.7086316175025806
1919 3.7157278824345017
1920 3.7496437104100067
1921 3.7559298740307767
1922 3.732572724604845
1923 3.732572724604845
1924 3.732572724604845
1925 3.732572724604845
1926 3.732572724604845
1927 3.732572724604845
1928 3.725230765867237
1929 3.716895411611426
1930 3.716895411611426
1931 3.694850471220625
1932 3.6932297242585395
1933 3.6864586658442144
1934 3.685399717336847
1935 3.685399717336847
1936 3.6927656871022627
1937 3.707054941308475
1938 3.707054941308475
1939 3.707054941308475
1940 3.707054941308475
1941 3.707054941308475
1942 3.7168374367323898
1943 3.7224886656560177
1944 3.7379195558041935
1945 3.7405744292983085
1946 3.7405744292983085
1947 3.7405744292983085
1948 3.7405744292983085
1949 3.7732434638093464
1950 3.7732434638093464
1951 3.7732434638093464
1952 3.7732434638093464
1953 3.7732434638093464
1954 3.7732434638093464
1955 3.7732434638093464
1956 3.7769335174581578
1957 3.799005040322097
1958 3.8098045962238283
1959 3.8098045962238283
1960 3.8098045962238283
1961 3.7933938567682026
1962 3.7851067159181486
1963 3.7851067159181486
1964 3.781788578481369
1965 3.7174578797833
1966 3.7174578797833
1967 3.7105438789796543
1968 3.7088532602937194
1969 3.702569228275815
1970 3.666916441216619
1971 3.666804721855189
1972 3.666804721855189
1973 3.666804721855189
1974 3.6597395468972116
1975 3.64118728783715
1976 3.6240845472539602
1977 3.6240845472539602
1978 3.6240845472539602
1979 3.616954517066958
1980 3.5753483758495506
1981 3.5753483758495506
1982 3.568288181282363
1983 3.565867520287529
1984 3.565867520287529
1985 3.5482159663179194
1986 3.529440293491853
1987 3.5240294069000315
1988 3.5132495486916855
1989 3.5132495486916855
1990 3.5132495486916855
1991 3.499117816055256
1992 3.499117816055256
1993 3.499117816055256
1994 3.499117816055256
1995 3.499117816055256
1996 3.499117816055256
1997 3.4922192518765476
1998 3.489432953220045
1999 3.489432953220045
2000 3.4512708559646246
2001 3.4512708559646246
2002 3.4512708559646246
2003 3.4512708559646246
2004 3.4512708559646246
2005 3.4512708559646246
2006 3.4531008363803686
2007 3.4585509316302896
2008 3.4585509316302896
2009 3.4585509316302896
2010 3.455374396971001
2011 3.455374396971001
2012 3.455374396971001
2013 3.4645462072962454
2014 3.469586273689945
2015 3.469586273689945
2016 3.467446352728058
2017 3.467446352728058
2018 3.467446352728058
2019 3.467446352728058
2020 3.4686249036567487
2021 3.4910682568981084
2022 3.4969424503365656
2023 3.4969424503365656
2024 3.4969424503365656
2025 3.4969424503365656
2026 3.4969424503365656
2027 3.4969424503365656
2028 3.497498314762911
2029 3.5016477161702584
2030 3.529637350041209
2031 3.5384668796820513
2032 3.563838583152716
2033 3.5643079932951576
2034 3.567270733914665
2035 3.5751376245657718
2036 3.5751376245657718
2037 3.5751376245657718
2038 3.5712967699130473
2039 3.5712967699130473
2040 3.570061438833763
2041 3.556902784675076
2042 3.556902784675076
2043 3.556902784675076
2044 3.556902784675076
2045 3.556902784675076
2046 3.556902784675076
2047 3.5462547705072147
2048 3.4842464177988344
2049 3.4842464177988344
2050 3.4842464177988344
2051 3.4842464177988344
2052 3.4842464177988344
2053 3.4718965236606953
2054 3.4718965236606953
2055 3.4637985115801504
2056 3.4637985115801504
2057 3.4637985115801504
2058 3.4637985115801504
2059 3.4637985115801504
2060 3.4637985115801504
2061 3.4711000432005124
2062 3.4754303243080633
2063 3.4754303243080633
2064 3.4754303243080633
2065 3.4754303243080633
2066 3.4754303243080633
2067 3.4754303243080633
2068 3.4754303243080633
2069 3.4790104627602334
2070 3.493833712143312
2071 3.5037061804696243
2072 3.5037061804696243
2073 3.5037061804696243
2074 3.5037061804696243
2075 3.5108662073569987
2076 3.5108662073569987
2077 3.5108662073569987
2078 3.5108662073569987
2079 3.5108662073569987
2080 3.5108662073569987
2081 3.5108662073569987
2082 3.5108662073569987
2083 3.5108662073569987
2084 3.5108662073569987
2085 3.508176125829123
2086 3.508176125829123
2087 3.509438354331582
2088 3.509438354331582
2089 3.509438354331582
2090 3.509438354331582
2091 3.509438354331582
2092 3.509438354331582
2093 3.5041578714008184
2094 3.499110964816209
2095 3.499110964816209
2096 3.499110964816209
2097 3.499110964816209
2098 3.499110964816209
2099 3.499110964816209
2100 3.50475188957954
2101 3.508786672492112
2102 3.508786672492112
2103 3.508786672492112
2104 3.508786672492112
2105 3.5075486650505923
2106 3.4886010237211353
2107 3.4886010237211353
2108 3.485985499012359
2109 3.4713182952681603
2110 3.4671884782794518
2111 3.462725491194912
2112 3.4441397251407393
2113 3.4189507685262672
2114 3.4189507685262672
2115 3.4189507685262672
2116 3.4189507685262672
2117 3.4189507685262672
2118 3.4189507685262672
2119 3.4106637022245527
2120 3.4060849156475426
2121 3.3963307744498326
2122 3.3963307744498326
2123 3.3963307744498326
2124 3.3963307744498326
2125 3.3963307744498326
2126 3.3963307744498326
2127 3.3963307744498326
2128 3.4233927112895497
2129 3.4233927112895497
2130 3.4032797062275426
2131 3.3982227731090786
2132 3.3904211963932687
2133 3.381950999242843
2134 3.369622867826342
2135 3.369622867826342
2136 3.369622867826342
2137 3.369622867826342
2138 3.369622867826342
2139 3.369622867826342
2140 3.364514266553014
2141 3.3538099978584235
2142 3.349033153751031
2143 3.3483706826372255
2144 3.343039075971046
2145 3.382635045969944
2146 3.382635045969944
2147 3.382635045969944
2148 3.382635045969944
2149 3.3951907797722196
2150 3.3951907797722196
2151 3.3980935455448797
2152 3.3995386332559967
2153 3.3997189759089887
2154 3.4122085736794014
2155 3.427816083353364
2156 3.427816083353364
2157 3.427816083353364
2158 3.427816083353364
2159 3.427816083353364
2160 3.466637287083259
2161 3.471311583468909
2162 3.471311583468909
2163 3.471311583468909
2164 3.471311583468909
2165 3.471311583468909
2166 3.471311583468909
2167 3.471477613687934
2168 3.473465687877754
2169 3.473465687877754
2170 3.473465687877754
2171 3.473465687877754
2172 3.473465687877754
2173 3.486949006341193
2174 3.524427380617248
2175 3.533664016381604
2176 3.533664016381604
2177 3.533664016381604
2178 3.533664016381604
2179 3.533664016381604
2180 3.533664016381604
2181 3.438519153160038
2182 3.438519153160038
2183 3.321922209576183
2184 3.2421459853098433
2185 3.093543008328325
2186 3.086718333928136
2187 3.086718333928136
2188 3.086718333928136
2189 3.086718333928136
2190 3.0567040136057937
2191 3.0535459638376006
2192 3.0282616617571545
2193 3.003917287040262
2194 3.003917287040262
2195 2.9861107915855216
2196 2.9861107915855216
2197 2.9738352159380437
2198 2.8272544468298406
2199 2.762116336498731
2200 2.7141481972449495
2201 2.7141481972449495
2202 2.7141481972449495
2203 2.6990851968979297
2204 2.6990851968979297
2205 2.6515666257679467
2206 2.6384840418983533
2207 2.61931738481839
2208 2.6076512690814306
2209 2.6027088894651595
2210 2.6027088894651595
2211 2.6027088894651595
2212 2.6234014975465865
2213 2.6234014975465865
2214 2.619010251756412
2215 2.5998006968044396
2216 2.5647883848065596
2217 2.5647883848065596
2218 2.548146488739107
2219 2.533287223210182
2220 2.5277393160826547
2221 2.5117974768800435
2222 2.508909382207518
2223 2.533287223210182
2224 2.548902884770083
2225 2.548902884770083
2226 2.548902884770083
2227 2.548902884770083
2228 2.548902884770083
2229 2.548902884770083
2230 2.5495708875414542
2231 2.5495708875414542
2232 2.5495708875414542
2233 2.5495708875414542
2234 2.5572807908703057
2235 2.5949772853881883
2236 2.624552531645218
2237 2.627298713519231
2238 2.627298713519231
2239 2.627298713519231
2240 2.627298713519231
2241 2.627298713519231
2242 2.627298713519231
2243 2.627298713519231
2244 2.627298713519231
2245 2.609287931753915
2246 2.609287931753915
2247 2.6089417912070343
2248 2.6089417912070343
2249 2.6133032594970182
2250 2.6133032594970182
2251 2.618659087294482
2252 2.6209369955624124
2253 2.6209369955624124
2254 2.6209369955624124
2255 2.6209369955624124
2256 2.6230275909426126
2257 2.6230275909426126
2258 2.6230275909426126
2259 2.6230275909426126
2260 2.6230275909426126
2261 2.6230275909426126
2262 2.6230275909426126
2263 2.6230275909426126
2264 2.6230275909426126
2265 2.6256721003185084
2266 2.6256721003185084
2267 2.6256721003185084
2268 2.6256721003185084
2269 2.6256721003185084
2270 2.6256721003185084
2271 2.624279341757795
2272 2.607029643331999
2273 2.59788090111121
2274 2.595745666549484
2275 2.593400079761544
2276 2.5980149510029453
2277 2.5980149510029453
2278 2.611953135767073
2279 2.6258476252314873
2280 2.6258476252314873
2281 2.6258476252314873
2282 2.6258476252314873
2283 2.6258476252314873
2284 2.6207274544543653
2285 2.5917988170917674
2286 2.5917988170917674
2287 2.5917988170917674
2288 2.5917988170917674
2289 2.5917988170917674
2290 2.5917988170917674
2291 2.5917988170917674
2292 2.5917988170917674
2293 2.5807720767343385
2294 2.565845595159498
2295 2.554703072764781
2296 2.554703072764781
2297 2.551523973393534
2298 2.527571643485097
2299 2.507470339638401
2300 2.4949304974398894
2301 2.4949304974398894
2302 2.4949304974398894
2303 2.4949304974398894
2304 2.468967780338989
2305 2.464583535429016
2306 2.464583535429016
2307 2.464583535429016
2308 2.464583535429016
2309 2.458947404897266
2310 2.454474011902363
2311 2.4532044749188193
2312 2.4532044749188193
2313 2.435075895729547
2314 2.431202195548525
2315 2.3804947364579476
2316 2.3614419429537374
2317 2.357250803577335
2318 2.3464778816036835
2319 2.2656541686948177
2320 2.2656541686948177
2321 2.2634962024620338
2322 2.26045931677025
2323 2.26045931677025
2324 2.2582787638157438
2325 2.2582787638157438
2326 2.254329642803624
2327 2.249015155215094
2328 2.282174095733918
2329 2.282174095733918
2330 2.282174095733918
2331 2.28425310080825
2332 2.3560247738075937
2333 2.3610319687297956
2334 2.4266397416600247
2335 2.4305135850554374
2336 2.4620242771041285
2337 2.4620242771041285
2338 2.463574665943252
2339 2.463574665943252
2340 2.463574665943252
2341 2.4697285897805505
2342 2.4697285897805505
2343 2.5214905737058135
2344 2.5269750893911
2345 2.5364305715339492
2346 2.65209106756159
2347 2.687601702435762
2348 2.701507581327882
2349 2.701507581327882
2350 2.701507581327882
2351 2.701507581327882
2352 2.701507581327882
2353 2.701507581327882
2354 2.701507581327882
2355 2.7077723461353487
2356 2.7077723461353487
2357 2.7077723461353487
2358 2.7097140961485477
2359 2.823618936197688
2360 2.905555526204363
2361 2.967483075351358
2362 2.9727103043032876
2363 2.9727103043032876
2364 2.9727103043032876
2365 2.9727103043032876
2366 2.9727103043032876
2367 2.9727103043032876
2368 2.981146584903851
2369 2.981146584903851
2370 2.981146584903851
2371 3.004713623741077
2372 3.009904510058562
2373 3.011723796480516
2374 3.1027836768850214
2375 3.1157326077443073
2376 3.1157326077443073
2377 3.1157326077443073
2378 3.1328366934091756
2379 3.146750303204034
2380 3.146750303204034
2381 3.146750303204034
2382 3.146750303204034
2383 3.146750303204034
2384 3.146750303204034
2385 3.146750303204034
2386 3.146750303204034
2387 3.1484680963047036
2388 3.1484680963047036
2389 3.1593723326801397
2390 3.161047376122781
2391 3.1627168267555383
2392 3.1914018425850177
2393 3.1914018425850177
2394 3.18210542604671
2395 3.1722424104339493
2396 3.168911024408205
2397 3.168911024408205
2398 3.168911024408205
2399 3.168911024408205
2400 3.168911024408205
2401 3.1910257613337407
2402 3.1951471784495964
2403 3.1951471784495964
2404 3.205383406002084
2405 3.2143336559015503
2406 3.2143336559015503
2407 3.2143336559015503
2408 3.2143336559015503
2409 3.2005139562711507
2410 3.2005139562711507
2411 3.2005139562711507
2412 3.2005139562711507
2413 3.2005139562711507
2414 3.2005139562711507
2415 3.2005139562711507
2416 3.2005139562711507
2417 3.188237607768211
2418 3.188237607768211
2419 3.188237607768211
2420 3.188237607768211
2421 3.188237607768211
2422 3.188237607768211
2423 3.1875699023495976
2424 3.1875699023495976
2425 3.1875699023495976
2426 3.1875699023495976
2427 3.1664812631792327
2428 3.1664812631792327
2429 3.1541366448053445
2430 3.152136642138671
2431 3.106303047875759
2432 3.102278881284345
2433 3.0963857019065086
2434 3.0838035264126105
2435 3.0838035264126105
2436 3.0838035264126105
2437 3.0838035264126105
2438 3.0838035264126105
2439 3.0838035264126105
2440 3.0838035264126105
2441 3.0784115206117377
2442 3.077367896772195
2443 3.0650999378695065
2444 3.0571135820223585
2445 3.0509839080557324
2446 3.0520840185105333
2447 3.082977762393374
2448 3.082977762393374
2449 3.084246476598582
2450 3.084246476598582
2451 3.084246476598582
2452 3.084246476598582
2453 3.084246476598582
2454 3.084246476598582
2455 3.084246476598582
2456 3.097006738790953
2457 3.1336917270071374
2458 3.154750368261328
2459 3.1829980542231104
2460 3.1832311001373736
2461 3.1954296338194323
2462 3.1954296338194323
2463 3.1954296338194323
2464 3.1954296338194323
2465 3.205335405802156
2466 3.205335405802156
2467 3.2110978809319723
2468 3.216140677459367
2469 3.2222118708722296
2470 3.216140677459367
2471 3.206003706191246
2472 3.206003706191246
2473 3.192236192306897
2474 3.17444806486173
2475 3.1725725937955946
2476 3.166713520892655
2477 3.151268277382986
2478 3.146144070137302
2479 3.13512820297934
2480 3.13512820297934
2481 3.133911657367019
2482 3.12901565741471
2483 3.123656991119266
2484 3.1230349715491004
2485 3.111067152670431
2486 3.111067152670431
2487 3.111067152670431
2488 3.0854327966798425
2489 3.0854327966798425
2490 3.0854327966798425
2491 3.0828763360616165
2492 3.0794229429549893
2493 3.073622663086345
2494 3.0686280504362817
2495 3.0686280504362817
2496 3.0686280504362817
2497 3.0686280504362817
2498 3.0677543062209245
2499 3.062921228168101
2500 3.043749959221404
2501 3.032810830455688
2502 3.0049841460029185
2503 2.9870727166687576
2504 2.9870727166687576
2505 2.9767458075759254
2506 2.946521616369739
2507 2.925411108652758
2508 2.91752231391834
2509 2.91635162736152
2510 2.9130590472599946
2511 2.9130590472599946
2512 2.9092693559771945
2513 2.9052110859062035
2514 2.8999098314265717
2515 2.8984542263228423
2516 2.9196226670652354
2517 2.9196226670652354
2518 2.9345354494469573
2519 2.9345354494469573
2520 2.9345354494469573
2521 2.9345354494469573
2522 2.9616019537369214
2523 2.963079932939021
2524 2.963079932939021
2525 2.964847760355175
2526 2.9853058142244384
2527 2.9895312290753546
2528 3.021255843100902
2529 3.030702817780883
2530 3.030702817780883
2531 3.030702817780883
2532 3.030702817780883
2533 3.031356270280774
2534 3.051410152665387
2535 3.051410152665387
2536 3.0559350704253463
2537 3.060156731389146
2538 3.060156731389146
2539 3.070300122166706
2540 3.0802418210903464
2541 3.08250825660034
2542 3.107740158964071
2543 3.107740158964071
2544 3.107740158964071
2545 3.091472640145385
2546 3.091472640145385
2547 3.091472640145385
2548 3.0872594801485382
2549 3.0773330717678276
2550 3.074981132430091
2551 3.074981132430091
2552 3.0698109010966235
2553 3.050528958293322
2554 3.050528958293322
2555 3.0474881148633965
2556 3.0474881148633965
2557 3.0474881148633965
2558 3.0324493872447578
2559 3.020176043744289
2560 3.0187935543842537
2561 3.0187935543842537
2562 3.0187935543842537
2563 3.0187935543842537
2564 3.0187935543842537
2565 3.0187935543842537
2566 3.0187935543842537
2567 3.0187935543842537
2568 3.0254740237523583
2569 3.0259842278782614
2570 3.0340774748864856
2571 3.03432829004098
2572 3.03432829004098
2573 3.03432829004098
2574 3.03432829004098
2575 3.0301577375940556
2576 3.0301577375940556
2577 3.0301577375940556
2578 3.0301577375940556
2579 3.028292933567642
2580 3.0266555052036495
2581 3.0266555052036495
2582 3.0266555052036495
2583 3.0266555052036495
2584 3.0266555052036495
2585 3.028907197775667
2586 3.0243936265034033
2587 3.0243936265034033
2588 3.0243936265034033
2589 3.0243936265034033
2590 3.023690226621863
2591 3.0220451017534686
2592 3.0548437429963755
2593 3.0764174085745024
2594 3.0764174085745024
2595 3.0930302323886627
2596 3.0930302323886627
2597 3.0930302323886627
2598 3.109504201433337
2599 3.109504201433337
2600 3.1132451127606116
2601 3.113748637475875
2602 3.1170092459710075
2603 3.119005256605776
2604 3.119005256605776
2605 3.128623309030611
2606 3.1423558031287664
2607 3.1761341777712158
2608 3.18111734270963
2609 3.1880232221498614
2610 3.2024158425560003
2611 3.210306814610149
2612 3.212418304234577
2613 3.212418304234577
2614 3.1679347609558413
2615 3.1679347609558413
2616 3.1679347609558413
2617 3.165163391274099
2618 3.165163391274099
2619 3.165163391274099
2620 3.1513094878724526
2621 3.1513094878724526
2622 3.1513094878724526
2623 3.1408155154263415
2624 3.140422588097672
2625 3.138275125956232
2626 3.133932421988658
2627 3.129151509068987
2628 3.1167901905388287
2629 3.0934696105734245
2630 3.087435882179647
2631 3.087435882179647
2632 3.075429193046567
2633 3.0828854715743477
2634 3.0738806041916646
2635 3.0738806041916646
2636 3.0738806041916646
2637 3.0738806041916646
2638 3.07561898056249
2639 3.0852863064162177
2640 3.0852863064162177
2641 3.09351607651002
2642 3.09351607651002
2643 3.09351607651002
2644 3.0956046342669623
2645 3.0956046342669623
2646 3.0956046342669623
2647 3.0956046342669623
2648 3.0956046342669623
2649 3.118406761481064
2650 3.1237743742899227
2651 3.116526176283384
2652 3.116526176283384
2653 3.116526176283384
2654 3.116526176283384
2655 3.116526176283384
2656 3.116526176283384
2657 3.116526176283384
2658 3.116526176283384
2659 3.1004299112487415
2660 3.1004299112487415
2661 3.1004299112487415
2662 3.1004299112487415
2663 3.088995396729513
2664 3.088995396729513
2665 3.0705884101681544
2666 3.0705884101681544
2667 3.0705884101681544
2668 3.0705884101681544
2669 3.0705884101681544
2670 3.0705884101681544
2671 3.064045790393827
2672 3.064045790393827
2673 3.052996925335035
2674 3.052996925335035
2675 3.052996925335035
2676 3.052996925335035
2677 3.052996925335035
2678 3.022684614426818
2679 3.021517207872674
2680 3.01964366938078
2681 3.01964366938078
2682 3.01964366938078
2683 3.024546813972309
2684 3.024546813972309
2685 3.024546813972309
2686 3.024546813972309
2687 3.024546813972309
2688 3.027332336497037
2689 3.027332336497037
2690 3.030102426684844
2691 3.0427487740150516
2692 3.034104449050915
2693 3.034104449050915
2694 3.034104449050915
2695 3.034104449050915
2696 3.034104449050915
2697 3.034104449050915
2698 3.0334069367313328
2699 3.025573774634578
2700 3.0085367844677022
2701 3.0072417824487823
2702 3.0072417824487823
2703 3.0072417824487823
2704 3.0072417824487823
2705 3.0013189460752754
2706 2.9948424822949464
2707 2.9755938582294483
2708 2.9755938582294483
2709 2.973647383751744
2710 2.970713390002781
2711 2.970713390002781
2712 2.970713390002781
2713 2.9692399115297263
2714 2.965784813871972
2715 2.9655371051723307
2716 2.974378199959805
2717 2.9804271486445595
2718 2.9804271486445595
2719 2.9899557838497026
2720 2.9899557838497026
2721 2.9899557838497026
2722 2.9928946114393127
2723 2.997825386313112
2724 3.0060157940239733
2725 3.0060157940239733
2726 3.0060157940239733
2727 3.0094109494041357
2728 3.0125246076240226
2729 3.0151045927085773
2730 3.0163896101210974
2731 3.0360197104241715
2732 3.0360197104241715
2733 3.0360197104241715
2734 3.0360197104241715
2735 3.0360197104241715
2736 3.046723933226333
2737 3.0573795167227598
2738 3.0576037822569075
2739 3.0576037822569075
2740 3.0253016798870656
2741 3.0253016798870656
2742 3.0253016798870656
2743 3.0253016798870656
2744 3.0253016798870656
2745 3.0138741295926144
2746 3.0038276335783225
2747 3.0038276335783225
2748 3.0038276335783225
2749 3.0038276335783225
2750 3.0038276335783225
2751 2.9593985376983367
2752 2.8270159246958224
2753 2.813148247882177
2754 2.8099104937376644
2755 2.7897894355984474
2756 2.7897894355984474
2757 2.7897894355984474
2758 2.77879998223906
2759 2.7728386597606067
2760 2.756585324172238
2761 2.756585324172238
2762 2.756585324172238
2763 2.756585324172238
2764 2.756585324172238
2765 2.734148200071802
2766 2.6927976873275483
2767 2.713554899006432
2768 2.713554899006432
2769 2.713554899006432
2770 2.713554899006432
2771 2.711697311730501
2772 2.711697311730501
2773 2.711697311730501
2774 2.711697311730501
2775 2.711697311730501
2776 2.711697311730501
2777 2.711697311730501
2778 2.717249497097618
2779 2.721498814458349
2780 2.7306176082332394
2781 2.748661565663715
2782 2.75798332599405
2783 2.7699839020438217
2784 2.797522948067825
2785 2.8014651498298995
2786 2.8014651498298995
2787 2.8014651498298995
2788 2.8014651498298995
2789 2.8014651498298995
2790 2.8057010826267246
2791 2.806349591148247
2792 2.8159776164958057
2793 2.8159776164958057
2794 2.8159776164958057
2795 2.829462284507187
2796 2.8210377482350246
2797 2.8210377482350246
2798 2.8210377482350246
2799 2.814801839740884
2800 2.811645263600347
2801 2.805592306594317
2802 2.805592306594317
2803 2.8265392401407476
2804 2.8265392401407476
2805 2.847955790137816
2806 2.8603787894310813
2807 2.8722510319666092
2808 2.8722510319666092
2809 2.8722510319666092
2810 2.8722510319666092
2811 2.8722510319666092
2812 2.8722510319666092
2813 2.8722510319666092
2814 2.8722510319666092
2815 2.8722510319666092
2816 2.877670275326337
2817 2.885846558149594
2818 2.9155162780427486
2819 2.9155162780427486
2820 2.9155162780427486
2821 2.9410159312622177
2822 2.9491864522645157
2823 2.9726972151267272
2824 2.976257898484704
2825 2.9972399980342197
2826 2.999290581906327
2827 3.0107543342281793
2828 3.0107543342281793
2829 3.0107543342281793
2830 3.0107543342281793
2831 3.0107543342281793
2832 3.0107543342281793
2833 3.0107543342281793
2834 3.0140187636694113
2835 3.023420061317874
2836 3.024217721683804
2837 3.035772857790177
2838 3.0423954711651873
2839 3.0619958428190612
2840 3.0728604678167963
2841 3.154054138763365
2842 3.2443752864004827
2843 3.2443752864004827
2844 3.2443752864004827
2845 3.2443752864004827
2846 3.2443752864004827
2847 3.24899481840963
2848 3.2590574484004646
2849 3.267057619073685
2850 3.267057619073685
2851 3.267057619073685
2852 3.267057619073685
2853 3.267057619073685
2854 3.267057619073685
2855 3.282910083998561
2856 3.3395098104720815
2857 3.3048799702454237
2858 3.2903273355724405
2859 3.2903273355724405
2860 3.2903273355724405
2861 3.283063285290986
2862 3.283063285290986
2863 3.283063285290986
2864 3.279391298163106
2865 3.279391298163106
2866 3.244115906811466
2867 3.2439333251041242
2868 3.2439333251041242
2869 3.2439333251041242
2870 3.220256476912389
2871 3.220256476912389
2872 3.220256476912389
2873 3.216749228862377
2874 3.211425146980728
2875 3.1908910879429673
2876 3.1908910879429673
2877 3.1908910879429673
2878 3.1903138317695543
2879 3.1862542695503024
2880 3.1846990583431065
2881 3.1846990583431065
2882 3.1846990583431065
2883 3.1846990583431065
2884 3.1846990583431065
2885 3.1846990583431065
2886 3.1846990583431065
2887 3.1846990583431065
2888 3.1932052613129684
2889 3.1985828136862633
2890 3.187987822666679
2891 3.187403369064188
2892 3.186528478202294
2893 3.184771007148572
2894 3.184332986971632
2895 3.184332986971632
2896 3.1726002381855416
2897 3.1726002381855416
2898 3.1726002381855416
2899 3.1706270706681847
2900 3.166856463396117
2901 3.1646604127506786
2902 3.155941537011602
2903 3.154325373988312
2904 3.1457537354950933
2905 3.1457537354950933
2906 3.1457537354950933
2907 3.1457537354950933
2908 3.1338806510528148
2909 3.132825575750999
2910 3.1409967192613193
2911 3.155941537011602
2912 3.1597591163367684
2913 3.159959236411483
2914 3.159959236411483
2915 3.159959236411483
2916 3.159959236411483
2917 3.160858113058069
2918 3.160858113058069
2919 3.160858113058069
2920 3.160858113058069
2921 3.160858113058069
2922 3.1658352594711445
2923 3.1813095271870093
2924 3.185428345188903
2925 3.2009449995053654
2926 3.2056775531400037
2927 3.208043488153921
2928 3.208043488153921
2929 3.2015593981209793
2930 3.1966936943958673
2931 3.1839911813155606
2932 3.1714049570241034
2933 3.1714049570241034
2934 3.1714049570241034
2935 3.1156342696576496
2936 3.1156342696576496
2937 3.1156342696576496
2938 3.1156342696576496
2939 3.1156342696576496
2940 3.1156342696576496
2941 3.1156342696576496
2942 3.1098973125547458
2943 3.1073040492110957
2944 3.0902153233103027
2945 3.079336233045944
2946 3.079336233045944
2947 3.0748747630368474
2948 3.058354835997748
2949 3.0560018904790414
2950 3.0313923541770125
2951 3.030941700699006
2952 3.030941700699006
2953 3.030941700699006
2954 3.030941700699006
2955 3.0277757018802527
2956 3.0277757018802527
2957 3.0273217753851625
2958 3.0273217753851625
2959 3.0273217753851625
2960 3.0273217753851625
2961 3.0273217753851625
2962 3.0273217753851625
2963 3.0445911404861303
2964 3.0445911404861303
2965 3.0445911404861303
2966 3.045271875785291
2967 3.045271875785291
2968 3.045271875785291
2969 3.045271875785291
2970 3.045271875785291
2971 3.045271875785291
2972 3.030065432641102
2973 3.030065432641102
2974 3.0261904455376274
2975 3.0194018295050498
2976 3.0194018295050498
2977 3.0194018295050498
2978 3.0194018295050498
2979 3.0194018295050498
2980 3.0194018295050498
2981 3.018039430841957
2982 3.012552407325969
2983 3.0081654015790202
2984 2.996670642466671
2985 2.996670642466671
2986 2.988777629959313
2987 2.9853910664563896
2988 2.9853910664563896
2989 2.9853910664563896
2990 2.9856538785517968
2991 2.9856538785517968
2992 2.9856538785517968
2993 2.9856538785517968
2994 2.9856538785517968
2995 2.9856538785517968
2996 2.9856538785517968
2997 2.95783141684585
2998 2.9516826529406472
2999 2.9516826529406472
3000 2.934606646909284
3001 2.9310371412252483
3002 2.9310371412252483
3003 2.9310371412252483
3004 2.9310371412252483
3005 2.9310371412252483
3006 2.926330641277179
3007 2.9165288697357283
3008 2.9152582210213924
3009 2.913729167841982
3010 2.913729167841982
3011 2.911170308623492
3012 2.907048698473877
3013 2.911426784648608
3014 2.911426784648608
3015 2.911426784648608
3016 2.914016718497029
3017 2.921424261389599
3018 2.921424261389599
3019 2.933615327799709
3020 2.9428839319205222
3021 2.9437230929566596
3022 2.968222686437114
3023 2.968492300894982
3024 2.968492300894982
3025 2.971421996776928
3026 2.971421996776928
3027 2.9722299689430525
3028 2.9722299689430525
3029 2.9722299689430525
3030 2.9722299689430525
3031 2.9722299689430525
3032 2.9722299689430525
3033 2.983669680500375
3034 2.9873384600635333
3035 2.9873384600635333
3036 2.9873384600635333
3037 2.98524531205637
3038 2.98524531205637
3039 2.98524531205637
3040 2.9830496510505693
3041 2.9741692992195854
3042 2.9610845649293385
3043 2.9610845649293385
3044 2.9581566885832284
3045 2.9563867752306665
3046 2.9563867752306665
3047 2.9686465838178258
3048 2.971603714172301
3049 2.974299138489739
3050 2.974299138489739
3051 2.989936689158113
3052 3.006247548334767
3053 3.006247548334767
3054 3.059271566919745
3055 3.0643998170033395
3056 3.070485084813467
3057 3.070485084813467
3058 3.070485084813467
3059 3.077904404835637
3060 3.0802659941117607
3061 3.0888309582801425
3062 3.104037401424332
3063 3.104037401424332
3064 3.105034907989592
3065 3.105034907989592
3066 3.12313864678824
3067 3.130768742399451
3068 3.1361818336314653
3069 3.160844366912716
3070 3.1628457038075446
3071 3.162240498972711
3072 3.162240498972711
3073 3.162240498972711
3074 3.1549203194245106
3075 3.1400391864214114
3076 3.1294980077383414
3077 3.1294980077383414
3078 3.1294980077383414
3079 3.1294980077383414
3080 3.1294980077383414
3081 3.1294980077383414
3082 3.1271767408021933
3083 3.1192028382211268
3084 3.1062741893275287
3085 3.102061864497903
3086 3.102061864497903
3087 3.100366947620647
3088 3.098666265708902
3089 3.0961043472089673
3090 3.0769047807416996
3091 3.0769047807416996
3092 3.0769047807416996
3093 3.085504772246299
3094 3.1250045127363038
3095 3.1250045127363038
3096 3.1250045127363038
3097 3.1250045127363038
3098 3.1250045127363038
3099 3.129286175437464
3100 3.1340009675626126
3101 3.138206599834559
3102 3.162339133118559
3103 3.162339133118559
3104 3.194826623122685
3105 3.194826623122685
3106 3.194826623122685
3107 3.2421989014350854
3108 3.2651560808788433
3109 3.2758715576780006
3110 3.2758715576780006
3111 3.2758715576780006
3112 3.2928993098842483
3113 3.2928993098842483
3114 3.31549938562965
3115 3.31549938562965
3116 3.328104197557048
3117 3.348160638757138
3118 3.371345379637966
3119 3.396682054719303
3120 3.403102082499129
3121 3.403289664568484
3122 3.429414327751278
3123 3.429414327751278
3124 3.429414327751278
3125 3.438935066748214
3126 3.442068781741421
3127 3.442068781741421
3128 3.453902638866089
3129 3.453902638866089
3130 3.453902638866089
3131 3.482914442508517
3132 3.4952688842424875
3133 3.512780401637269
3134 3.517808301050686
3135 3.5417009287971344
3136 3.562142503552914
3137 3.644217885133835
3138 3.644217885133835
3139 3.645338423460992
3140 3.645338423460992
3141 3.645338423460992
3142 3.6477311541398545
3143 3.6587482822653974
3144 3.6612327594269907
3145 3.6612327594269907
3146 3.6905600639971636
3147 3.698530092189185
3148 3.7100411874871675
3149 3.7132620360423996
3150 3.740295646677538
3151 3.7425386904181868
3152 3.7170603461713023
3153 3.7170603461713023
3154 3.7194106582773743
3155 3.7194106582773743
3156 3.7207254105468865
3157 3.726339779498713
3158 3.7848557189774947
3159 3.7848557189774947
3160 3.7941790535611286
3161 3.8437472368056866
3162 3.8678001483028517
3163 3.885841588146726
3164 3.9197263578589983
3165 3.923115350374042
3166 3.9244894924007303
3167 3.9322876452698696
3168 3.9402078791125126
3169 3.9402078791125126
3170 3.9402078791125126
3171 3.9402078791125126
3172 3.9402078791125126
3173 3.9601157219391903
3174 3.991956418316966
3175 4.045361343287323
3176 4.078310187459348
3177 4.078310187459348
3178 4.078310187459348
3179 4.078310187459348
3180 4.078310187459348
3181 4.078310187459348
3182 4.078310187459348
3183 4.078310187459348
3184 4.078310187459348
3185 4.086940286317199
3186 4.088763529869005
3187 4.106639375350926
3188 4.106639375350926
3189 4.106639375350926
3190 4.093814559195898
3191 4.061700479715448
3192 4.038856233253261
3193 4.0325356434452715
3194 4.0325356434452715
3195 4.0325356434452715
3196 4.0325356434452715
3197 4.0325356434452715
3198 4.0325356434452715
3199 4.0325356434452715
3200 4.0325356434452715
3201 4.024336742306393
3202 4.016749593591685
3203 4.013832675576456
3204 4.013832675576456
3205 4.013832675576456
3206 4.030815983376962
3207 4.035230401081221
3208 4.035230401081221
3209 4.035230401081221
3210 4.035230401081221
3211 4.051350218225538
3212 4.051350218225538
3213 4.051350218225538
3214 4.051350218225538
3215 4.051350218225538
3216 4.052320464325595
3217 4.052320464325595
3218 4.052320464325595
3219 4.058342215151359
3220 4.065001581071499
3221 4.080814401006023
3222 4.085190185381495
3223 4.098634067965332
3224 4.1176679675352865
3225 4.123196703894399
3226 4.126621374817186
3227 4.126621374817186
3228 4.126621374817186
3229 4.126621374817186
3230 4.139652586359436
3231 4.139652586359436
3232 4.139652586359436
3233 4.1456897767957965
3234 4.183351948597636
3235 4.193755533279996
3236 4.193755533279996
3237 4.21664222178194
3238 4.21664222178194
3239 4.21664222178194
3240 4.21664222178194
3241 4.21664222178194
3242 4.2242810843699115
3243 4.226856910590136
3244 4.2364607517700374
3245 4.2364607517700374
3246 4.238732008109018
3247 4.2477947311547695
3248 4.253798911378268
3249 4.253798911378268
3250 4.253798911378268
3251 4.253798911378268
3252 4.251995715194118
3253 4.2490840278975295
3254 4.26473525784461
3255 4.26473525784461
3256 4.26473525784461
3257 4.26473525784461
3258 4.26473525784461
3259 4.26473525784461
3260 4.26473525784461
3261 4.26473525784461
3262 4.26473525784461
3263 4.2758407854374045
3264 4.290224820525626
3265 4.290224820525626
3266 4.290224820525626
3267 4.290224820525626
3268 4.318587348776671
3269 4.336104320040131
3270 4.351138797349559
3271 4.399046910889529
3272 4.402425131777756
3273 4.402425131777756
3274 4.402425131777756
3275 4.402425131777756
3276 4.452586492591691
3277 4.518161023869589
3278 4.522568804461389
3279 4.522568804461389
3280 4.526177926184017
3281 4.573824807335543
3282 4.600734488631015
3283 4.616977216203259
3284 4.6416572379149255
3285 4.661012263606572
3286 4.671357653080172
3287 4.6804617764914624
3288 4.68479080786302
3289 4.692542901131002
3290 4.697977450490464
3291 4.707644106425741
3292 4.707644106425741
3293 4.707644106425741
3294 4.707644106425741
3295 4.707644106425741
3296 4.698177077054675
3297 4.68452351449432
3298 4.663533718479198
3299 4.661845332096306
3300 4.661845332096306
3301 4.659236630526462
3302 4.668949864973893
3303 4.668949864973893
3304 4.67747265361853
3305 4.602198874760252
3306 4.602198874760252
3307 4.602198874760252
3308 4.602198874760252
3309 4.602198874760252
3310 4.602198874760252
3311 4.602198874760252
3312 4.602198874760252
3313 4.602198874760252
3314 4.602198874760252
3315 4.602198874760252
3316 4.602198874760252
3317 4.573742882795677
3318 4.571111058949946
3319 4.563085204444692
3320 4.564025496212174
3321 4.564025496212174
3322 4.564025496212174
3323 4.5515266007551825
3324 4.548722010999396
3325 4.5517161742171695
3326 4.560173432791351
3327 4.560173432791351
3328 4.560173432791351
3329 4.560173432791351
3330 4.560173432791351
3331 4.560173432791351
3332 4.570861572106003
3333 4.570861572106003
3334 4.570861572106003
3335 4.570861572106003
3336 4.570861572106003
3337 4.570861572106003
3338 4.570861572106003
3339 4.570861572106003
3340 4.570861572106003
3341 4.549687086898761
3342 4.549687086898761
3343 4.553174459362298
3344 4.553174459362298
3345 4.576144414413365
3346 4.576144414413365
3347 4.57789784086787
3348 4.553404291588822
3349 4.553404291588822
3350 4.553404291588822
3351 4.553404291588822
3352 4.553404291588822
3353 4.553404291588822
3354 4.553404291588822
3355 4.548555488869829
3356 4.523945743542026
3357 4.523945743542026
3358 4.494753325474432
3359 4.48354488601716
3360 4.464129957238482
3361 4.464129957238482
3362 4.461399144862659
3363 4.45780542893754
3364 4.455998838236723
3365 4.455998838236723
3366 4.455998838236723
3367 4.455199733064231
3368 4.455199733064231
3369 4.455199733064231
3370 4.474034351610788
3371 4.484501149834738
3372 4.484501149834738
3373 4.493346496881257
3374 4.522680208318523
3375 4.538976476667632
3376 4.5463047343554415
3377 4.555880301944379
3378 4.555880301944379
3379 4.560966577900801
3380 4.5670370693026126
3381 4.58769395483331
3382 4.58769395483331
3383 4.592959470806294
3384 4.599572033309534
3385 4.600916336963865
3386 4.600916336963865
3387 4.600916336963865
3388 4.600916336963865
3389 4.600916336963865
3390 4.600916336963865
3391 4.600916336963865
3392 4.5967199805862995
3393 4.582942888564306
3394 4.582942888564306
3395 4.580926914854478
3396 4.580926914854478
3397 4.580926914854478
3398 4.580926914854478
3399 4.580926914854478
3400 4.580780651872596
3401 4.592539096606895
3402 4.596287631364799
3403 4.602068585925771
3404 4.611924084757318
3405 4.619788240690648
3406 4.619788240690648
3407 4.619788240690648
3408 4.619788240690648
3409 4.619788240690648
3410 4.62492967416844
3411 4.6290685070973305
3412 4.633021807117002
3413 4.659520274874617
3414 4.678246425651672
3415 4.680331416758731
3416 4.69247110412746
3417 4.707560007071371
3418 4.707560007071371
3419 4.707560007071371
3420 4.707560007071371
3421 4.707560007071371
3422 4.707560007071371
3423 4.707560007071371
3424 4.707560007071371
3425 4.707560007071371
3426 4.712563897949671
3427 4.715237701112969
3428 4.715237701112969
3429 4.715237701112969
3430 4.715237701112969
3431 4.715237701112969
3432 4.713972304790534
3433 4.6996466131839885
3434 4.6996466131839885
3435 4.6832090768745624
3436 4.675634299597044
3437 4.675634299597044
3438 4.675634299597044
3439 4.675634299597044
3440 4.675634299597044
3441 4.667638956506701
3442 4.666827268016755
3443 4.666827268016755
3444 4.666827268016755
3445 4.661532508872587
3446 4.650187091736058
3447 4.6488803726577
3448 4.644257005475814
3449 4.646392692823392
3450 4.655513671810298
3451 4.655513671810298
3452 4.655513671810298
3453 4.655513671810298
3454 4.674430006289578
3455 4.705873325687788
3456 4.739875690244817
3457 4.755372404178862
3458 4.765954032113367
3459 4.766934673839838
3460 4.766934673839838
3461 4.766934673839838
3462 4.766934673839838
3463 4.766934673839838
3464 4.791260903224114
3465 4.791260903224114
3466 4.791260903224114
3467 4.798614670172357
3468 4.798614670172357
3469 4.798614670172357
3470 4.877800128351533
3471 4.807422509494611
3472 4.807422509494611
3473 4.807422509494611
3474 4.807422509494611
3475 4.815347046289048
3476 4.829959027351334
3477 4.829959027351334
3478 4.84102127892875
3479 4.84102127892875
3480 4.84102127892875
3481 4.84102127892875
3482 4.84102127892875
3483 4.84102127892875
3484 4.84102127892875
3485 4.84102127892875
3486 4.907786975241011
3487 4.929516233161704
3488 4.955556700847785
3489 4.978150283282293
3490 4.979838234393675
3491 4.979838234393675
3492 5.016313544720235
3493 5.026024894459184
3494 5.037854434516361
3495 5.07306463259681
3496 5.07306463259681
3497 5.078946270611292
3498 5.081506115750869
3499 5.102132912710122
3500 5.120157095317715
3501 5.120157095317715
3502 5.120157095317715
3503 5.138142415189954
3504 5.169028349651189
3505 5.177663793331643
3506 5.182125136021261
3507 5.209062789923866
3508 5.209062789923866
3509 5.209062789923866
3510 5.2191672842762795
3511 5.2191672842762795
3512 5.2191672842762795
3513 5.2191672842762795
3514 5.2191672842762795
3515 5.2191672842762795
3516 5.2191672842762795
3517 5.2191672842762795
3518 5.2191672842762795
3519 5.217308280275773
3520 5.209050394615748
3521 5.183425467026986
3522 5.183425467026986
3523 5.183425467026986
3524 5.1927561439456555
3525 5.198787127491151
3526 5.20120988819117
3527 5.20120988819117
3528 5.20120988819117
3529 5.20120988819117
3530 5.20120988819117
3531 5.2091139040614935
3532 5.212071539556021
3533 5.212071539556021
3534 5.212071539556021
3535 5.215504979490873
3536 5.232750232535636
3537 5.245637108719123
3538 5.245637108719123
3539 5.245637108719123
3540 5.248130879474643
3541 5.256664604109539
3542 5.256664604109539
3543 5.256664604109539
3544 5.255440885621299
3545 5.245200851787686
3546 5.245200851787686
3547 5.245200851787686
3548 5.245200851787686
3549 5.245200851787686
3550 5.245200851787686
3551 5.245200851787686
3552 5.2274968156030575
3553 5.221691750988427
3554 5.221691750988427
3555 5.221691750988427
3556 5.205639087671261
3557 5.195331548442569
3558 5.190253258337885
3559 5.190253258337885
3560 5.190253258337885
3561 5.190253258337885
3562 5.188296308677316
3563 5.185359596684741
3564 5.185359596684741
3565 5.185359596684741
3566 5.153973917988518
3567 5.153973917988518
3568 5.153973917988518
3569 5.153973917988518
3570 5.153973917988518
3571 5.153973917988518
3572 5.083692244008478
3573 5.083692244008478
3574 5.083692244008478
3575 4.983174834646377
3576 4.977863499590216
3577 4.969565360025721
3578 4.966702756786701
3579 4.962945358535457
3580 4.962945358535457
3581 4.962945358535457
3582 4.962945358535457
3583 4.962945358535457
3584 4.96198027166189
3585 4.96198027166189
3586 4.940411316393217
3587 4.901915369897489
3588 4.901915369897489
3589 4.901915369897489
3590 4.944846015200686
3591 4.944846015200686
3592 4.944846015200686
3593 4.944846015200686
3594 4.936576024370004
3595 4.936576024370004
3596 4.936576024370004
3597 4.948556559467354
3598 4.948556559467354
3599 4.957070231627462
3600 4.96001731077131
3601 4.962115456837013
3602 4.96555135978455
3603 4.96555135978455
3604 5.007192356325858
3605 5.007192356325858
3606 5.008408118921565
3607 5.011683084353432
3608 5.013524707061579
3609 5.012356771651747
3610 4.982310140269433
3611 4.982310140269433
3612 4.982310140269433
3613 4.982310140269433
3614 4.982310140269433
3615 4.982310140269433
3616 4.981684749318607
3617 4.981684749318607
3618 4.974023092958906
3619 4.925011952317175
3620 4.902744822011399
3621 4.891312414753522
3622 4.8797834547450964
3623 4.8797834547450964
3624 4.875075677963672
3625 4.875075677963672
3626 4.875075677963672
3627 4.875075677963672
3628 4.875696753193621
3629 4.880842596211895
3630 4.889772613041158
3631 4.889772613041158
3632 4.889772613041158
3633 4.889772613041158
3634 4.889772613041158
3635 4.915102343405765
3636 4.915650704704245
3637 4.940749010102673
3638 4.961805997845544
3639 4.985124509144014
3640 4.989719516655859
3641 4.990935300329713
3642 5.005870439988174
3643 5.005870439988174
3644 5.005870439988174
3645 5.005870439988174
3646 5.005870439988174
3647 5.005870439988174
3648 5.005870439988174
3649 5.005870439988174
3650 5.005870439988174
3651 5.005870439988174
3652 5.005870439988174
3653 4.986955183916306
3654 4.986955183916306
3655 4.986955183916306
3656 4.986955183916306
3657 4.986955183916306
3658 4.986955183916306
3659 4.986955183916306
3660 4.990760888432188
3661 5.012457347957417
3662 5.015165073093844
3663 5.015165073093844
3664 5.030728323607656
3665 5.04235675468979
3666 5.044821931958897
3667 5.048241528098905
3668 5.06053649505696
3669 5.06053649505696
3670 5.06053649505696
3671 5.06053649505696
3672 5.0699609167562265
3673 5.100878104417376
3674 5.128758544734606
3675 5.144547956941841
3676 5.146982610650332
3677 5.146982610650332
3678 5.157418762075643
e
0 0
1 0
2 0
3 0
4 0
5 0
6 0
7 0
8 0
9 0
10 0
11 0
12 0
13 0
14 0
15 0
16 0
17 0
18 0
19 0
20 0
21 0
22 0
23 0
24 0
25 0
26 0
27 0
28 0
29 0
30 0
31 0
32 0
33 0
34 0
35 0
36 0
37 0
38 0
39 0
40 0
41 0
42 0
43 0
44 0
45 0
46 0
47 0
48 0
49 0
50 0
51 0
52 0
53 0
54 0
55 0
56 0
57 0
58 0
59 0
60 0
61 0
62 0
63 0
64 0
65 0
66 0
67 0
68 0
69 0
70 0
71 0
72 0
73 0
74 0
75 0
76 0
77 0
78 0
79 0
80 0
81 0
82 0
83 0
84 0
85 0
86 0
87 0
88 0
89 0
90 0
91 0
92 0
93 0
94 0
95 0
96 0
97 0
98 0
99 0
100 0
101 0
102 0
103 0
104 0
105 0
106 0
107 0
108 0
109 1.1686448552296969
110 1.1686448552296969
111 1.1686448552296969
112 1.1686448552296969
113 1.1686448552296969
114 1.1686448552296969
115 1.1686448552296969
116 1.1686448552296969
117 1.1686448552296969
118 1.1686448552296969
119 1.1686448552296969
120 1.1686448552296969
121 1.1686448552296969
122 1.1686448552296969
123 1.1686448552296969
124 1.1686448552296969
125 1.1686448552296969
126 1.1686448552296969
127 1.1686448552296969
128 1.1686448552296969
129 1.1686448552296969
130 1.1686448552296969
131 1.1686448552296969
132 1.1686448552296969
133 1.1686448552296969
134 1.1686448552296969
135 1.1686448552296969
136 1.1686448552296969
137 1.1686448552296969
138 1.1686448552296969
139 1.1686448552296969
140 1.1686448552296969
141 1.1686448552296969
142 1.1686448552296969
143 1.1686448552296969
144 1.1686448552296969
145 1.1686448552296969
146 1.1686448552296969
147 1.1686448552296969
148 1.1686448552296969
149 1.1686448552296969
150 1.1686448552296969
151 1.1658654729530404
152 1.1658654729530404
153 1.1658654729530404
154 1.1490803724923846
155 1.1490803724923846
156 1.1490803724923846
157 1.1490803724923846
158 1.1490803724923846
159 1.1490803724923846
160 1.1490803724923846
161 1.1490803724923846
162 1.1490803724923846
163 1.1490803724923846
164 1.1490803724923846
165 1.1398290656621364
166 1.1156475559778507
167 1.0971014360677627
168 1.0971014360677627
169 1.0971014360677627
170 1.0971014360677627
171 1.0591651359241243
172 1.0427863538050381
173 1.028046201143784
174 1.028046201143784
175 1.028046201143784
176 1.028046201143784
177 1.028046201143784
178 1.028046201143784
179 1.028046201143784
180 1.028046201143784
181 1.028046201143784
182 1.028046201143784
183 1.028046201143784
184 1.028046201143784
185 1.028046201143784
186 1.0069338143545445
187 0.983316986883787
188 0.9821827903877509
189 0.9821827903877509
190 0.9407583945954292
191 0.9368744427248632
192 0.9368744427248632
193 0.9368744427248632
194 0.9368744427248632
195 0.9368744427248632
196 0.9368744427248632
197 0.9368744427248632
198 0.9368744427248632
199 0.9258855931970283
200 0.9187000282304707
201 0.8881658690513169
202 0.8800119230484057
203 0.8357300726861252
204 0.832171988151921
205 0.825458801472462
206 0.825458801472462
207 0.8157460603327359
208 0.7794607139153182
209 0.7794607139153182
210 0.7794607139153182
211 0.7794607139153182
212 0.7577311774126163
213 0.7308155349266255
214 0.7308155349266255
215 0.7308155349266255
216 0.7308155349266255
217 0.7308155349266255
218 0.7308155349266255
219 0.7308155349266255
220 0.7308155349266255
221 0.7308155349266255
222 0.7308155349266255
223 0.7308155349266255
224 0.7308155349266255
225 0.7308155349266255
226 0.7308155349266255
227 0.7142091275006395
228 0.7142091275006395
229 0.7142091275006395
230 0.7142091275006395
231 0.7101334759694495
232 0.7040816136367778
233 0.7040816136367778
234 0.7040816136367778
235 0.7040816136367778
236 0.7040816136367778
237 0.6883423706340686
238 0.6836440135740062
239 0.6745919928184173
240 0.6732688031609774
241 0.6682586911670181
242 0.6682586911670181
243 0.6682586911670181
244 0.6682586911670181
245 0.6682586911670181
246 0.656837454515913
247 0.6509668824885172
248 0.6182460159158194
249 0.6182460159158194
250 0.6182460159158194
251 0.6182460159158194
252 0.6182460159158194
253 0.6182460159158194
254 0.6182460159158194
255 0.6182460159158194
256 0.6182460159158194
257 0.6182460159158194
258 0.6182460159158194
259 0.6182460159158194
260 0.6182460159158194
261 0.6182460159158194
262 0.6182460159158194
263 0.6182460159158194
264 0.6182460159158194
265 0.6182460159158194
266 0.6182460159158194
267 0.6182460159158194
268 0.6182460159158194
269 0.6182460159158194
270 0.6182460159158194
271 0.6182460159158194
272 0.6182460159158194
273 0.6182460159158194
274 0.6182460159158194
275 0.6182460159158194
276 0.6182460159158194
277 0.5898320896264604
278 0.5809473543704726
279 0.5809473543704726
280 0.5809473543704726
281 0.5809473543704726
282 0.5809473543704726
283 0.5809473543704726
284 0.5809473543704726
285 0.5809473543704726
286 0.5809473543704726
287 0.5809473543704726
288 0.5809473543704726
289 0.5809473543704726
290 0.5809473543704726
291 0.5809473543704726
292 0.5809473543704726
293 0.5809473543704726
294 0.5809473543704726
295 0.5809473543704726
296 0.5809473543704726
297 0.5809473543704726
298 0.5809473543704726
299 0.5809473543704726
300 0.5809473543704726
301 0.5809473543704726
302 0.5809473543704726
303 0.5809473543704726
304 0.5809473543704726
305 0.5809473543704726
306 0.5809473543704726
307 0.5809473543704726
308 0.5809473543704726
309 0.5809473543704726
310 0.5809473543704726
311 0.5809473543704726
312 0.5809473543704726
313 0.5809473543704726
314 0.5809473543704726
315 0.5809473543704726
316 0.5809473543704726
317 0.5809473543704726
318 0.5809473543704726
319 0.5809473543704726
320 0.5809473543704726
321 0.5809473543704726
322 0.5809473543704726
323 0.5809473543704726
324 0.5809473543704726
325 0.5809473543704726
326 0.5809473543704726
327 0.5809473543704726
328 0.5809473543704726
329 0.5809473543704726
330 0.5809473543704726
331 0.5809473543704726
332 0.5809473543704726
333 0.5809473543704726
334 0.5809473543704726
335 0.5809473543704726
336 0.5809473543704726
337 0.5913235088055917
338 0.5913235088055917
339 0.5913235088055917
340 0.6234966062814759
341 0.6399566624540287
342 0.6399566624540287
343 0.6399566624540287
344 0.6399566624540287
345 0.6399566624540287
346 0.6399566624540287
347 0.6399566624540287
348 0.6399566624540287
349 0.6399566624540287
350 0.6399566624540287
351 0.6399566624540287
352 0.6399566624540287
353 0.6399566624540287
354 0.6399566624540287
355 0.6399566624540287
356 0.618822489848442
357 0.5826330355311791
358 0.4749693190256016
359 0.4749693190256016
360 0.4749693190256016
361 0.4749693190256016
362 0.4749693190256016
363 0.4749693190256016
364 0.4749693190256016
365 0.4749693190256016
366 0.4749693190256016
367 0.4749693190256016
368 0.4749693190256016
369 0.4749693190256016
370 0.4749693190256016
371 0.4749693190256016
372 0.4749693190256016
373 0.4749693190256016
374 0.4749693190256016
375 0.4749693190256016
376 0.4749693190256016
377 0.4749693190256016
378 0.4749693190256016
379 0.4749693190256016
380 0.4749693190256016
381 0.4749693190256016
382 0.4749693190256016
383 0.4709692976920635
384 0.4709692976920635
385 0.4709692976920635
386 0.4709692976920635
387 0.4709692976920635
388 0.4709692976920635
389 0.4709692976920635
390 0.47482985734677424
391 0.47482985734677424
392 0.47482985734677424
393 0.47482985734677424
394 0.47482985734677424
395 0.47482985734677424
396 0.47482985734677424
397 0.5021077624528207
398 0.5021077624528207
399 0.6267156582648131
400 0.6823284758199253
401 0.6823284758199253
402 0.6823284758199253
403 0.6823284758199253
404 0.6823284758199253
405 0.6823284758199253
406 0.6823284758199253
407 0.6823284758199253
408 0.6823284758199253
409 0.6823284758199253
410 0.6823284758199253
411 0.6927455192713463
412 0.6927455192713463
413 0.6927455192713463
414 0.6927455192713463
415 0.6927455192713463
416 0.6927455192713463
417 0.6927455192713463
418 0.6927455192713463
419 0.6927455192713463
420 0.6927455192713463
421 0.6927455192713463
422 0.6927455192713463
423 0.6927455192713463
424 0.7063349357386293
425 0.7064227155369612
426 0.7287859603591104
427 0.7287859603591104
428 0.7287859603591104
429 0.7287859603591104
430 0.7287859603591104
431 0.7287859603591104
432 0.7287859603591104
433 0.7287859603591104
434 0.7287859603591104
435 0.7287859603591104
436 0.7287859603591104
437 0.7287859603591104
438 0.7287859603591104
439 0.7287859603591104
440 0.7287859603591104
441 0.7287859603591104
442 0.7287859603591104
443 0.7287859603591104
444 0.7287859603591104
445 0.7287859603591104
446 0.7287859603591104
447 0.7287859603591104
448 0.7287859603591104
449 0.7287859603591104
450 0.7287859603591104
451 0.7287859603591104
452 0.7287859603591104
453 0.7287859603591104
454 0.7287859603591104
455 0.7287859603591104
456 0.7287859603591104
457 0.7287859603591104
458 0.7287859603591104
459 0.7462125289310542
460 0.7884921618390498
461 0.7996564636648832
462 0.7996564636648832
463 0.7996564636648832
464 0.7996564636648832
465 0.8133587631367778
466 0.8541699850392127
467 0.8582681020421026
468 0.9437664163276863
469 0.9784980150590883
470 1.0185940323720024
471 1.0185940323720024
472 1.0199411664216773
473 1.084163573103622
474 1.084163573103622
475 1.0993128021641454
476 1.0993128021641454
477 1.0993128021641454
478 1.10803463877857
479 1.1208765595908357
480 1.1435115738012849
481 1.1584508596373844
482 1.196963523077415
483 1.2199005943771952
484 1.245037883426501
485 1.245037883426501
486 1.245037883426501
487 1.245037883426501
488 1.274222335295994
489 1.328045008863478
490 1.3649636464277044
491 1.3914769247393874
492 1.4069631818956259
493 1.4164945418088029
494 1.4278166521958422
495 1.4580684828910955
496 1.4580684828910955
497 1.4580684828910955
498 1.4580684828910955
499 1.4691543505165872
500 1.4691543505165872
501 1.4691543505165872
502 1.4691543505165872
503 1.4691543505165872
504 1.4691543505165872
505 1.4743072825252912
506 1.4956022694078068
507 1.5317915966310667
508 1.540301461660641
509 1.6117910664034674
510 1.6117910664034674
511 1.6556507752247778
512 1.700174761165497
513 1.700174761165497
514 1.700174761165497
515 1.700174761165497
516 1.700174761165497
517 1.700174761165497
518 1.700174761165497
519 1.700174761165497
520 1.784388770500347
521 1.826044775772636
522 1.8468180566261492
523 1.8468180566261492
524 1.8626514947900032
525 1.914864461154882
526 1.914864461154882
527 1.914864461154882
528 1.914864461154882
529 1.914864461154882
530 1.914864461154882
531 1.914864461154882
532 1.914864461154882
533 1.914864461154882
534 1.914864461154882
535 1.914864461154882
536 1.914864461154882
537 1.914864461154882
538 1.914864461154882
539 1.914864461154882
540 1.914864461154882
541 1.914864461154882
542 1.914864461154882
543 1.914864461154882
544 1.914864461154882
545 1.914864461154882
546 2.021817220456982
547 2.048420561609321
548 2.0563774927789042
549 2.0685602988600826
550 2.0685602988600826
551 2.0685602988600826
552 2.0685602988600826
553 2.0685602988600826
554 2.068807345208096
555 2.078861042956441
556 2.078861042956441
557 2.078861042956441
558 2.078861042956441
559 2.078861042956441
560 2.0912233248353793
561 2.091320556510987
562 2.091320556510987
563 2.091320556510987
564 2.091320556510987
565 2.105276734460329
566 2.1075003678976554
567 2.116165171904668
568 2.137040086669378
569 2.157260919244598
570 2.157260919244598
571 2.157260919244598
572 2.159992337266426
573 2.1676453333614827
574 2.1911784035804733
575 2.243323774196805
576 2.257966848362904
577 2.260676451730716
578 2.2680554630058793
579 2.2966758493924946
580 2.309335674465509
581 2.315192465950834
582 2.3210867212002073
583 2.3210867212002073
584 2.3210867212002073
585 2.3210867212002073
586 2.3210867212002073
587 2.3254535611845846
588 2.3254535611845846
589 2.355817020371707
590 2.383312128702846
591 2.4214388150623303
592 2.4420435481983076
593 2.4420435481983076
594 2.4420435481983076
595 2.4420435481983076
596 2.4420435481983076
597 2.4420435481983076
598 2.4595170075839734
599 2.4595170075839734
600 2.4595170075839734
601 2.4595170075839734
602 2.4595170075839734
603 2.4595170075839734
604 2.4595170075839734
605 2.4595170075839734
606 2.4595170075839734
607 2.4595170075839734
608 2.4595170075839734
609 2.4595170075839734
610 2.4877875993701775
611 2.4907841770353283
612 2.4907841770353283
613 2.4907841770353283
614 2.5152505106158323
615 2.5332567992876744
616 2.5650883913837514
617 2.5772419474928348
618 2.5840157080299777
619 2.5906989261623403
620 2.5925545633935885
621 2.6232935673059568
622 2.6232935673059568
623 2.6232935673059568
624 2.6232935673059568
625 2.6469236955382924
626 2.6675174747416
627 2.689978998431453
628 2.7041202861431413
629 2.7240819483993928
630 2.8374964779850855
631 2.8374964779850855
632 2.8374964779850855
633 2.8374964779850855
634 2.8374964779850855
635 2.8454641006702968
636 2.8550739441778825
637 2.8750136934313533
638 2.8750136934313533
639 2.8835664837775536
640 2.8835664837775536
641 2.890016903918183
642 2.901199651340332
643 2.901199651340332
644 2.901199651340332
645 2.901199651340332
646 2.921917115051979
647 2.921917115051979
648 2.921917115051979
649 2.937691508098021
650 2.937691508098021
651 2.937691508098021
652 2.937691508098021
653 2.937691508098021
654 2.937691508098021
655 2.937691508098021
656 2.937691508098021
657 2.937691508098021
658 2.937691508098021
659 2.937691508098021
660 2.937691508098021
661 2.94906535878063
662 2.9543967054296485
663 2.9543967054296485
664 2.9543967054296485
665 2.9543967054296485
666 2.9543967054296485
667 3.0030766400106144
668 3.0030766400106144
669 3.0480515731859317
670 3.0480515731859317
671 3.0480515731859317
672 3.0480515731859317
673 3.0480515731859317
674 3.0480515731859317
675 3.0604333537124813
676 3.0735648046039614
677 3.108661824796666
678 3.120704348214897
679 3.120704348214897
680 3.120704348214897
681 3.120704348214897
682 3.1235710545866127
683 3.1429580406474242
684 3.1800481982453985
685 3.1972386329497455
686 3.1972386329497455
687 3.1972386329497455
688 3.1972386329497455
689 3.1972386329497455
690 3.1972386329497455
691 3.1972386329497455
692 3.1972386329497455
693 3.1972386329497455
694 3.1972386329497455
695 3.1972386329497455
696 3.1972386329497455
697 3.1972386329497455
698 3.1972386329497455
699 3.1972386329497455
700 3.1972386329497455
701 3.2108858901031088
702 3.2108858901031088
703 3.2108858901031088
704 3.2108858901031088
705 3.2108858901031088
706 3.2108858901031088
707 3.2108858901031088
708 3.2108858901031088
709 3.2108858901031088
710 3.2108858901031088
711 3.2108858901031088
712 3.2108858901031088
713 3.2108858901031088
714 3.2511563130609256
715 3.284468861423968
716 3.307292950048815
717 3.3224454747514884
718 3.3498440879838522
719 3.3805098386098464
720 3.391106550001526
721 3.391106550001526
722 3.4007583678743343
723 3.4010973716608217
724 3.4010973716608217
725 3.4010973716608217
726 3.4010973716608217
727 3.4010973716608217
728 3.410590021616362
729 3.410590021616362
730 3.410590021616362
731 3.410590021616362
732 3.4185985851465865
733 3.4280388685483802
734 3.4393695154807147
735 3.464577644792964
736 3.464577644792964
737 3.48054801295375
738 3.48054801295375
739 3.48054801295375
740 3.5059945801128425
741 3.5059945801128425
742 3.5059945801128425
743 3.5059945801128425
744 3.5059945801128425
745 3.529547018816734
746 3.5581232029539946
747 3.5581232029539946
748 3.5581232029539946
749 3.5581232029539946
750 3.5581232029539946
751 3.5581232029539946
752 3.5581232029539946
753 3.5581232029539946
754 3.5581232029539946
755 3.5581232029539946
756 3.5581232029539946
757 3.5581232029539946
758 3.5581232029539946
759 3.5087756784864252
760 3.5087756784864252
761 3.5087756784864252
762 3.5087756784864252
763 3.5087756784864252
764 3.5087756784864252
765 3.5087756784864252
766 3.5087756784864252
767 3.5087756784864252
768 3.5087756784864252
769 3.5087756784864252
770 3.5087756784864252
771 3.5087756784864252
772 3.5087756784864252
773 3.5087756784864252
774 3.5087756784864252
775 3.5087756784864252
776 3.5087756784864252
777 3.5087756784864252
778 3.5087756784864252
779 3.5087756784864252
780 3.5087756784864252
781 3.5087756784864252
782 3.5087756784864252
783 3.5087756784864252
784 3.5087756784864252
785 3.5087756784864252
786 3.5087756784864252
787 3.5087756784864252
788 3.5087756784864252
789 3.5087756784864252
790 3.5087756784864252
791 3.5087756784864252
792 3.5087756784864252
793 3.5087756784864252
794 3.5087756784864252
795 3.5087756784864252
796 3.5087756784864252
797 3.5087756784864252
798 3.5087756784864252
799 3.5087756784864252
800 3.5087756784864252
801 3.5087756784864252
802 3.5087756784864252
803 3.5087756784864252
804 3.5087756784864252
805 3.5087756784864252
806 3.5087756784864252
807 3.5087756784864252
808 3.5087756784864252
809 3.5087756784864252
810 3.5087756784864252
811 3.5087756784864252
812 3.5087756784864252
813 3.5087756784864252
814 3.5087756784864252
815 3.5087756784864252
816 3.5087756784864252
817 3.5087756784864252
818 3.5087756784864252
819 3.5087756784864252
820 3.5087756784864252
821 3.5087756784864252
822 3.5087756784864252
823 3.5087756784864252
824 3.5087756784864252
825 3.5087756784864252
826 3.5087756784864252
827 3.5087756784864252
828 3.5087756784864252
829 3.5087756784864252
830 3.5087756784864252
831 3.5087756784864252
832 3.5087756784864252
833 3.5087756784864252
834 3.5087756784864252
835 3.5087756784864252
836 3.5087756784864252
837 3.5087756784864252
838 3.5087756784864252
839 3.5087756784864252
840 3.5087756784864252
841 3.5087756784864252
842 3.5087756784864252
843 3.5087756784864252
844 3.5087756784864252
845 3.5087756784864252
846 3.5087756784864252
847 3.5087756784864252
848 3.5087756784864252
849 3.5087756784864252
850 3.5087756784864252
851 3.5087756784864252
852 3.5087756784864252
853 3.5087756784864252
854 3.5087756784864252
855 3.5087756784864252
856 3.502839586846071
857 3.4604349525495017
858 3.4604349525495017
859 3.4604349525495017
860 3.4604349525495017
861 3.413994424028666
862 3.386994169309212
863 3.369651390315267
864 3.369651390315267
865 3.369651390315267
866 3.369651390315267
867 3.369651390315267
868 3.369651390315267
869 3.3968818109789716
870 3.3968818109789716
871 3.3968818109789716
872 3.3968818109789716
873 3.3968818109789716
874 3.3968818109789716
875 3.3968818109789716
876 3.3968818109789716
877 3.3968818109789716
878 3.3968818109789716
879 3.3968818109789716
880 3.3968818109789716
881 3.3968818109789716
882 3.3968818109789716
883 3.3968818109789716
884 3.3968818109789716
885 3.3968818109789716
886 3.3968818109789716
887 3.3968818109789716
888 3.3968818109789716
889 3.3968818109789716
890 3.3968818109789716
891 3.3968818109789716
892 3.3968818109789716
893 3.3968818109789716
894 3.3968818109789716
895 3.3968818109789716
896 3.3968818109789716
897 3.3968818109789716
898 3.3968818109789716
899 3.3968818109789716
900 3.3968818109789716
901 3.3968818109789716
902 3.3968818109789716
903 3.3968818109789716
904 3.3968818109789716
905 3.3968818109789716
906 3.3968818109789716
907 3.3968818109789716
908 3.3955224988594748
909 3.394614233396276
910 3.394614233396276
911 3.394614233396276
912 3.394614233396276
913 3.394614233396276
914 3.3851270663652184
915 3.3842461109964836
916 3.3842461109964836
917 3.3683691420855775
918 3.3683691420855775
919 3.3683691420855775
920 3.3683691420855775
921 3.3683691420855775
922 3.3683691420855775
923 3.3683691420855775
924 3.3683691420855775
925 3.3683691420855775
926 3.3683691420855775
927 3.3683691420855775
928 3.3683691420855775
929 3.3683691420855775
930 3.3683691420855775
931 3.3683691420855775
932 3.3683691420855775
933 3.3625146410066398
934 3.3625146410066398
935 3.356247336280581
936 3.3406950682054783
937 3.335964134548306
938 3.3226265575034732
939 3.3226265575034732
940 3.3226265575034732
941 3.3226265575034732
942 3.3226265575034732
943 3.3226265575034732
944 3.3226265575034732
945 3.3226265575034732
946 3.3226265575034732
947 3.3226265575034732
948 3.3226265575034732
949 3.367895945328181
950 3.367895945328181
951 3.367895945328181
952 3.367895945328181
953 3.367895945328181
954 3.367895945328181
955 3.367895945328181
956 3.370082757252259
957 3.370082757252259
958 3.370082757252259
959 3.3972036967454056
960 3.3972036967454056
961 3.3984397913181
962 3.3984397913181
963 3.3984397913181
964 3.3984397913181
965 3.3984397913181
966 3.3984397913181
967 3.3984397913181
968 3.4006939616488125
969 3.4127755100863024
970 3.4127755100863024
971 3.427725631730854
972 3.4332143390013936
973 3.4367945530452264
974 3.4367945530452264
975 3.4367945530452264
976 3.438267375419276
977 3.447182362169598
978 3.4501301810655933
979 3.4501301810655933
980 3.4501301810655933
981 3.459570457962097
982 3.4772792113571525
983 3.5496339012388383
984 3.633441605940968
985 3.6657976645309764
986 3.6833363412451536
987 3.7075651280544486
988 3.7075651280544486
989 3.7075651280544486
990 3.7325127304953645
991 3.741917396474112
992 3.741917396474112
993 3.741917396474112
994 3.741917396474112
995 3.741917396474112
996 3.741917396474112
997 3.7511484278939804
998 3.7511484278939804
999 3.7511484278939804
1000 3.7511484278939804
1001 3.7511484278939804
1002 3.7511484278939804
1003 3.7511484278939804
1004 3.7511484278939804
1005 3.7511484278939804
1006 3.7511484278939804
1007 3.7511484278939804
1008 3.7511484278939804
1009 3.7511484278939804
1010 3.7511484278939804
1011 3.7511484278939804
1012 3.7511484278939804
1013 3.762780363309222
1014 3.7642080858735962
1015 3.791657348809851
1016 3.791657348809851
1017 3.832197482523
1018 3.839353331817459
1019 3.839353331817459
1020 3.839353331817459
1021 3.860079094015811
1022 3.8607651668471634
1023 3.9395988819047094
1024 3.9592051444455523
1025 4.046778091966033
1026 4.048246638368033
1027 4.061504620544701
1028 4.069373673085861
1029 4.0705879566865075
1030 4.0705879566865075
1031 4.077647256609006
1032 4.131675356582629
1033 4.131675356582629
1034 4.142086765747161
1035 4.145886024178985
1036 4.145886024178985
1037 4.153246672530684
1038 4.153246672530684
1039 4.153246672530684
1040 4.153246672530684
1041 4.178810311506455
1042 4.225747938234859
1043 4.291520251606773
1044 4.291520251606773
1045 4.291520251606773
1046 4.295893616709434
1047 4.312782843253229
1048 4.386735640163011
1049 4.386735640163011
1050 4.3953865470235725
1051 4.415055669256115
1052 4.4255906010222565
1053 4.4255906010222565
1054 4.4255906010222565
1055 4.4255906010222565
1056 4.4255906010222565
1057 4.4255906010222565
1058 4.4255906010222565
1059 4.4255906010222565
1060 4.43945601674345
1061 4.43945601674345
1062 4.43945601674345
1063 4.461585084248562
1064 4.472405552082767
1065 4.473966493289499
1066 4.473966493289499
1067 4.473966493289499
1068 4.48425006080083
1069 4.48425006080083
1070 4.48425006080083
1071 4.48425006080083
1072 4.48425006080083
1073 4.48425006080083
1074 4.48425006080083
1075 4.48425006080083
1076 4.506182221184434
1077 4.506182221184434
1078 4.519945391827552
1079 4.519945391827552
1080 4.523454984194274
1081 4.523454984194274
1082 4.523454984194274
1083 4.523454984194274
1084 4.523454984194274
1085 4.526826438576477
1086 4.565054723295402
1087 4.565054723295402
1088 4.565054723295402
1089 4.568239261688864
1090 4.568553116651684
1091 4.572419413640121
1092 4.608289237246664
1093 4.665840934396522
1094 4.724897171136041
1095 4.724897171136041
1096 4.724897171136041
1097 4.724897171136041
1098 4.724897171136041
1099 4.774409582771707
1100 4.782693795945322
1101 4.782693795945322
1102 4.782693795945322
1103 4.782693795945322
1104 4.782693795945322
1105 4.782693795945322
1106 4.782693795945322
1107 4.782693795945322
1108 4.782693795945322
1109 4.782693795945322
1110 4.782693795945322
1111 4.782693795945322
1112 4.782693795945322
1113 4.782693795945322
1114 4.782693795945322
1115 4.782693795945322
1116 4.782693795945322
1117 4.782693795945322
1118 4.782693795945322
1119 4.783979435313563
1120 4.783979435313563
1121 4.785487732083277
1122 4.829777193507181
1123 4.878715017273099
1124 4.881021898352611
1125 4.9124234307888415
1126 4.919730450185639
1127 4.939207934053552
1128 4.939207934053552
1129 4.939207934053552
1130 4.95221555362417
1131 4.9688227356734735
1132 4.988521400268712
1133 5.005294875292122
1134 5.005294875292122
1135 5.005294875292122
1136 5.025779610565104
1137 5.034138152018889
1138 5.034138152018889
1139 5.050668955473855
1140 5.057183705619022
1141 5.0644342993952645
1142 5.0644342993952645
1143 5.0644342993952645
1144 5.0644342993952645
1145 5.0644342993952645
1146 5.0644342993952645
1147 5.0644342993952645
1148 5.0644342993952645
1149 5.0644342993952645
1150 5.0644342993952645
1151 5.0644342993952645
1152 5.0644342993952645
1153 5.0644342993952645
1154 5.0644342993952645
1155 5.0644342993952645
1156 5.0644342993952645
1157 5.0644342993952645
1158 5.059549403597362
1159 5.02862164862196
1160 5.019436487691971
1161 5.0112651194718625
1162 5.038300085122387
1163 5.050634493596062
1164 5.062346613690025
1165 5.062346613690025
1166 5.062346613690025
1167 5.062346613690025
1168 5.062346613690025
1169 5.062346613690025
1170 5.062346613690025
1171 5.062346613690025
1172 5.0711711175628045
1173 5.0711711175628045
1174 5.0711711175628045
1175 5.0711711175628045
1176 5.0711711175628045
1177 5.0711711175628045
1178 5.0711711175628045
1179 5.0711711175628045
1180 5.0711711175628045
1181 5.0711711175628045
1182 5.0711711175628045
1183 5.0711711175628045
1184 5.0711711175628045
1185 5.0711711175628045
1186 5.0711711175628045
1187 5.0711711175628045
1188 5.0711711175628045
1189 5.0711711175628045
1190 5.0711711175628045
1191 5.0711711175628045
1192 5.1077322499772855
1193 5.1077322499772855
1194 5.13661714356654
1195 5.143148985039743
1196 5.168050396281652
1197 5.1700706010501545
1198 5.1700706010501545
1199 5.175085688230123
1200 5.175085688230123
1201 5.175085688230123
1202 5.175085688230123
1203 5.175085688230123
1204 5.206827224694589
1205 5.206827224694589
1206 5.206827224694589
1207 5.206827224694589
1208 5.206827224694589
1209 5.206827224694589
1210 5.214069518541574
1211 5.218204938041509
1212 5.218204938041509
1213 5.229142992096234
1214 5.233526052628154
1215 5.242360269462317
1216 5.242360269462317
1217 5.242360269462317
1218 5.242360269462317
1219 5.242360269462317
1220 5.242360269462317
1221 5.242360269462317
1222 5.242360269462317
1223 5.242360269462317
1224 5.242360269462317
1225 5.242360269462317
1226 5.242360269462317
1227 5.242360269462317
1228 5.242360269462317
1229 5.242360269462317
1230 5.242360269462317
1231 5.242360269462317
1232 5.242360269462317
1233 5.242360269462317
1234 5.242360269462317
1235 5.242360269462317
1236 5.242360269462317
1237 5.242360269462317
1238 5.242360269462317
1239 5.242360269462317
1240 5.242360269462317
1241 5.242360269462317
1242 5.242360269462317
1243 5.242360269462317
1244 5.242360269462317
1245 5.242360269462317
1246 5.242360269462317
1247 5.266026398841392
1248 5.266026398841392
1249 5.266026398841392
1250 5.272875585273221
1251 5.274275142425285
1252 5.274275142425285
1253 5.274275142425285
1254 5.29556347151461
1255 5.29556347151461
1256 5.29556347151461
1257 5.29556347151461
1258 5.29556347151461
1259 5.29556347151461
1260 5.29556347151461
1261 5.29556347151461
1262 5.29556347151461
1263 5.29556347151461
1264 5.29556347151461
1265 5.29556347151461
1266 5.300277880404886
1267 5.304306651355694
1268 5.338486260153141
1269 5.368053816851342
1270 5.368053816851342
1271 5.368053816851342
1272 5.368053816851342
1273 5.368053816851342
1274 5.368053816851342
1275 5.368053816851342
1276 5.368053816851342
1277 5.345097828285259
1278 5.345097828285259
1279 5.345097828285259
1280 5.345097828285259
1281 5.345097828285259
1282 5.345097828285259
1283 5.345097828285259
1284 5.345097828285259
1285 5.345097828285259
1286 5.345097828285259
1287 5.345097828285259
1288 5.345097828285259
1289 5.345097828285259
1290 5.345097828285259
1291 5.345097828285259
1292 5.345097828285259
1293 5.345097828285259
1294 5.345097828285259
1295 5.321874449162749
1296 5.321874449162749
1297 5.321874449162749
1298 5.321874449162749
1299 5.321874449162749
1300 5.321874449162749
1301 5.321874449162749
1302 5.30298878874325
1303 5.2788897245827
1304 5.2788897245827
1305 5.2788897245827
1306 5.2788897245827
1307 5.2788897245827
1308 5.2788897245827
1309 5.2788897245827
1310 5.2788897245827
1311 5.2788897245827
1312 5.2788897245827
1313 5.2788897245827
1314 5.277425481859311
1315 5.271271378815263
1316 5.26628507914743
1317 5.266028532262792
1318 5.266028532262792
1319 5.265870591805031
1320 5.257226680053669
1321 5.255455626841469
1322 5.255455626841469
1323 5.255455626841469
1324 5.25242225050035
1325 5.25242225050035
1326 5.252138194168399
1327 5.252138194168399
1328 5.252138194168399
1329 5.252138194168399
1330 5.252138194168399
1331 5.252138194168399
1332 5.252138194168399
1333 5.252138194168399
1334 5.252138194168399
1335 5.252138194168399
1336 5.252138194168399
1337 5.252138194168399
1338 5.245518828063247
1339 5.245518828063247
1340 5.245518828063247
1341 5.245518828063247
1342 5.245518828063247
1343 5.245518828063247
1344 5.245518828063247
1345 5.245518828063247
1346 5.245518828063247
1347 5.245518828063247
1348 5.245518828063247
1349 5.245518828063247
1350 5.245518828063247
1351 5.245518828063247
1352 5.245518828063247
1353 5.245518828063247
1354 5.245518828063247
1355 5.245518828063247
1356 5.245518828063247
1357 5.245518828063247
1358 5.245518828063247
1359 5.245518828063247
1360 5.245518828063247
1361 5.245518828063247
1362 5.245518828063247
1363 5.245518828063247
1364 5.245518828063247
1365 5.234868507317707
1366 5.234868507317707
1367 5.234868507317707
1368 5.1979312829095825
1369 5.192252799879407
1370 5.192252799879407
1371 5.192252799879407
1372 5.191952138415146
1373 5.191952138415146
1374 5.191952138415146
1375 5.191952138415146
1376 5.191952138415146
1377 5.1805447995320595
1378 5.1805447995320595
1379 5.1805447995320595
1380 5.1805447995320595
1381 5.1805447995320595
1382 5.1805447995320595
1383 5.1805447995320595
1384 5.172772461221941
1385 5.172772461221941
1386 5.121429576682202
1387 5.108557555470581
1388 5.108557555470581
1389 5.094662086594381
1390 5.094662086594381
1391 5.094662086594381
1392 5.094662086594381
1393 5.094662086594381
1394 5.094662086594381
1395 5.094662086594381
1396 5.094662086594381
1397 5.094662086594381
1398 5.094662086594381
1399 5.094662086594381
1400 5.094662086594381
1401 5.094662086594381
1402 5.094662086594381
1403 5.094662086594381
1404 5.094662086594381
1405 5.05895539610664
1406 5.035746529726785
1407 4.993133007309339
1408 4.943745582405452
1409 4.898026819436735
1410 4.898026819436735
1411 4.898026819436735
1412 4.898026819436735
1413 4.897513618730223
1414 4.857068953239466
1415 4.857068953239466
1416 4.857068953239466
1417 4.857068953239466
1418 4.857068953239466
1419 4.857068953239466
1420 4.857068953239466
1421 4.857068953239466
1422 4.857068953239466
1423 4.857068953239466
1424 4.857068953239466
1425 4.857068953239466
1426 4.857068953239466
1427 4.857068953239466
1428 4.857068953239466
1429 4.857068953239466
1430 4.857068953239466
1431 4.857068953239466
1432 4.857068953239466
1433 4.857068953239466
1434 4.857068953239466
1435 4.857068953239466
1436 4.857068953239466
1437 4.857068953239466
1438 4.857068953239466
1439 4.857068953239466
1440 4.857068953239466
1441 4.857068953239466
1442 4.857068953239466
1443 4.857068953239466
1444 4.857068953239466
1445 4.857068953239466
1446 4.857068953239466
1447 4.857068953239466
1448 4.857068953239466
1449 4.857068953239466
1450 4.843680046642532
1451 4.827441460077009
1452 4.809047428729477
1453 4.794371780284203
1454 4.791345254314246
1455 4.791345254314246
1456 4.791345254314246
1457 4.791345254314246
1458 4.791345254314246
1459 4.791345254314246
1460 4.791345254314246
1461 4.791345254314246
1462 4.791345254314246
1463 4.791345254314246
1464 4.789000322318161
1465 4.789000322318161
1466 4.78453136426727
1467 4.780847584498415
1468 4.775500551582907
1469 4.775500551582907
1470 4.775500551582907
1471 4.767940668246462
1472 4.767940668246462
1473 4.761892088993856
1474 4.726838296078764
1475 4.726838296078764
1476 4.726838296078764
1477 4.726838296078764
1478 4.726838296078764
1479 4.726838296078764
1480 4.726838296078764
1481 4.726838296078764
1482 4.726838296078764
1483 4.726838296078764
1484 4.726838296078764
1485 4.726838296078764
1486 4.726838296078764
1487 4.726838296078764
1488 4.726838296078764
1489 4.726838296078764
1490 4.726838296078764
1491 4.726838296078764
1492 4.726838296078764
1493 4.726838296078764
1494 4.726838296078764
1495 4.707982756032589
1496 4.672880626695965
1497 4.672880626695965
1498 4.672880626695965
1499 4.672880626695965
1500 4.672880626695965
1501 4.672880626695965
1502 4.672880626695965
1503 4.6628773021158985
1504 4.646013333340898
1505 4.645387985844151
1506 4.645387985844151
1507 4.645387985844151
1508 4.645387985844151
1509 4.645387985844151
1510 4.645387985844151
1511 4.645387985844151
1512 4.645387985844151
1513 4.645387985844151
1514 4.608235048384189
1515 4.5828110494472885
1516 4.5827322472406635
1517 4.562795517322339
1518 4.562795517322339
1519 4.562795517322339
1520 4.562795517322339
1521 4.562795517322339
1522 4.562795517322339
1523 4.562795517322339
1524 4.562795517322339
1525 4.562795517322339
1526 4.562795517322339
1527 4.562795517322339
1528 4.562795517322339
1529 4.562795517322339
1530 4.562795517322339
1531 4.562795517322339
1532 4.562795517322339
1533 4.562795517322339
1534 4.562795517322339
1535 4.562795517322339
1536 4.562795517322339
1537 4.562795517322339
1538 4.562795517322339
1539 4.562795517322339
1540 4.562795517322339
1541 4.562795517322339
1542 4.562795517322339
1543 4.562795517322339
1544 4.562795517322339
1545 4.562795517322339
1546 4.562795517322339
1547 4.562795517322339
1548 4.562795517322339
1549 4.562795517322339
1550 4.562795517322339
1551 4.562795517322339
1552 4.562795517322339
1553 4.562795517322339
1554 4.562795517322339
1555 4.562795517322339
1556 4.562795517322339
1557 4.562795517322339
1558 4.562795517322339
1559 4.562795517322339
1560 4.562795517322339
1561 4.562795517322339
1562 4.556315588417174
1563 4.547218712048327
1564 4.542500693448095
1565 4.542500693448095
1566 4.542500693448095
1567 4.539717079560715
1568 4.5351874769506235
1569 4.5291711867335
1570 4.506011419493775
1571 4.502785304513182
1572 4.497953451263104
1573 4.494815708562729
1574 4.494815708562729
1575 4.494815708562729
1576 4.494815708562729
1577 4.494815708562729
1578 4.494815708562729
1579 4.494815708562729
1580 4.494815708562729
1581 4.52000880048684
1582 4.528600685947509
1583 4.528600685947509
1584 4.528600685947509
1585 4.536572279636068
1586 4.536572279636068
1587 4.536572279636068
1588 4.5762677510848855
1589 4.5762677510848855
1590 4.592912403106048
1591 4.592912403106048
1592 4.592912403106048
1593 4.616147840295219
1594 4.626145984128037
1595 4.630104263166962
1596 4.644274322127672
1597 4.644274322127672
1598 4.644274322127672
1599 4.644274322127672
1600 4.644274322127672
1601 4.644274322127672
1602 4.644274322127672
1603 4.644274322127672
1604 4.644274322127672
1605 4.644274322127672
1606 4.659308134388768
1607 4.659308134388768
1608 4.659308134388768
1609 4.659308134388768
1610 4.659308134388768
1611 4.659308134388768
1612 4.659308134388768
1613 4.659308134388768
1614 4.659308134388768
1615 4.659308134388768
1616 4.659308134388768
1617 4.659308134388768
1618 4.659308134388768
1619 4.659308134388768
1620 4.659308134388768
1621 4.659308134388768
1622 4.659308134388768
1623 4.659308134388768
1624 4.659308134388768
1625 4.659308134388768
1626 4.659308134388768
1627 4.659308134388768
1628 4.659308134388768
1629 4.659308134388768
1630 4.659308134388768
1631 4.659308134388768
1632 4.659308134388768
1633 4.659308134388768
1634 4.659308134388768
1635 4.659308134388768
1636 4.659308134388768
1637 4.659308134388768
1638 4.659308134388768
1639 4.659308134388768
1640 4.659308134388768
1641 4.659308134388768
1642 4.659308134388768
1643 4.659308134388768
1644 4.659308134388768
1645 4.659308134388768
1646 4.659308134388768
1647 4.659308134388768
1648 4.659308134388768
1649 4.659308134388768
1650 4.659308134388768
1651 4.659308134388768
1652 4.659308134388768
1653 4.664624267219974
1654 4.664815362196502
1655 4.666150985963419
1656 4.666150985963419
1657 4.671897812726097
1658 4.68368788492883
1659 4.687414913855626
1660 4.687597495562969
1661 4.701045298589234
1662 4.701045298589234
1663 4.701045298589234
1664 4.701045298589234
1665 4.703173212901577
1666 4.71465992879503
1667 4.71465992879503
1668 4.71465992879503
1669 4.71465992879503
1670 4.71465992879503
1671 4.686012901355175
1672 4.686012901355175
1673 4.686012901355175
1674 4.686012901355175
1675 4.686012901355175
1676 4.686012901355175
1677 4.686012901355175
1678 4.686012901355175
1679 4.686012901355175
1680 4.686012901355175
1681 4.686012901355175
1682 4.686012901355175
1683 4.686012901355175
1684 4.682398353971493
1685 4.682398353971493
1686 4.674090661300756
1687 4.674090661300756
1688 4.668685203248648
1689 4.668685203248648
1690 4.648108291203991
1691 4.648108291203991
1692 4.633135911980874
1693 4.630619071077172
1694 4.601847278695019
1695 4.531456802117159
1696 4.531456802117159
1697 4.531456802117159
1698 4.531456802117159
1699 4.4188028650453655
1700 4.365775264375113
1701 4.332493474379081
1702 4.293636481340116
1703 4.293636481340116
1704 4.293636481340116
1705 4.293636481340116
1706 4.2852039857835305
1707 4.2852039857835305
1708 4.279287178785445
1709 4.27511058648698
1710 4.269072392923895
1711 4.269072392923895
1712 4.269072392923895
1713 4.265399416736008
1714 4.245814127731224
1715 4.234099993317727
1716 4.214162999460158
1717 4.214162999460158
1718 4.214162999460158
1719 4.214162999460158
1720 4.2139178813900475
1721 4.198185873483686
1722 4.187616997923668
1723 4.187616997923668
1724 4.187616997923668
1725 4.187616997923668
1726 4.187616997923668
1727 4.18437626584233
1728 4.169058166445417
1729 4.164748568926857
1730 4.164748568926857
1731 4.164748568926857
1732 4.164748568926857
1733 4.164748568926857
1734 4.164748568926857
1735 4.164748568926857
1736 4.164748568926857
1737 4.164748568926857
1738 4.164748568926857
1739 4.164748568926857
1740 4.164748568926857
1741 4.164748568926857
1742 4.164748568926857
1743 4.164748568926857
1744 4.164748568926857
1745 4.164748568926857
1746 4.164748568926857
1747 4.164748568926857
1748 4.164748568926857
1749 4.164748568926857
1750 4.164748568926857
1751 4.164748568926857
1752 4.164748568926857
1753 4.162489188670194
1754 4.160674304644905
1755 4.160674304644905
1756 4.150340986240625
1757 4.130461415669493
1758 4.127312943168699
1759 4.127312943168699
1760 4.127312943168699
1761 4.127312943168699
1762 4.1017190907486025
1763 4.1017190907486025
1764 4.100103738616683
1765 4.100103738616683
1766 4.100103738616683
1767 4.100103738616683
1768 4.098335563885971
1769 4.094234952986572
1770 4.094234952986572
1771 4.094234952986572
1772 4.093042938912509
1773 4.093042938912509
1774 4.092744490833612
1775 4.08854740413258
1776 4.080454157124356
1777 4.075328535610688
1778 4.0659678878065835
1779 4.0659678878065835
1780 4.0659678878065835
1781 4.0659678878065835
1782 4.029075433482886
1783 4.029075433482886
1784 3.9965347697531284
1785 3.9965347697531284
1786 3.9375225809939782
1787 3.9082613911030935
1788 3.9082613911030935
1789 3.904601193675261
1790 3.904601193675261
1791 3.904601193675261
1792 3.901018837185566
1793 3.8905472502629443
1794 3.8472623805678143
1795 3.8396694003882725
1796 3.832565982094488
1797 3.8317164673270234
1798 3.8317164673270234
1799 3.8283039007587982
1800 3.8133459181601648
1801 3.8071330830575985
1802 3.799613177832218
1803 3.7867566384863487
1804 3.7785838948993593
1805 3.7785838948993593
1806 3.7785838948993593
1807 3.7490224045511695
1808 3.7393274111838517
1809 3.6745199691142423
1810 3.667737649597173
1811 3.667737649597173
1812 3.667737649597173
1813 3.667737649597173
1814 3.667737649597173
1815 3.667737649597173
1816 3.667737649597173
1817 3.667737649597173
1818 3.667737649597173
1819 3.667737649597173
1820 3.667737649597173
1821 3.658463155830594
1822 3.658463155830594
1823 3.658463155830594
1824 3.658463155830594
1825 3.658463155830594
1826 3.6552754134916983
1827 3.634990444714675
1828 3.6270976925997305
1829 3.6270976925997305
1830 3.6270976925997305
1831 3.6270976925997305
1832 3.6270976925997305
1833 3.6270976925997305
1834 3.6270976925997305
1835 3.6270976925997305
1836 3.6270976925997305
1837 3.6270976925997305
1838 3.6270976925997305
1839 3.6270976925997305
1840 3.6270976925997305
1841 3.6248982755634884
1842 3.5907887479191403
1843 3.5907887479191403
1844 3.5907887479191403
1845 3.5878301594050956
1846 3.575310727196178
1847 3.5735836097621343
1848 3.565995277074469
1849 3.565995277074469
1850 3.565995277074469
1851 3.565995277074469
1852 3.565995277074469
1853 3.565995277074469
1854 3.565995277074469
1855 3.565995277074469
1856 3.565995277074469
1857 3.565995277074469
1858 3.565995277074469
1859 3.565995277074469
1860 3.565995277074469
1861 3.564442962881321
1862 3.550464122842039
1863 3.5429467991129435
1864 3.5370695002703094
1865 3.5370695002703094
1866 3.5282333966658017
1867 3.5282333966658017
1868 3.5282333966658017
1869 3.5282333966658017
1870 3.5282333966658017
1871 3.5282333966658017
1872 3.5282333966658017
1873 3.5282333966658017
1874 3.5282333966658017
1875 3.5282333966658017
1876 3.5282333966658017
1877 3.5282333966658017
1878 3.525551825992445
1879 3.5101940039409687
1880 3.5060176455531047
1881 3.5060176455531047
1882 3.540669384916403
1883 3.5503575243979726
1884 3.555237681959731
1885 3.555237681959731
1886 3.555237681959731
1887 3.555237681959731
1888 3.555237681959731
1889 3.555237681959731
1890 3.555237681959731
1891 3.555237681959731
1892 3.555237681959731
1893 3.555237681959731
1894 3.555237681959731
1895 3.555237681959731
1896 3.555237681959731
1897 3.555237681959731
1898 3.555237681959731
1899 3.572903337066134
1900 3.572903337066134
1901 3.572903337066134
1902 3.5795775184778473
1903 3.5795775184778473
1904 3.5795775184778473
1905 3.5795775184778473
1906 3.5795775184778473
1907 3.5795775184778473
1908 3.5795775184778473
1909 3.5795775184778473
1910 3.5795775184778473
1911 3.5795775184778473
1912 3.606989003153585
1913 3.644590607147486
1914 3.644590607147486
1915 3.644590607147486
1916 3.644590607147486
1917 3.644590607147486
1918 3.644590607147486
1919 3.644590607147486
1920 3.644590607147486
1921 3.644590607147486
1922 3.644590607147486
1923 3.644590607147486
1924 3.644590607147486
1925 3.644590607147486
1926 3.644590607147486
1927 3.644590607147486
1928 3.644590607147486
1929 3.644590607147486
1930 3.644590607147486
1931 3.644590607147486
1932 3.644590607147486
1933 3.644590607147486
1934 3.644590607147486
1935 3.644590607147486
1936 3.644590607147486
1937 3.644590607147486
1938 3.644590607147486
1939 3.644590607147486
1940 3.644590607147486
1941 3.644590607147486
1942 3.644590607147486
1943 3.6524521520631525
1944 3.6589365067426955
1945 3.6589365067426955
1946 3.6589365067426955
1947 3.6589365067426955
1948 3.6589365067426955
1949 3.6695907640457612
1950 3.6695907640457612
1951 3.6695907640457612
1952 3.6695907640457612
1953 3.6695907640457612
1954 3.6695907640457612
1955 3.6695907640457612
1956 3.6695907640457612
1957 3.6695907640457612
1958 3.6695907640457612
1959 3.6695907640457612
1960 3.6695907640457612
1961 3.6695907640457612
1962 3.6695907640457612
1963 3.6695907640457612
1964 3.6695907640457612
1965 3.6695907640457612
1966 3.6695907640457612
1967 3.6695907640457612
1968 3.6695907640457612
1969 3.6695907640457612
1970 3.6695907640457612
1971 3.6695907640457612
1972 3.6695907640457612
1973 3.6695907640457612
1974 3.6695907640457612
1975 3.6695907640457612
1976 3.6695907640457612
1977 3.6705326795519477
1978 3.6965085784156377
1979 3.6965085784156377
1980 3.6987370771277197
1981 3.6987370771277197
1982 3.6987370771277197
1983 3.6987370771277197
1984 3.6987370771277197
1985 3.68108552315811
1986 3.6623098503320444
1987 3.6587898357938666
1988 3.654273676058448
1989 3.654273676058448
1990 3.654273676058448
1991 3.6401419434220186
1992 3.6401419434220186
1993 3.6401419434220186
1994 3.6401419434220186
1995 3.6401419434220186
1996 3.6401419434220186
1997 3.6401419434220186
1998 3.6401419434220186
1999 3.6401419434220186
2000 3.6401419434220186
2001 3.6401419434220186
2002 3.6401419434220186
2003 3.6401419434220186
2004 3.6401419434220186
2005 3.6401419434220186
2006 3.6401419434220186
2007 3.6401419434220186
2008 3.6401419434220186
2009 3.6401419434220186
2010 3.6401419434220186
2011 3.6401419434220186
2012 3.6401419434220186
2013 3.6401419434220186
2014 3.6401419434220186
2015 3.6401419434220186
2016 3.6401419434220186
2017 3.6401419434220186
2018 3.6401419434220186
2019 3.6401419434220186
2020 3.6401419434220186
2021 3.6401419434220186
2022 3.6401419434220186
2023 3.6401419434220186
2024 3.6401419434220186
2025 3.6401419434220186
2026 3.6401419434220186
2027 3.6401419434220186
2028 3.6401419434220186
2029 3.6401419434220186
2030 3.6401419434220186
2031 3.6401419434220186
2032 3.6401419434220186
2033 3.6401419434220186
2034 3.6401419434220186
2035 3.6401419434220186
2036 3.6401419434220186
2037 3.6401419434220186
2038 3.6401419434220186
2039 3.6401419434220186
2040 3.6401419434220186
2041 3.6401419434220186
2042 3.6401419434220186
2043 3.6401419434220186
2044 3.6401419434220186
2045 3.6401419434220186
2046 3.6401419434220186
2047 3.6401419434220186
2048 3.6401419434220186
2049 3.6401419434220186
2050 3.6401419434220186
2051 3.6401419434220186
2052 3.6401419434220186
2053 3.6401419434220186
2054 3.6401419434220186
2055 3.6401419434220186
2056 3.6401419434220186
2057 3.6401419434220186
2058 3.6401419434220186
2059 3.636823805985239
2060 3.636823805985239
2061 3.636823805985239
2062 3.629909805181593
2063 3.6282191864956586
2064 3.621935154477754
2065 3.60125613255294
2066 3.60114441319151
2067 3.60114441319151
2068 3.60114441319151
2069 3.60114441319151
2070 3.5825921541314485
2071 3.565489413548259
2072 3.565489413548259
2073 3.565489413548259
2074 3.5583593833612563
2075 3.53250770259036
2076 3.53250770259036
2077 3.53250770259036
2078 3.53250770259036
2079 3.53250770259036
2080 3.53250770259036
2081 3.53250770259036
2082 3.53250770259036
2083 3.53250770259036
2084 3.53250770259036
2085 3.53250770259036
2086 3.53250770259036
2087 3.53250770259036
2088 3.53250770259036
2089 3.53250770259036
2090 3.53250770259036
2091 3.53250770259036
2092 3.53250770259036
2093 3.53250770259036
2094 3.53250770259036
2095 3.53250770259036
2096 3.53250770259036
2097 3.53250770259036
2098 3.53250770259036
2099 3.53250770259036
2100 3.53250770259036
2101 3.5326743414854205
2102 3.5326743414854205
2103 3.5326743414854205
2104 3.5326743414854205
2105 3.5326743414854205
2106 3.5326743414854205
2107 3.5326743414854205
2108 3.5326743414854205
2109 3.5326743414854205
2110 3.5326743414854205
2111 3.5326743414854205
2112 3.520873389120683
2113 3.495684432506211
2114 3.495684432506211
2115 3.495684432506211
2116 3.495684432506211
2117 3.495684432506211
2118 3.495684432506211
2119 3.495684432506211
2120 3.495684432506211
2121 3.495684432506211
2122 3.495684432506211
2123 3.495684432506211
2124 3.495684432506211
2125 3.495684432506211
2126 3.495684432506211
2127 3.495684432506211
2128 3.495684432506211
2129 3.495684432506211
2130 3.495684432506211
2131 3.495684432506211
2132 3.495684432506211
2133 3.489183799227524
2134 3.476855667811023
2135 3.476855667811023
2136 3.476855667811023
2137 3.476855667811023
2138 3.476855667811023
2139 3.476855667811023
2140 3.476855667811023
2141 3.476855667811023
2142 3.476471003091448
2143 3.4284437891136466
2144 3.4284437891136466
2145 3.4284437891136466
2146 3.4284437891136466
2147 3.4284437891136466
2148 3.4284437891136466
2149 3.4284437891136466
2150 3.4284437891136466
2151 3.4284437891136466
2152 3.4284437891136466
2153 3.4284437891136466
2154 3.4284437891136466
2155 3.4284437891136466
2156 3.4284437891136466
2157 3.4284437891136466
2158 3.4284437891136466
2159 3.4284437891136466
2160 3.4284437891136466
2161 3.4284437891136466
2162 3.4284437891136466
2163 3.4284437891136466
2164 3.4284437891136466
2165 3.4284437891136466
2166 3.4284437891136466
2167 3.4284437891136466
2168 3.4284437891136466
2169 3.4284437891136466
2170 3.4284437891136466
2171 3.4284437891136466
2172 3.4284437891136466
2173 3.4284437891136466
2174 3.464791261013323
2175 3.4740278967776783
2176 3.4740278967776783
2177 3.4740278967776783
2178 3.4740278967776783
2179 3.4740278967776783
2180 3.4740278967776783
2181 3.438519153160038
2182 3.438519153160038
2183 3.321922209576183
2184 3.2421459853098433
2185 3.093543008328325
2186 3.086718333928136
2187 3.086718333928136
2188 3.086718333928136
2189 3.086718333928136
2190 3.086718333928136
2191 3.086718333928136
2192 3.086718333928136
2193 3.086718333928136
2194 3.086718333928136
2195 3.086718333928136
2196 3.086718333928136
2197 3.074442758280658
2198 3.074442758280658
2199 3.074442758280658
2200 3.074442758280658
2201 3.074442758280658
2202 3.074442758280658
2203 3.074442758280658
2204 3.074442758280658
2205 3.074442758280658
2206 3.074442758280658
2207 3.074442758280658
2208 3.074442758280658
2209 3.074442758280658
2210 3.074442758280658
2211 3.074442758280658
2212 3.074442758280658
2213 3.074442758280658
2214 3.074442758280658
2215 3.071534565619938
2216 3.0519908712659145
2217 3.0519908712659145
2218 3.04015340475178
2219 3.025294139222855
2220 3.025294139222855
2221 3.025294139222855
2222 3.025294139222855
2223 3.025294139222855
2224 3.025294139222855
2225 3.025294139222855
2226 3.025294139222855
2227 3.025294139222855
2228 3.025294139222855
2229 3.025294139222855
2230 3.025294139222855
2231 3.025294139222855
2232 3.025294139222855
2233 3.025294139222855
2234 3.025294139222855
2235 3.025294139222855
2236 3.025294139222855
2237 3.025294139222855
2238 3.025294139222855
2239 3.025294139222855
2240 3.025294139222855
2241 3.025294139222855
2242 3.025294139222855
2243 3.025294139222855
2244 3.025294139222855
2245 3.025294139222855
2246 3.025294139222855
2247 3.025294139222855
2248 3.025294139222855
2249 3.025294139222855
2250 3.025294139222855
2251 3.025294139222855
2252 3.025294139222855
2253 3.025294139222855
2254 3.025294139222855
2255 3.025294139222855
2256 3.025294139222855
2257 3.025294139222855
2258 3.025294139222855
2259 3.025294139222855
2260 3.025294139222855
2261 3.025294139222855
2262 3.025294139222855
2263 3.025294139222855
2264 3.025294139222855
2265 3.025294139222855
2266 3.025294139222855
2267 3.025294139222855
2268 3.025294139222855
2269 3.025294139222855
2270 3.025294139222855
2271 3.025294139222855
2272 3.025294139222855
2273 3.025294139222855
2274 3.025294139222855
2275 3.025294139222855
2276 3.025294139222855
2277 3.025294139222855
2278 3.025294139222855
2279 3.025294139222855
2280 3.025294139222855
2281 3.025294139222855
2282 3.025294139222855
2283 3.025294139222855
2284 3.025294139222855
2285 2.995279818900513
2286 2.99212176913232
2287 2.9668374670518736
2288 2.9424930923349812
2289 2.9424930923349812
2290 2.924686596880241
2291 2.924686596880241
2292 2.924686596880241
2293 2.7781058277720376
2294 2.712967717440928
2295 2.664999578187147
2296 2.664999578187147
2297 2.664999578187147
2298 2.649936577840127
2299 2.649936577840127
2300 2.6024180067101437
2301 2.589335422840551
2302 2.570168765760588
2303 2.5585026500236276
2304 2.553560270407357
2305 2.553560270407357
2306 2.553560270407357
2307 2.553560270407357
2308 2.553560270407357
2309 2.553560270407357
2310 2.553560270407357
2311 2.5495708875414542
2312 2.5495708875414542
2313 2.5389469312743653
2314 2.5375444058105607
2315 2.486836946719984
2316 2.4731806356546224
2317 2.4731806356546224
2318 2.4662100133735807
2319 2.3930787598844545
2320 2.3930787598844545
2321 2.3930787598844545
2322 2.3930787598844545
2323 2.3930787598844545
2324 2.3930787598844545
2325 2.3930787598844545
2326 2.3930787598844545
2327 2.3930787598844545
2328 2.3930787598844545
2329 2.3930787598844545
2330 2.3930787598844545
2331 2.3930787598844545
2332 2.3930787598844545
2333 2.3930787598844545
2334 2.3930787598844545
2335 2.3930787598844545
2336 2.3930787598844545
2337 2.3930787598844545
2338 2.3930787598844545
2339 2.3930787598844545
2340 2.3924107571130833
2341 2.3924107571130833
2342 2.3924107571130833
2343 2.3924107571130833
2344 2.3924107571130833
2345 2.3924107571130833
2346 2.4569153324125317
2347 2.4569153324125317
2348 2.470821211304652
2349 2.470821211304652
2350 2.470821211304652
2351 2.470821211304652
2352 2.470821211304652
2353 2.470821211304652
2354 2.470821211304652
2355 2.470821211304652
2356 2.470821211304652
2357 2.470821211304652
2358 2.470821211304652
2359 2.5645942017700323
2360 2.6439314543220886
2361 2.6439314543220886
2362 2.649158683274018
2363 2.649158683274018
2364 2.649158683274018
2365 2.649158683274018
2366 2.649158683274018
2367 2.649158683274018
2368 2.649158683274018
2369 2.649158683274018
2370 2.649158683274018
2371 2.649158683274018
2372 2.649158683274018
2373 2.649158683274018
2374 2.649158683274018
2375 2.649158683274018
2376 2.649158683274018
2377 2.649158683274018
2378 2.6662627689388865
2379 2.6801763787337447
2380 2.6801763787337447
2381 2.6801763787337447
2382 2.6801763787337447
2383 2.6801763787337447
2384 2.6801763787337447
2385 2.6801763787337447
2386 2.6801763787337447
2387 2.6801763787337447
2388 2.6801763787337447
2389 2.6801763787337447
2390 2.6801763787337447
2391 2.6801763787337447
2392 2.6801763787337447
2393 2.6801763787337447
2394 2.6801763787337447
2395 2.6801763787337447
2396 2.6801763787337447
2397 2.6801763787337447
2398 2.6801763787337447
2399 2.6801763787337447
2400 2.6801763787337447
2401 2.6801763787337447
2402 2.6839217145983234
2403 2.6839217145983234
2404 2.6839217145983234
2405 2.6839217145983234
2406 2.6839217145983234
2407 2.6839217145983234
2408 2.6839217145983234
2409 2.6839217145983234
2410 2.6839217145983234
2411 2.6839217145983234
2412 2.6839217145983234
2413 2.6839217145983234
2414 2.6839217145983234
2415 2.6839217145983234
2416 2.6839217145983234
2417 2.6839217145983234
2418 2.6839217145983234
2419 2.6839217145983234
2420 2.6839217145983234
2421 2.6839217145983234
2422 2.6839217145983234
2423 2.6839217145983234
2424 2.6839217145983234
2425 2.6839217145983234
2426 2.6839217145983234
2427 2.6839217145983234
2428 2.6839217145983234
2429 2.7428132324265153
2430 2.746687075821928
2431 2.778197767870619
2432 2.778197767870619
2433 2.7797481567097426
2434 2.7797481567097426
2435 2.7797481567097426
2436 2.785902080547041
2437 2.785902080547041
2438 2.837664064472304
2439 2.8431485801575906
2440 2.85260406230044
2441 2.8790974497473814
2442 2.9146080846215536
2443 2.9146080846215536
2444 2.9146080846215536
2445 2.9146080846215536
2446 2.9146080846215536
2447 2.9146080846215536
2448 2.9146080846215536
2449 2.9146080846215536
2450 2.9208728494290197
2451 2.9208728494290197
2452 2.9208728494290197
2453 2.9228145994422188
2454 2.9429464490259787
2455 2.945545786480597
2456 3.0074733356275924
2457 3.0074733356275924
2458 3.0074733356275924
2459 3.0134081234052843
2460 3.0134081234052843
2461 3.0134081234052843
2462 3.0134081234052843
2463 3.021844404005848
2464 3.021844404005848
2465 3.021844404005848
2466 3.0454114428430743
2467 3.0506023291605593
2468 3.0524216155825137
2469 3.139937177348151
2470 3.139937177348151
2471 3.139937177348151
2472 3.139937177348151
2473 3.139937177348151
2474 3.139937177348151
2475 3.139937177348151
2476 3.139937177348151
2477 3.139937177348151
2478 3.139937177348151
2479 3.139937177348151
2480 3.139937177348151
2481 3.139937177348151
2482 3.139937177348151
2483 3.139937177348151
2484 3.139937177348151
2485 3.139937177348151
2486 3.139937177348151
2487 3.139937177348151
2488 3.139937177348151
2489 3.139937177348151
2490 3.139937177348151
2491 3.139937177348151
2492 3.139937177348151
2493 3.139937177348151
2494 3.139937177348151
2495 3.139937177348151
2496 3.139937177348151
2497 3.139937177348151
2498 3.139937177348151
2499 3.139937177348151
2500 3.139937177348151
2501 3.133802131052244
2502 3.11279063616482
2503 3.0980917006719872
2504 3.0980917006719872
2505 3.087764791579156
2506 3.0575406003729695
2507 3.036430092655988
2508 3.036430092655988
2509 3.036430092655988
2510 3.036430092655988
2511 3.036430092655988
2512 3.036430092655988
2513 3.036430092655988
2514 3.036430092655988
2515 3.036430092655988
2516 3.036430092655988
2517 3.036430092655988
2518 3.036430092655988
2519 3.036430092655988
2520 3.036430092655988
2521 3.036430092655988
2522 3.036430092655988
2523 3.036430092655988
2524 3.036430092655988
2525 3.036430092655988
2526 3.036430092655988
2527 3.036430092655988
2528 3.036430092655988
2529 3.036430092655988
2530 3.036430092655988
2531 3.036430092655988
2532 3.036430092655988
2533 3.036430092655988
2534 3.036430092655988
2535 3.036430092655988
2536 3.036430092655988
2537 3.036430092655988
2538 3.036430092655988
2539 3.036430092655988
2540 3.036430092655988
2541 3.036430092655988
2542 3.036430092655988
2543 3.036430092655988
2544 3.036430092655988
2545 3.036430092655988
2546 3.036430092655988
2547 3.036430092655988
2548 3.036430092655988
2549 3.036430092655988
2550 3.036430092655988
2551 3.036430092655988
2552 3.036430092655988
2553 3.036430092655988
2554 3.036430092655988
2555 3.036430092655988
2556 3.036430092655988
2557 3.036430092655988
2558 3.036430092655988
2559 3.036430092655988
2560 3.036430092655988
2561 3.036430092655988
2562 3.036430092655988
2563 3.036430092655988
2564 3.036430092655988
2565 3.036430092655988
2566 3.036430092655988
2567 3.036430092655988
2568 3.036430092655988
2569 3.0288133746808255
2570 3.0269379036146895
2571 3.02107883071175
2572 3.0056335872020807
2573 3.0005093799563967
2574 2.9894935127984343
2575 2.9894935127984343
2576 2.988276967186114
2577 2.983380967233805
2578 2.9780223009383606
2579 2.9774002813681952
2580 2.973442751855007
2581 2.973442751855007
2582 2.973442751855007
2583 2.973442751855007
2584 2.973442751855007
2585 2.973442751855007
2586 2.973442751855007
2587 2.973442751855007
2588 2.973442751855007
2589 2.973442751855007
2590 2.973442751855007
2591 2.973442751855007
2592 2.973442751855007
2593 2.973442751855007
2594 2.973442751855007
2595 2.9852225899419533
2596 2.9852225899419533
2597 2.9852225899419533
2598 3.0016965589866276
2599 3.0016965589866276
2600 3.0054374703139026
2601 3.0054374703139026
2602 3.0054374703139026
2603 3.0054374703139026
2604 3.0054374703139026
2605 3.0054374703139026
2606 3.0054374703139026
2607 3.0141874505640396
2608 3.0153426301306316
2609 3.0153426301306316
2610 3.0153426301306316
2611 3.0153426301306316
2612 3.0153426301306316
2613 3.0153426301306316
2614 3.0153426301306316
2615 3.0153426301306316
2616 3.0153426301306316
2617 3.0424091344205957
2618 3.043887113622695
2619 3.043887113622695
2620 3.0456549410388494
2621 3.0661129949081123
2622 3.0669592574514577
2623 3.0838630562610305
2624 3.0933100309410113
2625 3.0933100309410113
2626 3.0933100309410113
2627 3.0933100309410113
2628 3.0933100309410113
2629 3.0933100309410113
2630 3.0933100309410113
2631 3.0978349487009704
2632 3.1020566096647704
2633 3.1020566096647704
2634 3.109877415620861
2635 3.109877415620861
2636 3.109877415620861
2637 3.109877415620861
2638 3.109877415620861
2639 3.109877415620861
2640 3.109877415620861
2641 3.109877415620861
2642 3.109877415620861
2643 3.109877415620861
2644 3.109877415620861
2645 3.109877415620861
2646 3.109877415620861
2647 3.109877415620861
2648 3.109877415620861
2649 3.109877415620861
2650 3.109877415620861
2651 3.109877415620861
2652 3.109877415620861
2653 3.109877415620861
2654 3.109877415620861
2655 3.109877415620861
2656 3.109877415620861
2657 3.109877415620861
2658 3.109877415620861
2659 3.109877415620861
2660 3.109877415620861
2661 3.109877415620861
2662 3.109877415620861
2663 3.116557884988966
2664 3.1170680891148685
2665 3.123150272577341
2666 3.123150272577341
2667 3.123150272577341
2668 3.123150272577341
2669 3.123150272577341
2670 3.123150272577341
2671 3.1203717860134086
2672 3.1203717860134086
2673 3.119103715336258
2674 3.119103715336258
2675 3.119103715336258
2676 3.119103715336258
2677 3.119103715336258
2678 3.119103715336258
2679 3.119103715336258
2680 3.119103715336258
2681 3.119103715336258
2682 3.119103715336258
2683 3.119103715336258
2684 3.119103715336258
2685 3.119103715336258
2686 3.119103715336258
2687 3.119103715336258
2688 3.119103715336258
2689 3.119103715336258
2690 3.119103715336258
2691 3.119103715336258
2692 3.119103715336258
2693 3.119103715336258
2694 3.119103715336258
2695 3.119103715336258
2696 3.119103715336258
2697 3.119103715336258
2698 3.119103715336258
2699 3.119103715336258
2700 3.109877415620861
2701 3.108582413601941
2702 3.108582413601941
2703 3.108582413601941
2704 3.108582413601941
2705 3.108582413601941
2706 3.108582413601941
2707 3.09223936672034
2708 3.09223936672034
2709 3.09223936672034
2710 3.09223936672034
2711 3.09223936672034
2712 3.09223936672034
2713 3.09223936672034
2714 3.09223936672034
2715 3.09223936672034
2716 3.09223936672034
2717 3.09223936672034
2718 3.081745394274229
2719 3.0813524669455594
2720 3.0813524669455594
2721 3.077009762977986
2722 3.072228850058315
2723 3.0598675315281563
2724 3.0520096361354003
2725 3.0520096361354003
2726 3.0520096361354003
2727 3.0520096361354003
2728 3.0520096361354003
2729 3.0520096361354003
2730 3.0520096361354003
2731 3.0520096361354003
2732 3.0520096361354003
2733 3.0520096361354003
2734 3.0520096361354003
2735 3.0520096361354003
2736 3.0520096361354003
2737 3.0520096361354003
2738 3.0520096361354003
2739 3.0520096361354003
2740 3.0520096361354003
2741 3.0520096361354003
2742 3.0520096361354003
2743 3.0520096361354003
2744 3.0520096361354003
2745 3.0503993287853794
2746 3.040352832771087
2747 3.040352832771087
2748 3.040352832771087
2749 3.040352832771087
2750 3.040352832771087
2751 2.995923736891102
2752 2.863541123888587
2753 2.863541123888587
2754 2.8474448588539447
2755 2.8474448588539447
2756 2.8474448588539447
2757 2.8474448588539447
2758 2.8474448588539447
2759 2.8474448588539447
2760 2.8474448588539447
2761 2.8474448588539447
2762 2.8474448588539447
2763 2.8474448588539447
2764 2.8474448588539447
2765 2.8474448588539447
2766 2.8474448588539447
2767 2.8474448588539447
2768 2.8376640644723037
2769 2.8376640644723037
2770 2.8376640644723037
2771 2.8376640644723037
2772 2.8376640644723037
2773 2.8270159246958224
2774 2.8270159246958224
2775 2.8270159246958224
2776 2.8270159246958224
2777 2.8270159246958224
2778 2.8270159246958224
2779 2.8270159246958224
2780 2.8270159246958224
2781 2.8270159246958224
2782 2.8270159246958224
2783 2.8270159246958224
2784 2.8270159246958224
2785 2.8270159246958224
2786 2.8270159246958224
2787 2.8270159246958224
2788 2.8270159246958224
2789 2.8270159246958224
2790 2.8270159246958224
2791 2.8270159246958224
2792 2.8270159246958224
2793 2.8270159246958224
2794 2.8270159246958224
2795 2.8270159246958224
2796 2.8270159246958224
2797 2.8270159246958224
2798 2.8270159246958224
2799 2.8270159246958224
2800 2.8270159246958224
2801 2.8270159246958224
2802 2.8270159246958224
2803 2.8270159246958224
2804 2.8270159246958224
2805 2.8270159246958224
2806 2.8270159246958224
2807 2.8270159246958224
2808 2.8270159246958224
2809 2.8270159246958224
2810 2.8270159246958224
2811 2.8270159246958224
2812 2.8270159246958224
2813 2.8270159246958224
2814 2.8270159246958224
2815 2.8270159246958224
2816 2.8270159246958224
2817 2.8270159246958224
2818 2.8270159246958224
2819 2.8270159246958224
2820 2.8270159246958224
2821 2.8270159246958224
2822 2.8270159246958224
2823 2.8270159246958224
2824 2.8270159246958224
2825 2.8270159246958224
2826 2.8270159246958224
2827 2.8314802400679726
2828 2.8314802400679726
2829 2.8314802400679726
2830 2.8314802400679726
2831 2.8314802400679726
2832 2.8314802400679726
2833 2.8314802400679726
2834 2.8314802400679726
2835 2.8314802400679726
2836 2.8314802400679726
2837 2.8314802400679726
2838 2.838102853442983
2839 2.838102853442983
2840 2.838102853442983
2841 2.919296524389552
2842 3.0096176720266694
2843 3.0096176720266694
2844 3.0096176720266694
2845 3.0096176720266694
2846 3.0096176720266694
2847 3.0096176720266694
2848 3.0096176720266694
2849 3.0096176720266694
2850 3.0096176720266694
2851 3.0096176720266694
2852 3.0096176720266694
2853 3.0096176720266694
2854 3.0096176720266694
2855 3.0096176720266694
2856 3.0096176720266694
2857 3.0096176720266694
2858 3.0096176720266694
2859 3.0096176720266694
2860 3.0096176720266694
2861 3.0096176720266694
2862 3.0565620297551432
2863 3.0565620297551432
2864 3.0565620297551432
2865 3.0565620297551432
2866 3.0565620297551432
2867 3.0565620297551432
2868 3.0565620297551432
2869 3.0565620297551432
2870 3.0565620297551432
2871 3.0565620297551432
2872 3.0565620297551432
2873 3.0565620297551432
2874 3.0608113471158744
2875 3.0608113471158744
2876 3.0608113471158744
2877 3.0678142627103338
2878 3.0678142627103338
2879 3.0942252766709966
2880 3.098167478433071
2881 3.098167478433071
2882 3.098167478433071
2883 3.098167478433071
2884 3.098167478433071
2885 3.102403411229896
2886 3.1030519197514184
2887 3.1085305436916295
2888 3.1085305436916295
2889 3.1085305436916295
2890 3.1085305436916295
2891 3.1085305436916295
2892 3.1085305436916295
2893 3.1085305436916295
2894 3.1085305436916295
2895 3.1085305436916295
2896 3.1085305436916295
2897 3.1085305436916295
2898 3.1085305436916295
2899 3.1085305436916295
2900 3.1085305436916295
2901 3.1085305436916295
2902 3.1085305436916295
2903 3.1085305436916295
2904 3.1085305436916295
2905 3.1085305436916295
2906 3.1085305436916295
2907 3.1085305436916295
2908 3.1085305436916295
2909 3.1085305436916295
2910 3.1085305436916295
2911 3.1139497870513573
2912 3.1221260698746143
2913 3.151795789767769
2914 3.151795789767769
2915 3.151795789767769
2916 3.177295442987238
2917 3.177295442987238
2918 3.185331082828899
2919 3.1888917661868756
2920 3.1888917661868756
2921 3.1888917661868756
2922 3.1888917661868756
2923 3.1888917661868756
2924 3.1888917661868756
2925 3.1888917661868756
2926 3.1888917661868756
2927 3.1888917661868756
2928 3.1888917661868756
2929 3.1921561956281077
2930 3.201557493276571
2931 3.2023551536425003
2932 3.213910289748873
2933 3.213910289748873
2934 3.233510661402747
2935 3.232761223340879
2936 3.232761223340879
2937 3.232761223340879
2938 3.232761223340879
2939 3.232761223340879
2940 3.232761223340879
2941 3.232761223340879
2942 3.232761223340879
2943 3.232761223340879
2944 3.232761223340879
2945 3.232761223340879
2946 3.232761223340879
2947 3.232761223340879
2948 3.2162412963017792
2949 3.2162412963017792
2950 3.2162412963017792
2951 3.2162412963017792
2952 3.1816114560751214
2953 3.1670588214021382
2954 3.1670588214021382
2955 3.1670588214021382
2956 3.1597947711206835
2957 3.1597947711206835
2958 3.1597947711206835
2959 3.156122783992804
2960 3.156122783992804
2961 3.136435201375389
2962 3.136252619668047
2963 3.136252619668047
2964 3.136252619668047
2965 3.136252619668047
2966 3.136252619668047
2967 3.136252619668047
2968 3.136252619668047
2969 3.1309285377863976
2970 3.1103944787486366
2971 3.1103944787486366
2972 3.1103944787486366
2973 3.109817222575224
2974 3.103945595209276
2975 3.0956017679695025
2976 3.0956017679695025
2977 3.0956017679695025
2978 3.0956017679695025
2979 3.0956017679695025
2980 3.0956017679695025
2981 3.0956017679695025
2982 3.0956017679695025
2983 3.0956017679695025
2984 3.0956017679695025
2985 3.0956017679695025
2986 3.0950173143670114
2987 3.0950173143670114
2988 3.093259843313289
2989 3.093259843313289
2990 3.093259843313289
2991 3.0905136614392763
2992 3.0905136614392763
2993 3.0905136614392763
2994 3.0905136614392763
2995 3.0905136614392763
2996 3.0905136614392763
2997 3.0629540118287366
2998 3.0568052479235335
2999 3.0568052479235335
3000 3.0448524874967564
3001 3.0439876847444114
3002 3.0439876847444114
3003 3.0439876847444114
3004 3.0439876847444114
3005 3.0439876847444114
3006 3.0439876847444114
3007 3.0439876847444114
3008 3.0439876847444114
3009 3.0439876847444114
3010 3.0439876847444114
3011 3.0439876847444114
3012 3.0439876847444114
3013 3.0439876847444114
3014 3.0439876847444114
3015 3.0439876847444114
3016 3.0439876847444114
3017 3.0439876847444114
3018 3.0439876847444114
3019 3.0439876847444114
3020 3.0439876847444114
3021 3.0439876847444114
3022 3.0439876847444114
3023 3.0439876847444114
3024 3.0439876847444114
3025 3.0439876847444114
3026 3.0439876847444114
3027 3.0439876847444114
3028 3.0439876847444114
3029 3.0439876847444114
3030 3.0439876847444114
3031 3.0439876847444114
3032 3.0439876847444114
3033 3.0439876847444114
3034 3.0439876847444114
3035 3.0439876847444114
3036 3.0439876847444114
3037 3.0382507276415076
3038 3.0356574642978575
3039 3.0185687383970645
3040 3.007689648132706
3041 3.007689648132706
3042 3.003228178123609
3043 3.003228178123609
3044 3.000875232604903
3045 2.976265696302874
3046 2.975815042824868
3047 2.975815042824868
3048 2.975815042824868
3049 2.975815042824868
3050 2.972875852810185
3051 2.972875852810185
3052 2.972875852810185
3053 2.972875852810185
3054 3.020427860555503
3055 3.025556110639098
3056 3.0316413784492253
3057 3.0316413784492253
3058 3.0316413784492253
3059 3.0316413784492253
3060 3.0316413784492253
3061 3.0316413784492253
3062 3.0316413784492253
3063 3.0316413784492253
3064 3.0316413784492253
3065 3.0316413784492253
3066 3.0316413784492253
3067 3.0316413784492253
3068 3.0316413784492253
3069 3.0316413784492253
3070 3.0316413784492253
3071 3.0316413784492253
3072 3.0316413784492253
3073 3.0316413784492253
3074 3.0316413784492253
3075 3.0316413784492253
3076 3.0316413784492253
3077 3.0316413784492253
3078 3.0316413784492253
3079 3.0316413784492253
3080 3.0316413784492253
3081 3.0316413784492253
3082 3.0316413784492253
3083 3.0316413784492253
3084 3.0316413784492253
3085 3.0316413784492253
3086 3.0316413784492253
3087 3.0316413784492253
3088 3.0316413784492253
3089 3.0316413784492253
3090 3.0316413784492253
3091 3.0316413784492253
3092 3.0316413784492253
3093 3.0316413784492253
3094 3.0316413784492253
3095 3.0316413784492253
3096 3.0316413784492253
3097 3.0316413784492253
3098 3.0316413784492253
3099 3.0316413784492253
3100 3.0316413784492253
3101 3.0316413784492253
3102 3.050825064195894
3103 3.050825064195894
3104 3.0833125542000204
3105 3.0833125542000204
3106 3.0833125542000204
3107 3.126317992528043
3108 3.131958397398613
3109 3.131958397398613
3110 3.131958397398613
3111 3.1345483312470344
3112 3.158983626345852
3113 3.158983626345852
3114 3.181866427572352
3115 3.186648461210682
3116 3.1874876222468194
3117 3.2053319535553597
3118 3.2219424017199243
3119 3.2219424017199243
3120 3.2219424017199243
3121 3.2219424017199243
3122 3.2227503738860483
3123 3.2227503738860483
3124 3.2227503738860483
3125 3.2227503738860483
3126 3.2227503738860483
3127 3.2227503738860483
3128 3.226770765421201
3129 3.226770765421201
3130 3.226770765421201
3131 3.2477124543992897
3132 3.2477124543992897
3133 3.2652239717940708
3134 3.270251871207488
3135 3.294144498953936
3136 3.306996714373194
3137 3.3890720959541154
3138 3.3890720959541154
3139 3.3890720959541154
3140 3.3890720959541154
3141 3.3890720959541154
3142 3.3890720959541154
3143 3.3890720959541154
3144 3.3890720959541154
3145 3.3890720959541154
3146 3.3890720959541154
3147 3.3890720959541154
3148 3.3890720959541154
3149 3.3890720959541154
3150 3.3890720959541154
3151 3.3890720959541154
3152 3.3890720959541154
3153 3.3890720959541154
3154 3.3964914159762856
3155 3.398853005252409
3156 3.4074179694207913
3157 3.4226244125649803
3158 3.4432997322705337
3159 3.4442972388357935
3160 3.453620573419427
3161 3.521292495462633
3162 3.548220354985981
3163 3.566261794829855
3164 3.59964253224138
3165 3.59964253224138
3166 3.59964253224138
3167 3.59964253224138
3168 3.59964253224138
3169 3.59964253224138
3170 3.59964253224138
3171 3.59964253224138
3172 3.59964253224138
3173 3.59964253224138
3174 3.59964253224138
3175 3.62383279930843
3176 3.6318140506536625
3177 3.6318140506536625
3178 3.6318140506536625
3179 3.6318140506536625
3180 3.6318140506536625
3181 3.6318140506536625
3182 3.6318140506536625
3183 3.6318140506536625
3184 3.6318140506536625
3185 3.6318140506536625
3186 3.6318140506536625
3187 3.6318140506536625
3188 3.6318140506536625
3189 3.6318140506536625
3190 3.6318140506536625
3191 3.6318140506536625
3192 3.6318140506536625
3193 3.6318140506536625
3194 3.636095713354823
3195 3.640810505479971
3196 3.6450161377519175
3197 3.6489559032111307
3198 3.6489559032111307
3199 3.6489559032111307
3200 3.6489559032111307
3201 3.6489559032111307
3202 3.653322743195508
3203 3.6706395177686955
3204 3.6813549945678528
3205 3.6813549945678528
3206 3.6813549945678528
3207 3.6813549945678528
3208 3.6813549945678528
3209 3.6813549945678528
3210 3.6813549945678528
3211 3.693959806495251
3212 3.7140162476953407
3213 3.720860154869472
3214 3.746196829950809
3215 3.7526168577306347
3216 3.7528044397999896
3217 3.7789291029827843
3218 3.7789291029827843
3219 3.7789291029827843
3220 3.78844984197972
3221 3.7915835569729266
3222 3.7915835569729266
3223 3.8034174140975954
3224 3.8034174140975954
3225 3.8034174140975954
3226 3.8114875287619343
3227 3.823841970495905
3228 3.823841970495905
3229 3.823841970495905
3230 3.823841970495905
3231 3.8314313298324265
3232 3.8314313298324265
3233 3.8314313298324265
3234 3.864981476914372
3235 3.875385061596732
3236 3.875385061596732
3237 3.9006644807775386
3238 3.9116816089030815
3239 3.9141660860646748
3240 3.9141660860646748
3241 3.9434933906348477
3242 3.951463418826869
3243 3.962974514124851
3244 3.9661953626800837
3245 3.9932289733152215
3246 3.995472017055871
3247 3.995472017055871
3248 3.995472017055871
3249 3.995472017055871
3250 3.995472017055871
3251 3.996786769325383
3252 4.002401138277209
3253 4.017113725909626
3254 4.028050072375968
3255 4.028050072375968
3256 4.028050072375968
3257 4.028050072375968
3258 4.028050072375968
3259 4.028554104676715
3260 4.031943097191759
3261 4.033317239218448
3262 4.041115392087587
3263 4.04903562593023
3264 4.04903562593023
3265 4.04903562593023
3266 4.04903562593023
3267 4.04903562593023
3268 4.097305997007952
3269 4.146663664649188
3270 4.190912799861924
3271 4.2637885062286855
3272 4.267166727116913
3273 4.267166727116913
3274 4.267166727116913
3275 4.267166727116913
3276 4.317328087930848
3277 4.352853766636298
3278 4.352853766636298
3279 4.352853766636298
3280 4.353928510577214
3281 4.387730136942498
3282 4.387730136942498
3283 4.387730136942498
3284 4.387730136942498
3285 4.387730136942498
3286 4.387730136942498
3287 4.387730136942498
3288 4.387730136942498
3289 4.387730136942498
3290 4.387730136942498
3291 4.387730136942498
3292 4.387730136942498
3293 4.387730136942498
3294 4.387730136942498
3295 4.387730136942498
3296 4.387730136942498
3297 4.387730136942498
3298 4.387730136942498
3299 4.387730136942498
3300 4.387730136942498
3301 4.404713444743003
3302 4.409127862447262
3303 4.409127862447262
3304 4.409127862447262
3305 4.409127862447262
3306 4.409127862447262
3307 4.409127862447262
3308 4.409127862447262
3309 4.409127862447262
3310 4.409127862447262
3311 4.409127862447262
3312 4.409127862447262
3313 4.409127862447262
3314 4.409127862447262
3315 4.409127862447262
3316 4.409127862447262
3317 4.413503646822734
3318 4.426947529406571
3319 4.445981428976525
3320 4.451510165335638
3321 4.454934836258426
3322 4.454934836258426
3323 4.454934836258426
3324 4.454934836258426
3325 4.459267545385082
3326 4.459267545385082
3327 4.459267545385082
3328 4.459267545385082
3329 4.459267545385082
3330 4.459267545385082
3331 4.459267545385082
3332 4.459267545385082
3333 4.459267545385082
3334 4.459267545385082
3335 4.459267545385082
3336 4.459267545385082
3337 4.4669064079730525
3338 4.469482234193277
3339 4.4790860753731785
3340 4.4790860753731785
3341 4.48135733171216
3342 4.490420054757911
3343 4.49642423498141
3344 4.49642423498141
3345 4.49642423498141
3346 4.49642423498141
3347 4.49642423498141
3348 4.49642423498141
3349 4.49642423498141
3350 4.49642423498141
3351 4.49642423498141
3352 4.49642423498141
3353 4.49642423498141
3354 4.49642423498141
3355 4.49642423498141
3356 4.49642423498141
3357 4.49642423498141
3358 4.507529762574205
3359 4.521913797662425
3360 4.521913797662425
3361 4.521913797662425
3362 4.521913797662425
3363 4.521913797662425
3364 4.521913797662425
3365 4.521913797662425
3366 4.521913797662425
3367 4.521913797662425
3368 4.521913797662425
3369 4.521913797662425
3370 4.521913797662425
3371 4.521913797662425
3372 4.551962650234874
3373 4.556370430826673
3374 4.556370430826673
3375 4.559979552549302
3376 4.573824807335543
3377 4.600734488631015
3378 4.604291414200453
3379 4.604291414200453
3380 4.604291414200453
3381 4.604291414200453
3382 4.604291414200453
3383 4.604291414200453
3384 4.604291414200453
3385 4.604291414200453
3386 4.604291414200453
3387 4.604291414200453
3388 4.604291414200453
3389 4.604291414200453
3390 4.604291414200453
3391 4.594824384829386
3392 4.581170822269032
3393 4.565597172748605
3394 4.565597172748605
3395 4.565597172748605
3396 4.565597172748605
3397 4.565597172748605
3398 4.565597172748605
3399 4.565597172748605
3400 4.565597172748605
3401 4.565597172748605
3402 4.565597172748605
3403 4.565597172748605
3404 4.565597172748605
3405 4.565597172748605
3406 4.565597172748605
3407 4.565597172748605
3408 4.565597172748605
3409 4.565597172748605
3410 4.565597172748605
3411 4.565597172748605
3412 4.542811298249012
3413 4.557146510263797
3414 4.557841739366857
3415 4.557841739366857
3416 4.56324019388218
3417 4.572981452267717
3418 4.572981452267717
3419 4.572981452267717
3420 4.572981452267717
3421 4.572981452267717
3422 4.572981452267717
3423 4.572981452267717
3424 4.572981452267717
3425 4.572981452267717
3426 4.572981452267717
3427 4.572981452267717
3428 4.572981452267717
3429 4.572981452267717
3430 4.572981452267717
3431 4.572981452267717
3432 4.572981452267717
3433 4.572981452267717
3434 4.572981452267717
3435 4.572981452267717
3436 4.572981452267717
3437 4.572981452267717
3438 4.572981452267717
3439 4.572981452267717
3440 4.572981452267717
3441 4.572981452267717
3442 4.572981452267717
3443 4.572981452267717
3444 4.572981452267717
3445 4.572981452267717
3446 4.572981452267717
3447 4.572981452267717
3448 4.572981452267717
3449 4.572981452267717
3450 4.572981452267717
3451 4.572981452267717
3452 4.572981452267717
3453 4.572981452267717
3454 4.572981452267717
3455 4.5956705109832
3456 4.629672875540228
3457 4.636063335862315
3458 4.646644963796819
3459 4.64762560552329
3460 4.64762560552329
3461 4.64762560552329
3462 4.64762560552329
3463 4.64762560552329
3464 4.64762560552329
3465 4.64762560552329
3466 4.64762560552329
3467 4.64762560552329
3468 4.6564709525698085
3469 4.674125953876178
3470 4.702297094346583
3471 4.702297094346583
3472 4.702297094346583
3473 4.702297094346583
3474 4.707383370303004
3475 4.721378398499254
3476 4.756647265092236
3477 4.756647265092236
3478 4.772975032642636
3479 4.779587595145877
3480 4.7796952725448065
3481 4.7796952725448065
3482 4.7796952725448065
3483 4.7796952725448065
3484 4.7796952725448065
3485 4.7796952725448065
3486 4.7796952725448065
3487 4.7796952725448065
3488 4.787366727154442
3489 4.787366727154442
3490 4.787366727154442
3491 4.787366727154442
3492 4.823842037481002
3493 4.833553387219949
3494 4.845382927277127
3495 4.880593125357576
3496 4.880593125357576
3497 4.886474763372059
3498 4.889034608511635
3499 4.909661405470888
3500 4.909661405470888
3501 4.909661405470888
3502 4.909661405470888
3503 4.927646725343125
3504 4.939636321913543
3505 4.9447777553913355
3506 4.948916588320227
3507 4.948916588320227
3508 4.961079844063056
3509 4.968908894156824
3510 4.968908894156824
3511 4.968908894156824
3512 4.968908894156824
3513 4.968908894156824
3514 4.968908894156824
3515 4.968908894156824
3516 4.968908894156824
3517 4.968908894156824
3518 4.968908894156824
3519 4.968908894156824
3520 4.968908894156824
3521 4.968908894156824
3522 4.968908894156824
3523 4.968908894156824
3524 4.968908894156824
3525 4.968908894156824
3526 4.968908894156824
3527 4.968908894156824
3528 4.968908894156824
3529 4.968908894156824
3530 4.968908894156824
3531 4.968908894156824
3532 4.968908894156824
3533 4.968908894156824
3534 4.968908894156824
3535 4.968908894156824
3536 4.968908894156824
3537 4.968908894156824
3538 4.968908894156824
3539 4.968908894156824
3540 4.968908894156824
3541 4.968908894156824
3542 4.968908894156824
3543 4.968908894156824
3544 4.968908894156824
3545 4.968908894156824
3546 4.968908894156824
3547 4.968908894156824
3548 4.968908894156824
3549 4.968908894156824
3550 4.968908894156824
3551 4.968908894156824
3552 4.978015147768784
3553 4.978015147768784
3554 4.978015147768784
3555 4.978015147768784
3556 4.978015147768784
3557 4.978015147768784
3558 4.978015147768784
3559 5.000962328297486
3560 5.000962328297486
3561 5.000962328297486
3562 5.000962328297486
3563 5.000962328297486
3564 5.000962328297486
3565 5.000962328297486
3566 5.000962328297486
3567 5.000962328297486
3568 5.000962328297486
3569 5.000962328297486
3570 5.000962328297486
3571 5.000962328297486
3572 5.000962328297486
3573 5.000962328297486
3574 5.000962328297486
3575 5.000962328297486
3576 5.000962328297486
3577 5.000962328297486
3578 5.000962328297486
3579 5.000962328297486
3580 5.000962328297486
3581 5.050777248771908
3582 5.050777248771908
3583 5.050777248771908
3584 5.050777248771908
3585 5.050777248771908
3586 5.050777248771908
3587 5.050777248771908
3588 5.050777248771908
3589 5.050777248771908
3590 5.050777248771908
3591 5.050777248771908
3592 5.050777248771908
3593 5.050777248771908
3594 5.050777248771908
3595 5.050777248771908
3596 5.050777248771908
3597 5.050777248771908
3598 5.050777248771908
3599 5.050777248771908
3600 5.050777248771908
3601 5.050777248771908
3602 5.050777248771908
3603 5.050777248771908
3604 5.050777248771908
3605 5.050777248771908
3606 5.050777248771908
3607 5.050777248771908
3608 5.050777248771908
3609 5.050777248771908
3610 5.050777248771908
3611 5.050777248771908
3612 5.050777248771908
3613 5.050777248771908
3614 5.0489182447714
3615 5.040660359111375
3616 5.0369812742176165
3617 5.0369812742176165
3618 5.0369812742176165
3619 5.0369812742176165
3620 5.0369812742176165
3621 5.0369812742176165
3622 5.0369812742176165
3623 5.0369812742176165
3624 5.0369812742176165
3625 5.0369812742176165
3626 5.0369812742176165
3627 5.0369812742176165
3628 5.0369812742176165
3629 5.0369812742176165
3630 5.0369812742176165
3631 5.0369812742176165
3632 5.0369812742176165
3633 5.0369812742176165
3634 5.0369812742176165
3635 5.0369812742176165
3636 5.0369812742176165
3637 5.0369812742176165
3638 5.0369812742176165
3639 5.0369812742176165
3640 5.0369812742176165
3641 5.0369812742176165
3642 5.0369812742176165
3643 5.0369812742176165
3644 5.0369812742176165
3645 5.0369812742176165
3646 5.0369812742176165
3647 5.0369812742176165
3648 5.0369812742176165
3649 5.0369812742176165
3650 5.0369812742176165
3651 5.02092861090045
3652 5.010621071671758
3653 5.0055427815670726
3654 5.0055427815670726
3655 5.0055427815670726
3656 5.0055427815670726
3657 5.003585831906505
3658 5.00064911991393
3659 5.00064911991393
3660 5.00064911991393
3661 4.986107394372576
3662 4.986107394372576
3663 4.986107394372576
3664 4.986107394372576
3665 4.986107394372576
3666 4.986107394372576
3667 4.986107394372576
3668 4.986107394372576
3669 4.986107394372576
3670 4.983174834646377
3671 4.977863499590216
3672 4.9716319402688285
3673 4.995866417309165
3674 4.997377513075046
3675 4.997377513075046
3676 4.997377513075046
3677 4.997377513075046
3678 4.997377513075046
e
0 0
1 0
2 0
3 0
4 0
5 0
6 0
7 0
8 0
9 0
10 0
11 0
12 0
13 0
14 0
15 0
16 0
17 0
18 0
19 0
20 0
21 0
22 0
23 0
24 0.616336769575341
25 0.6255467248039397
26 0.6363278314623784
27 0.6379459600887827
28 0.6193693343323017
29 0.6134360330810058
30 0.6083590969970638
31 0.5919302339248909
32 0.5884962954197206
33 0.5871762571518997
34 0.5871762571518997
35 0.5871762571518997
36 0.585108909281273
37 0.585108909281273
38 0.585108909281273
39 0.5799762219173603
40 0.5799762219173603
41 0.5799762219173603
42 0.5799762219173603
43 0.5799762219173603
44 0.572255503213497
45 0.5738906733907967
46 0.5738906733907967
47 0.5738906733907967
48 0.5738906733907967
49 0.5738906733907967
50 0.578583912498019
51 0.5860158545805267
52 0.5897769932451715
53 0.5897769932451715
54 0.6000878249370141
55 0.6180903000897326
56 0.639843671762744
57 0.639843671762744
58 0.639843671762744
59 0.639843671762744
60 0.6529812485800699
61 0.662173599633936
62 0.662173599633936
63 0.6703707865312951
64 0.6899290248494089
65 0.6938761401994302
66 0.6938761401994302
67 0.6938761401994302
68 0.6993953300794529
69 0.7199540609891619
70 0.7240863864769647
71 0.7240863864769647
72 0.7129113417474879
73 0.7112774426793389
74 0.6889408988216673
75 0.6884608785290849
76 0.687948365142518
77 0.5843224276148484
78 0.5843224276148484
79 0.5843224276148484
80 0.5796967741997243
81 0.5676060193575814
82 0.5583329594025374
83 0.5583329594025374
84 0.5583329594025374
85 0.5583329594025374
86 0.5393648093307182
87 0.5311754182711751
88 0.5238053419405481
89 0.5238053419405481
90 0.5238053419405481
91 0.5238053419405481
92 0.5415580045056786
93 0.544610599501467
94 0.5559786358701915
95 0.5559786358701915
96 0.5559786358701915
97 0.5561991268443547
98 0.5561991268443547
99 0.5561991268443547
100 0.5561991268443547
101 0.5566185724358061
102 0.5796724552230053
103 0.6119358296929802
104 0.6119358296929802
105 0.5469969007737054
106 0.5377698024018182
107 0.5377698024018182
108 0.5377698024018182
109 0.5306476466292633
110 0.5306476466292633
111 0.5306476466292633
112 0.5306476466292633
113 0.5306476466292633
114 0.5306476466292633
115 0.5270548641459846
116 0.5174198870225231
117 0.5133429140210675
118 0.5131460218774884
119 1.0939974958818044
120 1.0939974958818044
121 1.0939974958818044
122 1.0939974958818044
123 1.0939974958818044
124 1.1052752679512203
125 1.1052752679512203
126 1.1052752679512203
127 1.1052752679512203
128 1.1054749116745888
129 1.1054749116745888
130 1.1054749116745888
131 1.1069671792946507
132 1.1069671792946507
133 1.1069671792946507
134 1.1100966854343937
135 1.1246639124653877
136 1.1246639124653877
137 1.1293462048062215
138 1.1293462048062215
139 1.1293462048062215
140 1.1293462048062215
141 1.1454715760028185
142 1.1449067022072696
143 1.1424059818597685
144 1.1404563275019894
145 1.1404563275019894
146 1.1384185017363944
147 1.119600155533457
148 1.1142894282115745
149 1.0969021305760729
150 1.0969021305760729
151 1.0969021305760729
152 1.0890325090747184
153 1.086683330544687
154 1.0821573201668926
155 1.0814957253381725
156 1.078990669341193
157 1.078990669341193
158 1.078990669341193
159 1.073348975688093
160 1.054947122012017
161 1.034160611688038
162 1.03122532567434
163 1.0128787661902663
164 0.9960936657296104
165 0.9960936657296104
166 0.9960936657296104
167 0.9960936657296104
168 0.9960936657296104
169 0.9960936657296104
170 0.9960936657296104
171 0.9960936657296104
172 0.9960936657296104
173 0.991105734416157
174 0.991105734416157
175 0.9864800810010329
176 0.9799357089331536
177 0.9720903237150242
178 0.9720903237150242
179 0.9774126811264622
180 1.0045833029805493
181 0.9791502756853347
182 0.9709608846257917
183 0.9590835357674276
184 0.9590835357674276
185 0.9490712682656447
186 0.9490712682656447
187 0.9490712682656447
188 0.9490712682656447
189 0.9490712682656447
190 0.9490712682656447
191 0.9490712682656447
192 0.9348643051209652
193 0.9206354095466898
194 0.916728339469104
195 0.9121835109510203
196 0.8811745070264271
197 0.8575576795556696
198 0.8525658771236686
199 0.8517736554201993
200 0.8266200642575618
201 0.8246780883222788
202 0.8246780883222788
203 0.8246780883222788
204 0.8246780883222788
205 0.8246780883222788
206 0.8246780883222788
207 0.8214262272479234
208 0.8088759063657379
209 0.7970133429043081
210 0.7929825557158596
211 0.7720833736601673
212 0.7680064006587117
213 0.7239214424400103
214 0.7221424001729082
215 0.7130482431156353
216 0.7130482431156353
217 0.7033355019759093
218 0.6548179231140429
219 0.6548179231140429
220 0.6526479458244313
221 0.6526479458244313
222 0.6309184093217294
223 0.5977675177864095
224 0.5939186697092165
225 0.5932449394803327
226 0.5903979525614694
227 0.5903979525614694
228 0.5740179070594746
229 0.5740179070594746
230 0.5740179070594746
231 0.5704931759645993
232 0.5587465464935788
233 0.5587465464935788
234 0.5587465464935788
235 0.5587465464935788
236 0.5587465464935788
237 0.5421401390675927
238 0.5421401390675927
239 0.5421401390675927
240 0.5421401390675927
241 0.5401023133019978
242 0.5593765726685263
243 0.5791702630563816
244 0.628219021557711
245 0.641266353602845
246 0.641266353602845
247 0.6333967321014904
248 0.6310475535714593
249 0.6265215431936648
250 0.6258599483649447
251 0.6233548923679652
252 0.6285429695855247
253 0.6285429695855247
254 0.6285429695855247
255 0.6446295183234667
256 0.6680438787307053
257 0.685354959805442
258 0.6886964735197975
259 0.6883405626016663
260 0.6705232719650417
261 0.6705232719650417
262 0.6705232719650417
263 0.6705232719650417
264 0.6705232719650417
265 0.6705232719650417
266 0.6705232719650417
267 0.6705232719650417
268 0.672845087887495
269 0.6752404935032834
270 0.6752404935032834
271 0.6752404935032834
272 0.6752404935032834
273 0.6752404935032834
274 0.6811963788630261
275 0.6811963788630261
276 0.6811963788630261
277 0.6811963788630261
278 0.6825038155373454
279 0.6870528717218747
280 0.6890959302255677
281 0.6890959302255677
282 0.6963509606490088
283 0.7124929910713296
284 0.7124929910713296
285 0.7124929910713296
286 0.7124929910713296
287 0.6982860279266501
288 0.6938436602986562
289 0.6954260623521555
290 0.6955254066809017
291 0.6955254066809017
292 0.6975533137345834
293 0.6981806049052508
294 0.6981806049052508
295 0.6562997959667363
296 0.6562997959667363
297 0.6562997959667363
298 0.6542997852999672
299 0.6542997852999672
300 0.6542997852999672
301 0.6542997852999672
302 0.6542997852999672
303 0.6542997852999672
304 0.6542997852999672
305 0.6542997852999672
306 0.6542997852999672
307 0.6542997852999672
308 0.6530819644977032
309 0.6173052013998815
310 0.6182430584785163
311 0.6233819855657766
312 0.6313593071262579
313 0.6331629040913204
314 0.6379073263646301
315 0.6379073263646301
316 0.6445349463963799
317 0.64601703103885
318 0.6404476618959976
319 0.6404476618959976
320 0.6404476618959976
321 0.6404476618959976
322 0.6370733436052316
323 0.6370733436052316
324 0.6370733436052316
325 0.6370733436052316
326 0.6340054766811725
327 0.6155532834724529
328 0.6155532834724529
329 0.5997158576949734
330 0.5782748618820563
331 0.5735337945972597
332 0.5639615381317151
333 0.5639615381317151
334 0.5620878676911499
335 0.5525029040457652
336 0.5460404264650585
337 0.5407131780838648
338 0.5407131780838648
339 0.5407131780838648
340 0.532224171010963
341 0.5292511259717743
342 0.5220362636483742
343 0.5155696426282474
344 0.5130383828918701
345 0.523337981457175
346 0.5278690670592014
347 0.5330571442767611
348 0.5330571442767611
349 0.5330571442767611
350 0.5501520844086941
351 0.5583821124949706
352 0.5620444223218234
353 0.5620444223218234
354 0.5620444223218234
355 0.5728843190802801
356 0.5728843190802801
357 0.5728843190802801
358 0.5728843190802801
359 0.5800870961123858
360 0.5773760425631183
361 0.5726543131496185
362 0.5675063398196714
363 0.5675063398196714
364 0.5641279100279907
365 0.5632405976502053
366 0.531171618202444
367 0.49498216388518107
368 0.3873184473796036
369 0.3873184473796036
370 0.3873184473796036
371 0.3873184473796036
372 0.3760955554351898
373 0.3759179881001131
374 0.3715879706371876
375 0.3655051680507516
376 0.36384845620025646
377 0.35923901921384505
378 0.35923901921384505
379 0.35923901921384505
380 0.34835613684962646
381 0.3499542180104463
382 0.3572372291591498
383 0.41281130499359386
384 0.4312223207336999
385 0.4333317020291793
386 0.4333317020291793
387 0.4333317020291793
388 0.4333317020291793
389 0.4333317020291793
390 0.4333317020291793
391 0.4333317020291793
392 0.4562931953058433
393 0.4593366972270009
394 0.47764851186603613
395 0.48896601897126074
396 0.5399239886701699
397 0.5399239886701699
398 0.542016051087799
399 0.542016051087799
400 0.5550801040231889
401 0.5550801040231889
402 0.5550801040231889
403 0.5585766645168738
404 0.5686154409000117
405 0.580773269776067
406 0.5940299089319085
407 0.6290509426160742
408 0.6290509426160742
409 0.7593198936215864
410 0.8300586265243252
411 0.8300586265243252
412 0.8300586265243252
413 0.8300586265243252
414 0.835601560337071
415 0.835601560337071
416 0.835601560337071
417 0.835601560337071
418 0.835601560337071
419 0.835601560337071
420 0.8381780263414229
421 0.8592425632341018
422 0.8773372268457318
423 0.8815921593605189
424 0.9222304434701105
425 0.9222304434701105
426 0.9222304434701105
427 0.9222304434701105
428 0.9222304434701105
429 0.9222304434701105
430 0.9222304434701105
431 0.9222304434701105
432 0.9222304434701105
433 0.9540821538017127
434 0.9703702624170681
435 0.9704580422154001
436 0.9928212870375492
437 0.9928212870375492
438 0.9928212870375492
439 0.9928212870375492
440 0.9928212870375492
441 0.9928212870375492
442 0.9928212870375492
443 0.9928212870375492
444 1.0157509606981265
445 0.9936555340407325
446 0.9533774028196962
447 0.9533774028196962
448 0.9533774028196962
449 0.9533774028196962
450 0.9533774028196962
451 0.9460652681627766
452 0.9460652681627766
453 0.9397829808716911
454 0.9314151838054117
455 0.9327664855169275
456 0.9425215786603343
457 0.9460776141466305
458 0.9489621435082021
459 0.9489621435082021
460 0.9489621435082021
461 1.0024385231592523
462 1.0157401937354216
463 1.0197186593202132
464 1.0258100623608024
465 1.0258100623608024
466 1.0258100623608024
467 1.0258100623608024
468 1.0258100623608024
469 1.0477754134182469
470 1.0950818952004149
471 1.1062461970262483
472 1.1062461970262483
473 1.1062461970262483
474 1.1062461970262483
475 1.1261296374376122
476 1.1669894751778511
477 1.1710875921807409
478 1.213836749323533
479 1.2427456685534108
480 1.2877103935455163
481 1.2888222102641795
482 1.2945017463173607
483 1.3691616103816606
484 1.3792720266692706
485 1.3944212557297941
486 1.3944212557297941
487 1.395786964740708
488 1.4039743810954486
489 1.4221618766110766
490 1.4595520690244672
491 1.4743432490255666
492 1.514210714149503
493 1.540837291086865
494 1.5802847733294783
495 1.5866146858659858
496 1.5895430816086482
497 1.5924902092333348
498 1.618178100609143
499 1.661961997793489
500 1.6867228064816602
501 1.6999794456375015
502 1.7099059942078094
503 1.7194373541209864
504 1.7402801389080673
505 1.7691536084212633
506 1.7882169516010056
507 1.7985193181689942
508 1.7985193181689942
509 1.80406225198174
510 1.80406225198174
511 1.80406225198174
512 1.80406225198174
513 1.8187723769874733
514 1.8187723769874733
515 1.815375447678925
516 1.8260229411201827
517 1.8441176047318129
518 1.8381749060657522
519 1.8733578750493973
520 1.8698721608582762
521 1.9279770484393235
522 1.9725010343800427
523 1.9725010343800427
524 1.9725010343800427
525 1.9725010343800427
526 1.9725010343800427
527 1.9725010343800427
528 1.9725010343800427
529 1.9725010343800427
530 2.0594335761844436
531 2.117005377504771
532 2.1438554364128257
533 2.1472423166813974
534 2.1664173639114326
535 2.2195581488919354
536 2.2349276508481197
537 2.2349276508481197
538 2.2349276508481197
539 2.2349276508481197
540 2.2349276508481197
541 2.2349276508481197
542 2.2349276508481197
543 2.2349276508481197
544 2.2349276508481197
545 2.2927927802527384
546 2.291634915640966
547 2.291634915640966
548 2.291634915640966
549 2.291634915640966
550 2.2865674791897352
551 2.2697412128118444
552 2.266895116818923
553 2.252173414210446
554 2.252173414210446
555 2.252173414210446
556 2.305649793861496
557 2.3189514644376654
558 2.322929930022457
559 2.3290213330630465
560 2.3290213330630465
561 2.3393800649188696
562 2.3393800649188696
563 2.3393800649188696
564 2.3322119585886387
565 2.337238807462811
566 2.331172419593793
567 2.331172419593793
568 2.331172419593793
569 2.3291627350879995
570 2.3416271113715457
571 2.3453127389009807
572 2.3453127389009807
573 2.3453127389009807
574 2.3453127389009807
575 2.3672065357344065
576 2.3794118045461365
577 2.394419617635015
578 2.4058742945060456
579 2.420630959300646
580 2.420630959300646
581 2.420630959300646
582 2.4258620605527437
583 2.4384636745913397
584 2.450230209700835
585 2.475348258277938
586 2.4826697953609878
587 2.475072645017349
588 2.47876215065493
589 2.4930723438482376
590 2.4973714101482796
591 2.4987800443718466
592 2.4891267913249964
593 2.4861155714459615
594 2.4861155714459615
595 2.4861155714459615
596 2.480981166754664
597 2.4823633173024504
598 2.4802307168309508
599 2.4964392998810645
600 2.510186854046634
601 2.529250197226376
602 2.5395525637943646
603 2.560635114268152
604 2.5650852778386337
605 2.568512637948831
606 2.5764368036743575
607 2.5764368036743575
608 2.58517353336719
609 2.58517353336719
610 2.58517353336719
611 2.57172230417084
612 2.562789969765561
613 2.562789969765561
614 2.5594457285377596
615 2.5594457285377596
616 2.5594457285377596
617 2.5594457285377596
618 2.5594457285377596
619 2.57470291665338
620 2.610943111163353
621 2.613939688828504
622 2.613939688828504
623 2.613939688828504
624 2.638406022409008
625 2.6536937786112995
626 2.669609574659338
627 2.6756863527138792
628 2.679073232982451
629 2.7025500535275406
630 2.7201341463246855
631 2.7469156925932934
632 2.75449195494463
633 2.768191261560812
634 2.783524136873809
635 2.8124526208019844
636 2.833046400005292
637 2.8603338326315493
638 2.874644622236481
639 2.894606284492733
640 2.951313549285579
641 2.951313549285579
642 2.951313549285579
643 2.9560598742633495
644 2.9560598742633495
645 2.9640274969485603
646 2.973637340456146
647 2.9975813714747295
648 3.002301513175626
649 3.0165196269879937
650 3.029123691644118
651 3.035574111784748
652 3.062389283812137
653 3.062389283812137
654 3.062389283812137
655 3.062389283812137
656 3.072748015667961
657 3.072748015667961
658 3.072748015667961
659 3.101426274048407
660 3.101426274048407
661 3.101426274048407
662 3.1283549195043534
663 3.1283549195043534
664 3.1283549195043534
665 3.1281372895008053
666 3.120257718977133
667 3.120257718977133
668 3.120257718977133
669 3.120257718977133
670 3.120257718977133
671 3.1259446443184373
672 3.1286103176429467
673 3.1286103176429467
674 3.1191335958728263
675 3.0797510450848486
676 3.0782910116300646
677 3.137907701435935
678 3.137907701435935
679 3.182882634611252
680 3.182882634611252
681 3.182882634611252
682 3.182882634611252
683 3.182882634611252
684 3.182882634611252
685 3.195264415137802
686 3.208395866029282
687 3.2434928862219867
688 3.2555354096402174
689 3.2555354096402174
690 3.296807562344931
691 3.3181005814911257
692 3.336264493165537
693 3.3556514792263488
694 3.392741636824323
695 3.411295062226831
696 3.415194754933331
697 3.4209666001655332
698 3.4209666001655332
699 3.4319195331761465
700 3.4321975219009753
701 3.4321975219009753
702 3.4321975219009753
703 3.4321975219009753
704 3.4468904092502246
705 3.455614401065278
706 3.458588449626914
707 3.493334449653157
708 3.4951756737106985
709 3.4951756737106985
710 3.494429350724553
711 3.5088229308640617
712 3.5088229308640617
713 3.5088229308640617
714 3.5088229308640617
715 3.5088229308640617
716 3.5112178792969178
717 3.5112178792969178
718 3.5112178792969178
719 3.5112178792969178
720 3.5130689277456058
721 3.517822048288858
722 3.517822048288858
723 3.517822048288858
724 3.5394941559338102
725 3.551131141060213
726 3.5584846137574475
727 3.56511877589526
728 3.578818082511442
729 3.5941509578244393
730 3.5974001217192346
731 3.5933029446521254
732 3.5981288535885296
733 3.594823152092137
734 3.594823152092137
735 3.579772599632689
736 3.579772599632689
737 3.579772599632689
738 3.5845189246104594
739 3.5845189246104594
740 3.5932767616099603
741 3.5953772287247663
742 3.599381510489879
743 3.5938293711374483
744 3.5994946946036155
745 3.6120987592597404
746 3.6120987592597404
747 3.6200839433401333
748 3.6200839433401333
749 3.6200839433401333
750 3.6492944504714218
751 3.6492944504714218
752 3.6492944504714218
753 3.6492944504714218
754 3.6492944504714218
755 3.672846889175313
756 3.701423073312574
757 3.701423073312574
758 3.6150911260815333
759 3.6150911260815333
760 3.6150911260815333
761 3.6150911260815333
762 3.6150911260815333
763 3.6150911260815333
764 3.6150911260815333
765 3.6150911260815333
766 3.6150911260815333
767 3.6150911260815333
768 3.5609156065641763
769 3.5087756784864252
770 3.5087756784864252
771 3.505807632666248
772 3.4846053155179635
773 3.4846053155179635
774 3.4846053155179635
775 3.4846053155179635
776 3.4613850512575457
777 3.447884923897819
778 3.4293671762505618
779 3.4142522006584173
780 3.403584034586679
781 3.396445323336325
782 3.396445323336325
783 3.396445323336325
784 3.4208938656691474
785 3.4718978172997668
786 3.4693121571733156
787 3.4693121571733156
788 3.4693121571733156
789 3.4693121571733156
790 3.4693121571733156
791 3.4693121571733156
792 3.4591695700899496
793 3.4568947207936684
794 3.4568947207936684
795 3.45431408930919
796 3.4546559210103602
797 3.469513418421271
798 3.485702529088751
799 3.4964610436125922
800 3.4964610436125922
801 3.506947007078035
802 3.51929009854051
803 3.521892899939051
804 3.5368601384401934
805 3.54250937859354
806 3.5437508279838887
807 3.5460656593370876
808 3.5506319963314112
809 3.5587397461633796
810 3.5758019649954633
811 3.5783409757440228
812 3.5802005532564154
813 3.5802005532564154
814 3.5802005532564154
815 3.5802005532564154
816 3.5802005532564154
817 3.5802005532564154
818 3.5802005532564154
819 3.5802005532564154
820 3.5802005532564154
821 3.5802005532564154
822 3.5802005532564154
823 3.5795208971966668
824 3.5790667644650673
825 3.5790667644650673
826 3.5790667644650673
827 3.5827595937951457
828 3.5827595937951457
829 3.578016010279617
830 3.5775755325952496
831 3.5775755325952496
832 3.569583150114651
833 3.5696370481397963
834 3.5696370481397963
835 3.5696370481397963
836 3.574141674515466
837 3.574141674515466
838 3.574141674515466
839 3.574141674515466
840 3.5754200823114384
841 3.5754200823114384
842 3.5713103215683506
843 3.5482172264539558
844 3.5482172264539558
845 3.53909928163357
846 3.523495913237686
847 3.492031658284479
848 3.4739545022127776
849 3.4356451597465325
850 3.432511507383503
851 3.4247353733459516
852 3.422369906517366
853 3.4105164934555496
854 3.4105164934555496
855 3.408038959310338
856 3.401784094569765
857 3.4011728643039074
858 3.4011728643039074
859 3.3980236792294183
860 3.3797744378284054
861 3.3797744378284054
862 3.3797744378284054
863 3.3797744378284054
864 3.4394165948816786
865 3.459247254277976
866 3.456279208457799
867 3.439693294839796
868 3.4457443972537063
869 3.4457443972537063
870 3.4457443972537063
871 3.4236586477957918
872 3.4101585204360645
873 3.401487130939092
874 3.405570410877721
875 3.4144342094887046
876 3.427657465907446
877 3.427657465907446
878 3.4388875167570365
879 3.4552810687821256
880 3.455759736318343
881 3.455759736318343
882 3.455759736318343
883 3.455759736318343
884 3.455759736318343
885 3.455759736318343
886 3.452481390420878
887 3.452481390420878
888 3.452481390420878
889 3.4690461723706147
890 3.474748699616427
891 3.4778024930071876
892 3.4778024930071876
893 3.474740881374905
894 3.474740881374905
895 3.474740881374905
896 3.474740881374905
897 3.471609644922574
898 3.467192808795317
899 3.467192808795317
900 3.467192808795317
901 3.467192808795317
902 3.467192808795317
903 3.4588854713034065
904 3.4588854713034065
905 3.4427230308877594
906 3.417325618540205
907 3.4106886472309643
908 3.4106886472309643
909 3.408904875557134
910 3.4064081592559847
911 3.4034385623503276
912 3.3975520260215126
913 3.394213308556062
914 3.3847782265603503
915 3.3845762218936333
916 3.382140551455969
917 3.375259921786036
918 3.374580265726288
919 3.3741261329946886
920 3.367248052990157
921 3.35405690834841
922 3.3406484100034497
923 3.333579329314241
924 3.323879848328982
925 3.31192851323281
926 3.31192851323281
927 3.2945001411066897
928 3.2896615099193665
929 3.292643368645786
930 3.2974164686441854
931 3.2974164686441854
932 3.2974164686441854
933 3.30432056531165
934 3.30432056531165
935 3.3045829880903383
936 3.3045829880903383
937 3.3045829880903383
938 3.3232051471205537
939 3.3252972095381828
940 3.3499010599022543
941 3.350635333103255
942 3.357264324191589
943 3.3582715999226997
944 3.3588787417230233
945 3.355745089359994
946 3.3479689553224423
947 3.3466907550274927
948 3.3461569028673903
949 3.355361907457196
950 3.355361907457196
951 3.355361907457196
952 3.3642470140205436
953 3.3729810504121978
954 3.3870362899028983
955 3.3870362899028983
956 3.3870362899028983
957 3.3870362899028983
958 3.3909653901819024
959 3.4136000840942566
960 3.4136000840942566
961 3.415786766645587
962 3.4210291403443396
963 3.436252694551823
964 3.436252694551823
965 3.4435933476458174
966 3.4598965878283483
967 3.4651640537114194
968 3.4651640537114194
969 3.492284993204566
970 3.492284993204566
971 3.4935210877772604
972 3.4935210877772604
973 3.4935210877772604
974 3.4935210877772604
975 3.500453795637857
976 3.500453795637857
977 3.500453795637857
978 3.5137724997211253
979 3.5312642820757185
980 3.5320447526790835
981 3.5469948743236355
982 3.552483581594175
983 3.5612055793936737
984 3.5612055793936737
985 3.5612055793936737
986 3.5626784017677227
987 3.5715933885180453
988 3.5745412074140406
989 3.5745412074140406
990 3.5745412074140406
991 3.594947564502346
992 3.6126563178974016
993 3.691892593100646
994 3.775700297802776
995 3.8098111525761453
996 3.8273498292903225
997 3.8515786160996175
998 3.8515786160996175
999 3.8515786160996175
1000 3.878211945731635
1001 3.9067307540698453
1002 3.9067307540698453
1003 3.9067307540698453
1004 3.908323023266576
1005 3.9084799507479864
1006 3.910413099242205
1007 3.937579042465344
1008 3.966354891040273
1009 3.9958830094100324
1010 3.9958830094100324
1011 3.9958830094100324
1012 3.9958830094100324
1013 3.9958830094100324
1014 4.020639215227865
1015 4.0330117515589095
1016 4.0330117515589095
1017 4.0330117515589095
1018 4.0339624620800985
1019 4.0247813218146735
1020 4.0247813218146735
1021 4.0247813218146735
1022 4.01956259448913
1023 4.036413257229915
1024 4.037840979794289
1025 4.065290242730544
1026 4.065290242730544
1027 4.105830376443693
1028 4.112986225738153
1029 4.112986225738153
1030 4.112986225738153
1031 4.133711987936504
1032 4.1343980607678565
1033 4.20752810638386
1034 4.225685126191195
1035 4.288654223347603
1036 4.29014264493346
1037 4.318916366733745
1038 4.3473198048872845
1039 4.349080387227364
1040 4.364781153445479
1041 4.375493963066377
1042 4.438173538440319
1043 4.438173538440319
1044 4.448584947604852
1045 4.458888015821985
1046 4.467191606846637
1047 4.480721263320104
1048 4.489108000831809
1049 4.489108000831809
1050 4.489108000831809
1051 4.524914007444072
1052 4.576030904899368
1053 4.637874117992278
1054 4.646139519719761
1055 4.6493968947923445
1056 4.6757230226224795
1057 4.691485275767253
1058 4.7502145184695515
1059 4.7502145184695515
1060 4.754539971899832
1061 4.764374533016103
1062 4.769641998899174
1063 4.769641998899174
1064 4.769641998899174
1065 4.769641998899174
1066 4.769641998899174
1067 4.769641998899174
1068 4.769641998899174
1069 4.80337125954645
1070 4.810303967407046
1071 4.816705934482499
1072 4.816705934482499
1073 4.81218057314142
1074 4.8021269295708215
1075 4.7983148197091925
1076 4.793326421320062
1077 4.793326421320062
1078 4.795897020974106
1079 4.795897020974106
1080 4.76724300949155
1081 4.76724300949155
1082 4.764824193110695
1083 4.757781473869022
1084 4.757781473869022
1085 4.757781473869022
1086 4.763711454065943
1087 4.7636531416276355
1088 4.76345789024103
1089 4.76345789024103
1090 4.755347620724118
1091 4.755347620724118
1092 4.736227120921418
1093 4.736227120921418
1094 4.736227120921418
1095 4.73791284811252
1096 4.757026990471982
1097 4.757026990471982
1098 4.757026990471982
1099 4.753135872583971
1100 4.744712040233454
1101 4.7381426751980005
1102 4.74933331541179
1103 4.778109163986719
1104 4.807637282356478
1105 4.807637282356478
1106 4.807637282356478
1107 4.825917848563719
1108 4.825917848563719
1109 4.850674054381551
1110 4.85481616096836
1111 4.853962245266903
1112 4.852675877892851
1113 4.848877324207622
1114 4.848877324207622
1115 4.848877324207622
1116 4.848877324207622
1117 4.860857332062446
1118 4.874435611375141
1119 4.881096874326742
1120 4.889648536352155
1121 4.895882768388972
1122 4.895882768388972
1123 4.899837044540214
1124 4.899837044540214
1125 4.903458191463708
1126 4.905525901213675
1127 4.905525901213675
1128 4.9109949282410374
1129 4.913829278191118
1130 4.918972023863889
1131 4.921621009341477
1132 4.961445054453888
1133 4.987333712928523
1134 4.988487153468279
1135 5.0041879196863945
1136 5.0078414293847935
1137 5.01758017131875
1138 5.016396203384498
1139 5.010463115779119
1140 5.016966925564429
1141 5.021450977601944
1142 5.02334022694483
1143 5.029846690036322
1144 5.029846690036322
1145 5.0209165438924455
1146 5.031158911528936
1147 5.030605271421882
1148 5.030605271421882
1149 5.038870673149365
1150 5.042128048221948
1151 5.044403313641948
1152 5.034511246520467
1153 5.032865380070336
1154 5.040943206283423
1155 5.040943206283423
1156 5.040943206283423
1157 5.040943206283423
1158 5.040943206283423
1159 5.040943206283423
1160 5.04379266724499
1161 5.04379266724499
1162 5.055625731934526
1163 5.055625731934526
1164 5.055625731934526
1165 5.059050325150441
1166 5.059750103726473
1167 5.059750103726473
1168 5.060714106634994
1169 5.081035712923551
1170 5.084003386794667
1171 5.080575072040714
1172 5.10761003769124
1173 5.119944446164915
1174 5.131656566258878
1175 5.131656566258878
1176 5.131656566258878
1177 5.131656566258878
1178 5.131656566258878
1179 5.131656566258878
1180 5.131656566258878
1181 5.134013770704016
1182 5.1448526600522
1183 5.161942464450924
1184 5.177938400556164
1185 5.177938400556164
1186 5.176726242800024
1187 5.176726242800024
1188 5.176726242800024
1189 5.176726242800024
1190 5.176726242800024
1191 5.176726242800024
1192 5.176726242800024
1193 5.176726242800024
1194 5.176726242800024
1195 5.176726242800024
1196 5.176726242800024
1197 5.171265771298625
1198 5.168330776330418
1199 5.16631511447458
1200 5.168283535211607
1201 5.174120810951502
1202 5.192401377158742
1203 5.203461074884011
1204 5.235446554176688
1205 5.241978395649891
1206 5.2668798068918
1207 5.268900011660302
1208 5.268900011660302
1209 5.273915098840271
1210 5.273915098840271
1211 5.273915098840271
1212 5.273915098840271
1213 5.290095256790434
1214 5.316814053940279
1215 5.316814053940279
1216 5.319425990018649
1217 5.322637655315668
1218 5.332599036565317
1219 5.343164232903982
1220 5.346785379827475
1221 5.359065823992806
1222 5.359065823992806
1223 5.364534851020169
1224 5.366726381286128
1225 5.356804082775204
1226 5.356804082775204
1227 5.356804082775204
1228 5.356804082775204
1229 5.35607196141351
1230 5.3529949098914855
1231 5.350501760057569
1232 5.350373486615251
1233 5.350373486615251
1234 5.35029451638637
1235 5.345972560510688
1236 5.345087033904589
1237 5.345087033904589
1238 5.345087033904589
1239 5.34357034573403
1240 5.339292575647317
1241 5.339150547481341
1242 5.335226264118878
1243 5.334095336736123
1244 5.334095336736123
1245 5.330259928353927
1246 5.304986414706837
1247 5.304986414706837
1248 5.304986414706837
1249 5.304986414706837
1250 5.304986414706837
1251 5.304986414706837
1252 5.304986414706837
1253 5.297571140505302
1254 5.2984476753376235
1255 5.2984476753376235
1256 5.2984476753376235
1257 5.310280740027162
1258 5.310280740027162
1259 5.310280740027162
1260 5.313705333243076
1261 5.317720827949877
1262 5.3243777943012995
1263 5.332051582463718
1264 5.3426957470083805
1265 5.3426957470083805
1266 5.323206036843074
1267 5.319902832438793
1268 5.319902832438793
1269 5.314021696177054
1270 5.30496533133735
1271 5.30496533133735
1272 5.30496533133735
1273 5.302531519524111
1274 5.302531519524111
1275 5.296090895409081
1276 5.293890860902918
1277 5.2971961072058225
1278 5.31521534468883
1279 5.3308223949125475
1280 5.342911193021481
1281 5.34591676459641
1282 5.349766521817339
1283 5.349766521817339
1284 5.3569432496105565
1285 5.3569432496105565
1286 5.3569432496105565
1287 5.328412380025533
1288 5.328412380025533
1289 5.328412380025533
1290 5.328412380025533
1291 5.328412380025533
1292 5.328412380025533
1293 5.328412380025533
1294 5.328412380025533
1295 5.328412380025533
1296 5.328412380025533
1297 5.328412380025533
1298 5.328412380025533
1299 5.324526210870473
1300 5.324526210870473
1301 5.298854768600603
1302 5.302806438748787
1303 5.302806438748787
1304 5.289815233047992
1305 5.261452731204837
1306 5.261452731204837
1307 5.261452731204837
1308 5.261452731204837
1309 5.261452731204837
1310 5.261452731204837
1311 5.255038464763109
1312 5.233207355259656
1313 5.209108291099105
1314 5.209108291099105
1315 5.203293477149089
1316 5.199912745301459
1317 5.193363319688027
1318 5.192018974904363
1319 5.190694739726224
1320 5.199252242935749
1321 5.199252242935749
1322 5.199252242935749
1323 5.199252242935749
1324 5.198520121574055
1325 5.195443070052031
1326 5.192949920218115
1327 5.192821646775796
1328 5.196010423301537
1329 5.200977116482784
1330 5.196835246401211
1331 5.202491424554016
1332 5.202491424554016
1333 5.219545063822129
1334 5.21802837565157
1335 5.21802837565157
1336 5.217886347485594
1337 5.217886347485594
1338 5.21879308808182
1339 5.221745026028544
1340 5.224107575414232
1341 5.224107575414232
1342 5.2292861265111235
1343 5.2292861265111235
1344 5.2292861265111235
1345 5.2292861265111235
1346 5.231913379406688
1347 5.243266122117855
1348 5.241055189033238
1349 5.241786890823018
1350 5.245315956138297
1351 5.245315956138297
1352 5.246551227712965
1353 5.246111773090438
1354 5.244403338195797
1355 5.2381983973130835
1356 5.234450687848582
1357 5.234450687848582
1358 5.234450687848582
1359 5.234450687848582
1360 5.234450687848582
1361 5.233706285202347
1362 5.233706285202347
1363 5.233706285202347
1364 5.233706285202347
1365 5.22701183190388
1366 5.218892538621119
1367 5.209695522947353
1368 5.2023576987247155
1369 5.199228921232715
1370 5.199048773503788
1371 5.199048773503788
1372 5.199048773503788
1373 5.199048773503788
1374 5.1785746208364865
1375 5.159065301386256
1376 5.159065301386256
1377 5.159065301386256
1378 5.122128076978132
1379 5.115277127949915
1380 5.115277127949915
1381 5.11304264892447
1382 5.11090009757578
1383 5.108226581118027
1384 5.108226581118027
1385 5.108226581118027
1386 5.1044466394498045
1387 5.093039300566717
1388 5.090015010940415
1389 5.069860283312197
1390 5.067107430228934
1391 5.067107430228934
1392 5.057302251940614
1393 5.06540193681993
1394 5.06151576766487
1395 5.06860194532781
1396 5.04293050305794
1397 5.03649449245213
1398 5.03649449245213
1399 5.02954675801403
1400 5.02954675801403
1401 5.02954675801403
1402 5.033117292605036
1403 5.037626319921288
1404 5.0389818400097415
1405 5.044874800065946
1406 5.042694870543823
1407 5.042694870543823
1408 5.0378496505398775
1409 5.0378496505398775
1410 5.025389952353999
1411 5.025389952353999
1412 5.025389952353999
1413 5.025389952353999
1414 5.024181946983578
1415 4.9844122975032015
1416 4.961203431123346
1417 4.918589908705901
1418 4.86420082151198
1419 4.810050074155764
1420 4.80973740040739
1421 4.80973740040739
1422 4.80973740040739
1423 4.809224199700877
1424 4.768779534210121
1425 4.768779534210121
1426 4.768779534210121
1427 4.768779534210121
1428 4.768779534210121
1429 4.7502030654801395
1430 4.73749106601169
1431 4.737451664908377
1432 4.708976809637658
1433 4.689682670899677
1434 4.689682670899677
1435 4.689682670899677
1436 4.688750770179036
1437 4.688750770179036
1438 4.688750770179036
1439 4.696785545708259
1440 4.703406100470295
1441 4.703406100470295
1442 4.703406100470295
1443 4.703406100470295
1444 4.711809659628486
1445 4.714113823404716
1446 4.7245797368146745
1447 4.7245797368146745
1448 4.728917111396701
1449 4.728917111396701
1450 4.73450156038681
1451 4.73450156038681
1452 4.73450156038681
1453 4.73450156038681
1454 4.73450156038681
1455 4.745137798060472
1456 4.745137798060472
1457 4.7480640897622415
1458 4.75829729382814
1459 4.75829729382814
1460 4.753806422477362
1461 4.746417361301517
1462 4.741209187325284
1463 4.733871363102646
1464 4.7323581001176676
1465 4.7323581001176676
1466 4.737178351639084
1467 4.751819893424614
1468 4.752016647000928
1469 4.770081375126603
1470 4.761685627769214
1471 4.755774281669541
1472 4.755774281669541
1473 4.7353717773012
1474 4.727973598500163
1475 4.727973598500163
1476 4.725739119474717
1477 4.720657265137707
1478 4.7094982212534955
1479 4.705409101242235
1480 4.705409101242235
1481 4.701629159574013
1482 4.700237352630323
1483 4.694948261698975
1484 4.674413220132866
1485 4.662833336513004
1486 4.661220279022707
1487 4.658804352397668
1488 4.655680339369233
1489 4.655680339369233
1490 4.655680339369233
1491 4.651764245298321
1492 4.651764245298321
1493 4.649768843777132
1494 4.649768843777132
1495 4.641040350427923
1496 4.641040350427923
1497 4.641040350427923
1498 4.641040350427923
1499 4.637876805050666
1500 4.622592082148293
1501 4.6211898929971555
1502 4.616244084846029
1503 4.607947697599616
1504 4.6042652908052215
1505 4.594240148932789
1506 4.558427660232562
1507 4.558427660232562
1508 4.558427660232562
1509 4.558427660232562
1510 4.558427660232562
1511 4.558427660232562
1512 4.558427660232562
1513 4.551730014816603
1514 4.543298030429103
1515 4.542985356680729
1516 4.542985356680729
1517 4.542985356680729
1518 4.554547519437308
1519 4.56191222124761
1520 4.56191222124761
1521 4.574748815892383
1522 4.59493447807806
1523 4.597508047577488
1524 4.578931578847507
1525 4.566219579379057
1526 4.566180178275744
1527 4.556211813316581
1528 4.556211813316581
1529 4.556211813316581
1530 4.556211813316581
1531 4.558078046285273
1532 4.561856455737785
1533 4.560924488209281
1534 4.558402472686019
1535 4.5472520166351265
1536 4.5472520166351265
1537 4.5435261652594825
1538 4.533093497145364
1539 4.530928981459585
1540 4.529094201826719
1541 4.518884555574487
1542 4.512211888799799
1543 4.509454458693224
1544 4.504972835067132
1545 4.504972835067132
1546 4.502991754922714
1547 4.501384388782589
1548 4.501384388782589
1549 4.501384388782589
1550 4.501384388782589
1551 4.501384388782589
1552 4.5016345138659855
1553 4.494180742596189
1554 4.494180742596189
1555 4.494180742596189
1556 4.492842648411541
1557 4.491131753755246
1558 4.483008398665545
1559 4.4841396879429825
1560 4.4841396879429825
1561 4.488955246141746
1562 4.492170905956335
1563 4.496395106054704
1564 4.497165522689056
1565 4.497165522689056
1566 4.500657504386232
1567 4.500847072721156
1568 4.5085964190574765
1569 4.509486458739827
1570 4.5101542706232856
1571 4.5101542706232856
1572 4.509787719552042
1573 4.511134317468985
1574 4.5106388226322665
1575 4.510730113485938
1576 4.517454014999071
1577 4.516062208055381
1578 4.513797406750335
1579 4.515529857302324
1580 4.505013930838634
1581 4.5229967225265995
1582 4.525081039042227
1583 4.526293170669266
1584 4.526293170669266
1585 4.526293170669266
1586 4.526293170669266
1587 4.528331186433614
1588 4.528331186433614
1589 4.529898589687013
1590 4.53513302171641
1591 4.562165050638243
1592 4.5707569360989115
1593 4.575312111557913
1594 4.580055983449163
1595 4.59347709304703
1596 4.599585143790106
1597 4.599585143790106
1598 4.639280615238924
1599 4.639280615238924
1600 4.657672627647317
1601 4.660574900567932
1602 4.660574900567932
1603 4.683810337757102
1604 4.69380848158992
1605 4.7125340103938544
1606 4.728178999886362
1607 4.728178999886362
1608 4.732202426803681
1609 4.732202426803681
1610 4.732202426803681
1611 4.737879244463872
1612 4.746975229842025
1613 4.755113772082154
1614 4.755113772082154
1615 4.755113772082154
1616 4.756857048063388
1617 4.7483673808504925
1618 4.7483673808504925
1619 4.7483673808504925
1620 4.7483673808504925
1621 4.744151133072199
1622 4.744151133072199
1623 4.7348447768740485
1624 4.732756480724817
1625 4.729737383943274
1626 4.729737383943274
1627 4.729737383943274
1628 4.727900895849331
1629 4.705856356570266
1630 4.687983844621729
1631 4.678015347692944
1632 4.678015347692944
1633 4.678015347692944
1634 4.678015347692944
1635 4.677892788657889
1636 4.670026784704708
1637 4.664742346924699
1638 4.664742346924699
1639 4.664742346924699
1640 4.664742346924699
1641 4.664742346924699
1642 4.66312198088403
1643 4.655462931185574
1644 4.649812206941137
1645 4.650092376090728
1646 4.651513844028317
1647 4.638086041986039
1648 4.637005101730984
1649 4.637005101730984
1650 4.637005101730984
1651 4.63899309186446
1652 4.641102422059273
1653 4.644278508334215
1654 4.644278508334215
1655 4.644278508334215
1656 4.644278508334215
1657 4.644278508334215
1658 4.644278508334215
1659 4.644278508334215
1660 4.644278508334215
1661 4.644278508334215
1662 4.644278508334215
1663 4.653404701023387
1664 4.65659634253204
1665 4.652021902518259
1666 4.6469060306280685
1667 4.649779444009408
1668 4.654544789982443
1669 4.655500862433196
1670 4.655592153286867
1671 4.657149395597861
1672 4.647209610312294
1673 4.6456353740618965
1674 4.6456353740618965
1675 4.646699331218068
1676 4.652442689164795
1677 4.651005133427507
1678 4.64572824603154
1679 4.64492056996558
1680 4.642499572861745
1681 4.600605900466218
1682 4.600605900466218
1683 4.599721813100862
1684 4.597671507651162
1685 4.597671507651162
1686 4.597671507651162
1687 4.59707550061413
1688 4.59707550061413
1689 4.596926276574682
1690 4.594827733224166
1691 4.590781109720054
1692 4.58821829896322
1693 4.583537975061168
1694 4.579923427677485
1695 4.579923427677485
1696 4.571615735006748
1697 4.571615735006748
1698 4.56621027695464
1699 4.56621027695464
1700 4.545633364909984
1701 4.545633364909984
1702 4.5306609856868665
1703 4.528144144783164
1704 4.4993723524010125
1705 4.428981875823151
1706 4.428981875823151
1707 4.427190697578304
1708 4.421954904116993
1709 4.287658532197635
1710 4.230834441437612
1711 4.194000942294688
1712 4.15471919187199
1713 4.15471919187199
1714 4.153012908587877
1715 4.145533917288561
1716 4.138211251958984
1717 4.134451299346295
1718 4.125064626174317
1719 4.118889958231589
1720 4.115870861450047
1721 4.115870861450047
1722 4.1010901162759525
1723 4.09440613149835
1724 4.052209765961154
1725 4.04296153899587
1726 4.032993042067086
1727 4.059199338001902
1728 4.077937085553927
1729 4.083901583167401
1730 4.083779024132346
1731 4.075913020179165
1732 4.070628582399156
1733 4.083342735688632
1734 4.081311686083996
1735 4.081311686083996
1736 4.076674439200707
1737 4.075054073160038
1738 4.0673950234615805
1739 4.0652402247023005
1740 4.0652402247023005
1741 4.063646353532853
1742 4.0535038691443415
1743 4.049557493086869
1744 4.0458170376829585
1745 4.0458170376829585
1746 4.0458170376829585
1747 4.0458170376829585
1748 4.0458170376829585
1749 4.023861447667619
1750 4.015314110400542
1751 4.004530767696148
1752 4.004530767696148
1753 4.004530767696148
1754 4.004530767696148
1755 4.004530767696148
1756 4.003431059178027
1757 3.9863762953558535
1758 3.9863762953558535
1759 3.9863762953558535
1760 3.984897001098831
1761 3.978637284994372
1762 3.9777737262773503
1763 3.972849869805186
1764 3.9719424277925417
1765 3.9719424277925417
1766 3.9641322394274443
1767 3.9453043465034217
1768 3.943730110253024
1769 3.943730110253024
1770 3.943730110253024
1771 3.9404301679369924
1772 3.9145405309771975
1773 3.9145405309771975
1774 3.913732854911238
1775 3.913732854911238
1776 3.9129566978146633
1777 3.9059672777950225
1778 3.9013245285651186
1779 3.896335573694102
1780 3.896335573694102
1781 3.8919175218918483
1782 3.891321514854817
1783 3.891321514854817
1784 3.8911722908153683
1785 3.8890737474648525
1786 3.8850271239607403
1787 3.8860094859161336
1788 3.8845523584920625
1789 3.8874652758797645
1790 3.886655777061321
1791 3.885300760193986
1792 3.840891534978156
1793 3.839550749641478
1794 3.7993311748859826
1795 3.7916472855878007
1796 3.73263509682865
1797 3.703373906937766
1798 3.703373906937766
1799 3.6997137095099335
1800 3.6997137095099335
1801 3.6997137095099335
1802 3.6914662776908997
1803 3.685802244800271
1804 3.6503128277893824
1805 3.6424713642803535
1806 3.6375346100395576
1807 3.624912311613467
1808 3.624912311613467
1809 3.6232060283293546
1810 3.615727037030038
1811 3.6126206194787547
1812 3.6088606668660645
1813 3.60243239719313
1814 3.6071788529528366
1815 3.6071788529528366
1816 3.6133520061004294
1817 3.6019083516321913
1818 3.6079969921892463
1819 3.5797096492049922
1820 3.5763184894464577
1821 3.5763184894464577
1822 3.5763184894464577
1823 3.5763184894464577
1824 3.5763184894464577
1825 3.5763184894464577
1826 3.5789203659586812
1827 3.603497386281485
1828 3.6369134579427094
1829 3.638018955637987
1830 3.6387270599666213
1831 3.6480693213786055
1832 3.6480693213786055
1833 3.6480693213786055
1834 3.6480693213786055
1835 3.6480693213786055
1836 3.648030780362721
1837 3.638257190832349
1838 3.6466101452058686
1839 3.6382605751054067
1840 3.6320892361747434
1841 3.628266646336244
1842 3.613567964811162
1843 3.6095978471940677
1844 3.609363215548502
1845 3.609363215548502
1846 3.6087168407613506
1847 3.602219872437488
1848 3.601312430424843
1849 3.6002191342217875
1850 3.592993733203625
1851 3.5918940246855042
1852 3.57483926086333
1853 3.5503026913803772
1854 3.555026917949795
1855 3.5544277870934438
1856 3.548168070988985
1857 3.547304512271963
1858 3.547441118385964
1859 3.5506832957257357
1860 3.5554971592060216
1861 3.5554971592060216
1862 3.5661564290371377
1863 3.5709866884088193
1864 3.5709866884088193
1865 3.5709866884088193
1866 3.5733864591190025
1867 3.5733864591190025
1868 3.5778154081821523
1869 3.5778154081821523
1870 3.5778154081821523
1871 3.581465473230021
1872 3.58086312795245
1873 3.5678756018475264
1874 3.564183712929002
1875 3.564183712929002
1876 3.553965645189516
1877 3.549604163854554
1878 3.547264447776164
1879 3.547264447776164
1880 3.5447101471395004
1881 3.5447101471395004
1882 3.542777147818669
1883 3.5421943214958973
1884 3.545671070808141
1885 3.545671070808141
1886 3.5539097738329066
1887 3.5580816497841408
1888 3.5567408644474625
1889 3.5490619534217243
1890 3.5560548203819176
1891 3.55652375369643
1892 3.592989755060979
1893 3.6156658439743934
1894 3.6205460015361517
1895 3.6296831097182807
1896 3.640361889618685
1897 3.640361889618685
1898 3.640361889618685
1899 3.640361889618685
1900 3.6449954373551834
1901 3.653360529996104
1902 3.653360529996104
1903 3.653360529996104
1904 3.656861624559697
1905 3.6553764077414996
1906 3.6553764077414996
1907 3.6553764077414996
1908 3.649743473608904
1909 3.652917293791215
1910 3.6501864820377374
1911 3.6328161856538124
1912 3.6259691041710145
1913 3.624172861352397
1914 3.624172861352397
1915 3.624172861352397
1916 3.621679075088192
1917 3.6112693843352406
1918 3.623155680925649
1919 3.624679903779727
1920 3.624679903779727
1921 3.624679903779727
1922 3.638385646117596
1923 3.669432225321314
1924 3.669432225321314
1925 3.669432225321314
1926 3.669432225321314
1927 3.669432225321314
1928 3.676611112325033
1929 3.680159244790994
1930 3.697117158778746
1931 3.7002602405891314
1932 3.6885816658761654
1933 3.6885816658761654
1934 3.6885816658761654
1935 3.6885816658761654
1936 3.6885816658761654
1937 3.6885816658761654
1938 3.6849106865073615
1939 3.680743009379456
1940 3.680743009379456
1941 3.6697205391840555
1942 3.6689101657030125
1943 3.6655246364958503
1944 3.6649951622421666
1945 3.6649951622421666
1946 3.6686781471248744
1947 3.6758227742279805
1948 3.6758227742279805
1949 3.6758227742279805
1950 3.6758227742279805
1951 3.6758227742279805
1952 3.680714021939938
1953 3.687470408859585
1954 3.6984280312734445
1955 3.699755468020502
1956 3.699755468020502
1957 3.699755468020502
1958 3.699755468020502
1959 3.721417113927554
1960 3.721417113927554
1961 3.721417113927554
1962 3.721417113927554
1963 3.721417113927554
1964 3.721417113927554
1965 3.721417113927554
1966 3.7232621407519595
1967 3.734297902183929
1968 3.7396976801347948
1969 3.7396976801347948
1970 3.7396976801347948
1971 3.731492310406982
1972 3.727348739981955
1973 3.727348739981955
1974 3.725689671263565
1975 3.6935243219145306
1976 3.6935243219145306
1977 3.690067321512708
1978 3.6892220121697403
1979 3.686079996160788
1980 3.6682536026311903
1981 3.668197742950475
1982 3.668197742950475
1983 3.668197742950475
1984 3.6646651554714866
1985 3.6553890259414556
1986 3.6468376556498607
1987 3.647308613402954
1988 3.660296562834799
1989 3.656731547741298
1990 3.637042726488635
1991 3.637042726488635
1992 3.6335126292050415
1993 3.632302298707624
1994 3.632302298707624
1995 3.6146507447380145
1996 3.5958750719119488
1997 3.591409621346949
1998 3.583761612375067
1999 3.583761612375067
2000 3.583761612375067
2001 3.5696298797386374
2002 3.5696298797386374
2003 3.5696298797386374
2004 3.5696298797386374
2005 3.5696298797386374
2006 3.5696298797386374
2007 3.566180597649283
2008 3.564787448321032
2009 3.564787448321032
2010 3.5457063996933216
2011 3.5457063996933216
2012 3.5457063996933216
2013 3.5457063996933216
2014 3.5457063996933216
2015 3.5457063996933216
2016 3.5466213899011936
2017 3.549346437526154
2018 3.549346437526154
2019 3.549346437526154
2020 3.5477581701965097
2021 3.5477581701965097
2022 3.5477581701965097
2023 3.552344075359132
2024 3.554864108555982
2025 3.554864108555982
2026 3.5537941480750384
2027 3.5537941480750384
2028 3.5537941480750384
2029 3.5537941480750384
2030 3.5543834235393836
2031 3.5656051001600635
2032 3.5685421968792923
2033 3.5685421968792923
2034 3.5685421968792923
2035 3.5685421968792923
2036 3.5685421968792923
2037 3.5685421968792923
2038 3.568820129092465
2039 3.5708948297961385
2040 3.5848896467316136
2041 3.589304411552035
2042 3.6019902632873673
2043 3.602224968358588
2044 3.603706338668342
2045 3.6076397839938954
2046 3.6076397839938954
2047 3.6076397839938954
2048 3.605719356667533
2049 3.605719356667533
2050 3.605101691127891
2051 3.5985223640485473
2052 3.5985223640485473
2053 3.5985223640485473
2054 3.5985223640485473
2055 3.5985223640485473
2056 3.5985223640485473
2057 3.5931983569646166
2058 3.5621941806104265
2059 3.5621941806104265
2060 3.5621941806104265
2061 3.5621941806104265
2062 3.5621941806104265
2063 3.556019233541357
2064 3.556019233541357
2065 3.5519702275010845
2066 3.5519702275010845
2067 3.5519702275010845
2068 3.5519702275010845
2069 3.5503111587826948
2070 3.5503111587826948
2071 3.5539619245928757
2072 3.552670064744828
2073 3.551824755401861
2074 3.5486827393929086
2075 3.5383432284305014
2076 3.5382873687497867
2077 3.5382873687497867
2078 3.5382873687497867
2079 3.5400774379758717
2080 3.5382129331373804
2081 3.5345977970089417
2082 3.5345977970089417
2083 3.5345977970089417
2084 3.5310327819154406
2085 3.5216869549736796
2086 3.5216869549736796
2087 3.5216869549736796
2088 3.5216869549736796
2089 3.5216869549736796
2090 3.5216869549736796
2091 3.5216869549736796
2092 3.5216869549736796
2093 3.5216869549736796
2094 3.5216869549736796
2095 3.5203419142097414
2096 3.5203419142097414
2097 3.520973028460971
2098 3.520973028460971
2099 3.520973028460971
2100 3.520973028460971
2101 3.520973028460971
2102 3.520973028460971
2103 3.518332786995589
2104 3.5158093337032845
2105 3.5158093337032845
2106 3.5158093337032845
2107 3.5158093337032845
2108 3.5158093337032845
2109 3.5158093337032845
2110 3.5186297960849497
2111 3.520730506988766
2112 3.520730506988766
2113 3.520730506988766
2114 3.520730506988766
2115 3.5201115032680064
2116 3.510637682603278
2117 3.510637682603278
2118 3.5093299202488897
2119 3.5019963183767904
2120 3.499931409882436
2121 3.4976999163401663
2122 3.4825065571307112
2123 3.457317600516239
2124 3.457317600516239
2125 3.457317600516239
2126 3.457317600516239
2127 3.457317600516239
2128 3.457317600516239
2129 3.453174067365382
2130 3.450884674076877
2131 3.446007603478022
2132 3.446007603478022
2133 3.446007603478022
2134 3.446007603478022
2135 3.446007603478022
2136 3.446007603478022
2137 3.446007603478022
2138 3.4595385718978804
2139 3.4595385718978804
2140 3.449482069366877
2141 3.446953602807645
2142 3.44305281444974
2143 3.4355673992351834
2144 3.4232392678186825
2145 3.4232392678186825
2146 3.4232392678186825
2147 3.4232392678186825
2148 3.4232392678186825
2149 3.4232392678186825
2150 3.4206849671820185
2151 3.415332832834723
2152 3.4127520784212395
2153 3.388407235875436
2154 3.3857414325423463
2155 3.405539417541795
2156 3.405539417541795
2157 3.405539417541795
2158 3.405539417541795
2159 3.4118172844429333
2160 3.4118172844429333
2161 3.4132686673292634
2162 3.413991211184822
2163 3.4140813825113177
2164 3.420326181396524
2165 3.428129936233505
2166 3.428129936233505
2167 3.428129936233505
2168 3.428129936233505
2169 3.428129936233505
2170 3.447540538098453
2171 3.449877686291278
2172 3.449877686291278
2173 3.449877686291278
2174 3.449877686291278
2175 3.449877686291278
2176 3.449877686291278
2177 3.4499607014007903
2178 3.4509547384957004
2179 3.4509547384957004
2180 3.4509547384957004
2181 3.4509547384957004
2182 3.4509547384957004
2183 3.4576963977274198
2184 3.4946093208152855
2185 3.5038459565796414
2186 3.5038459565796414
2187 3.5038459565796414
2188 3.5038459565796414
2189 3.5038459565796414
2190 3.5038459565796414
2191 3.438519153160038
2192 3.438519153160038
2193 3.321922209576183
2194 3.2421459853098433
2195 3.093543008328325
2196 3.086718333928136
2197 3.086718333928136
2198 3.086718333928136
2199 3.086718333928136
2200 3.071711173766965
2201 3.0701321488828683
2202 3.0574899978426453
2203 3.045317810484199
2204 3.045317810484199
2205 3.036414562756829
2206 3.036414562756829
2207 3.024138987109351
2208 2.9508486025552494
2209 2.9182795473896945
2210 2.894295477762804
2211 2.894295477762804
2212 2.894295477762804
2213 2.886763977589294
2214 2.886763977589294
2215 2.8630046920243024
2216 2.8564634000895057
2217 2.846880071549524
2218 2.8410470136810444
2219 2.838575823872909
2220 2.838575823872909
2221 2.838575823872909
2222 2.8489221279136223
2223 2.8489221279136223
2224 2.846726505018535
2225 2.835667631212189
2226 2.8083896280362373
2227 2.8083896280362373
2228 2.794149946745444
2229 2.7792906812165183
2230 2.776516727652755
2231 2.7685458080514493
2232 2.7671017607151867
2233 2.7792906812165183
2234 2.787098511996469
2235 2.787098511996469
2236 2.787098511996469
2237 2.787098511996469
2238 2.787098511996469
2239 2.787098511996469
2240 2.7874325133821545
2241 2.7874325133821545
2242 2.7874325133821545
2243 2.7874325133821545
2244 2.7912874650465804
2245 2.810135712305522
2246 2.8249233354340366
2247 2.826296426371043
2248 2.826296426371043
2249 2.826296426371043
2250 2.826296426371043
2251 2.826296426371043
2252 2.826296426371043
2253 2.826296426371043
2254 2.826296426371043
2255 2.817291035488385
2256 2.817291035488385
2257 2.817117965214945
2258 2.817117965214945
2259 2.819298699359937
2260 2.819298699359937
2261 2.8219766132586686
2262 2.823115567392634
2263 2.823115567392634
2264 2.823115567392634
2265 2.823115567392634
2266 2.824160865082734
2267 2.824160865082734
2268 2.824160865082734
2269 2.824160865082734
2270 2.824160865082734
2271 2.824160865082734
2272 2.824160865082734
2273 2.824160865082734
2274 2.824160865082734
2275 2.8254831197706816
2276 2.8254831197706816
2277 2.8254831197706816
2278 2.8254831197706816
2279 2.8254831197706816
2280 2.8254831197706816
2281 2.824786740490325
2282 2.816161891277427
2283 2.8115875201670324
2284 2.8105199028861696
2285 2.8093471094921996
2286 2.8116545451129005
2287 2.8116545451129005
2288 2.818623637494964
2289 2.8255708822271712
2290 2.8255708822271712
2291 2.8255708822271712
2292 2.8255708822271712
2293 2.8255708822271712
2294 2.8230107968386102
2295 2.7935393179961405
2296 2.7919602931120435
2297 2.7793181420718205
2298 2.7671459547133743
2299 2.7671459547133743
2300 2.758242706986004
2301 2.758242706986004
2302 2.758242706986004
2303 2.679438952253188
2304 2.639406656300213
2305 2.609851325475964
2306 2.609851325475964
2307 2.6082617757903406
2308 2.588754110662612
2309 2.5787034587392643
2310 2.5486742520750165
2311 2.5421329601402203
2312 2.5325496316002387
2313 2.5267165737317585
2314 2.511264025373173
2315 2.5090719029181865
2316 2.5090719029181865
2317 2.5090719029181865
2318 2.5090719029181865
2319 2.5062538376523116
2320 2.50401714115486
2321 2.5013876812301366
2322 2.5013876812301366
2323 2.487011413501956
2324 2.4843733006795428
2325 2.433665841588966
2326 2.41731128930418
2327 2.4152157196159787
2328 2.406343947488632
2329 2.3293664642896363
2330 2.3293664642896363
2331 2.328287481173244
2332 2.3267690383273525
2333 2.3267690383273525
2334 2.3256787618500994
2335 2.3256787618500994
2336 2.3237042013440394
2337 2.3210469575497745
2338 2.3376264278091865
2339 2.3376264278091865
2340 2.3376264278091865
2341 2.338665930346352
2342 2.3745517668460243
2343 2.3770553643071253
2344 2.4098592507722394
2345 2.4117961724699457
2346 2.4275515184942913
2347 2.4275515184942913
2348 2.4283267129138535
2349 2.4283267129138535
2350 2.4279927115281676
2351 2.431069673446817
2352 2.431069673446817
2353 2.4569506654094484
2354 2.4596929232520917
2355 2.4644206643235163
2356 2.554503199987061
2357 2.572258517424147
2358 2.586164396316267
2359 2.586164396316267
2360 2.586164396316267
2361 2.586164396316267
2362 2.586164396316267
2363 2.586164396316267
2364 2.586164396316267
2365 2.5892967787200005
2366 2.5892967787200005
2367 2.5892967787200005
2368 2.5902676537266
2369 2.69410656898386
2370 2.7747434902632255
2371 2.805707264836723
2372 2.810934493788653
2373 2.810934493788653
2374 2.810934493788653
2375 2.810934493788653
2376 2.810934493788653
2377 2.810934493788653
2378 2.8151526340889346
2379 2.8151526340889346
2380 2.8151526340889346
2381 2.826936153507548
2382 2.82953159666629
2383 2.830441239877267
2384 2.87597118007952
2385 2.8824456455091627
2386 2.8824456455091627
2387 2.8824456455091627
2388 2.899549731174031
2389 2.9134633409688893
2390 2.9134633409688893
2391 2.9134633409688893
2392 2.9134633409688893
2393 2.9134633409688893
2394 2.9134633409688893
2395 2.9134633409688893
2396 2.9134633409688893
2397 2.914322237519224
2398 2.914322237519224
2399 2.9197743557069424
2400 2.9206118774282626
2401 2.9214466027446413
2402 2.935789110659381
2403 2.935789110659381
2404 2.9311409023902275
2405 2.926209394583847
2406 2.9245437015709745
2407 2.9245437015709745
2408 2.9245437015709745
2409 2.9245437015709745
2410 2.9245437015709745
2411 2.9356010700337425
2412 2.93953444652396
2413 2.93953444652396
2414 2.9446525603002036
2415 2.9491276852499366
2416 2.9491276852499366
2417 2.9491276852499366
2418 2.9491276852499366
2419 2.942217835434737
2420 2.942217835434737
2421 2.942217835434737
2422 2.942217835434737
2423 2.942217835434737
2424 2.942217835434737
2425 2.942217835434737
2426 2.942217835434737
2427 2.936079661183267
2428 2.936079661183267
2429 2.936079661183267
2430 2.936079661183267
2431 2.936079661183267
2432 2.936079661183267
2433 2.9357458084739605
2434 2.9357458084739605
2435 2.9357458084739605
2436 2.9357458084739605
2437 2.925201488888778
2438 2.925201488888778
2439 2.94847493861593
2440 2.9494118589803
2441 2.942250407873189
2442 2.940238324577482
2443 2.9380669293081256
2444 2.9317758415611763
2445 2.9317758415611763
2446 2.934852803479826
2447 2.934852803479826
2448 2.960733795442457
2449 2.9634760532851008
2450 2.9682037943565254
2451 2.9787544851795595
2452 2.9959879906968743
2453 2.98985401124553
2454 2.985860833321956
2455 2.982795996338643
2456 2.9833460515660435
2457 2.9987929235074637
2458 2.9987929235074637
2459 2.999427280610068
2460 3.002559663013801
2461 3.002559663013801
2462 3.002559663013801
2463 3.0035305380204003
2464 3.0135964628122807
2465 3.0148961315395897
2466 3.0522400372092724
2467 3.070582531317365
2468 3.0811118519444602
2469 3.0982030888141976
2470 3.0983196117713288
2471 3.1044188786123583
2472 3.1044188786123583
2473 3.10863701891264
2474 3.10863701891264
2475 3.113589904904002
2476 3.125373424322615
2477 3.1308501050462656
2478 3.1342811465209404
2479 3.1810745241101905
2480 3.178038927403759
2481 3.1729704417696984
2482 3.1729704417696984
2483 3.166086684827524
2484 3.1571926211049406
2485 3.156254885571873
2486 3.153325349120403
2487 3.1456027273655685
2488 3.1430406237427264
2489 3.1375326901637455
2490 3.1375326901637455
2491 3.136924417357585
2492 3.1344764173814306
2493 3.1317970842337086
2494 3.1314860744486257
2495 3.125502165009291
2496 3.125502165009291
2497 3.125502165009291
2498 3.1126849870139965
2499 3.1126849870139965
2500 3.1126849870139965
2501 3.1114067567048838
2502 3.10968006015157
2503 3.1067799202172477
2504 3.1042826138922166
2505 3.1042826138922166
2506 3.1042826138922166
2507 3.1042826138922166
2508 3.1038457417845375
2509 3.1014292027581263
2510 3.0918435682847774
2511 3.083306480753966
2512 3.058887391083869
2513 3.0425822086703724
2514 3.0425822086703724
2515 3.0322552995775407
2516 3.0020311083713542
2517 2.9809206006543727
2518 2.976976203287164
2519 2.9763908600087543
2520 2.9747445699579913
2521 2.9747445699579913
2522 2.9728497243165912
2523 2.9708205892810957
2524 2.96816996204128
2525 2.967442159489415
2526 2.9780263798606117
2527 2.9780263798606117
2528 2.9854827710514726
2529 2.9854827710514726
2530 2.9854827710514726
2531 2.9854827710514726
2532 2.9990160231964547
2533 2.999755012797505
2534 2.999755012797505
2535 3.0006389265055815
2536 3.010867953440213
2537 3.0129806608656713
2538 3.028842967878445
2539 3.0335664552184354
2540 3.0335664552184354
2541 3.0335664552184354
2542 3.0335664552184354
2543 3.0338931814683807
2544 3.043920122660688
2545 3.043920122660688
2546 3.046182581540667
2547 3.048293412022567
2548 3.048293412022567
2549 3.053365107411347
2550 3.058335956873167
2551 3.059469174628164
2552 3.0720851258100295
2553 3.0720851258100295
2554 3.0720851258100295
2555 3.0639513664006865
2556 3.0639513664006865
2557 3.0639513664006865
2558 3.061844786402263
2559 3.0568815822119078
2560 3.0557056125430395
2561 3.0557056125430395
2562 3.0531204968763057
2563 3.043479525474655
2564 3.043479525474655
2565 3.0419591037596923
2566 3.0419591037596923
2567 3.0419591037596923
2568 3.034439739950373
2569 3.028303068200138
2570 3.027611823520121
2571 3.027611823520121
2572 3.027611823520121
2573 3.027611823520121
2574 3.027611823520121
2575 3.027611823520121
2576 3.027611823520121
2577 3.027611823520121
2578 3.030952058204173
2579 3.0273988012795434
2580 3.0305076892505873
2581 3.027703560376365
2582 3.01998093862153
2583 3.017418834998688
2584 3.011910901419707
2585 3.009825625196245
2586 3.0092173523900847
2587 3.0067693524139303
2588 3.004090019266208
2589 3.0028466074679185
2590 3.0000491285293283
2591 3.0000491285293283
2592 3.0000491285293283
2593 3.0000491285293283
2594 3.0000491285293283
2595 3.001174974815337
2596 2.9989181891792054
2597 2.9989181891792054
2598 2.9989181891792054
2599 2.9989181891792054
2600 2.998566489238435
2601 2.9977439268042376
2602 3.0141432474256913
2603 3.0249300802147547
2604 3.0249300802147547
2605 3.039126411165308
2606 3.039126411165308
2607 3.039126411165308
2608 3.0556003802099823
2609 3.0556003802099823
2610 3.0593412915372573
2611 3.059593053894889
2612 3.0612233581424553
2613 3.062221363459839
2614 3.062221363459839
2615 3.067030389672257
2616 3.0738966367213347
2617 3.0951608141676274
2618 3.098229986420131
2619 3.1016829261402465
2620 3.108879236343316
2621 3.1128247223703904
2622 3.1138804671826046
2623 3.1138804671826046
2624 3.0916386955432364
2625 3.0916386955432364
2626 3.0916386955432364
2627 3.1037862628473474
2628 3.104525252448397
2629 3.104525252448397
2630 3.098482214455651
2631 3.1087112413902824
2632 3.109134372661955
2633 3.112339285843686
2634 3.1168663095193416
2635 3.1157925784486213
2636 3.1136212264648346
2637 3.1112307700049993
2638 3.1050501107399198
2639 3.093389820757218
2640 3.090372956560329
2641 3.0926354154403084
2642 3.0887429013556686
2643 3.092471040619559
2644 3.091879009906263
2645 3.091879009906263
2646 3.091879009906263
2647 3.091879009906263
2648 3.0927481980916753
2649 3.097581861018539
2650 3.097581861018539
2651 3.10169674606544
2652 3.10169674606544
2653 3.10169674606544
2654 3.102741024943912
2655 3.102741024943912
2656 3.102741024943912
2657 3.102741024943912
2658 3.102741024943912
2659 3.1141420885509623
2660 3.116825894955392
2661 3.113201795952122
2662 3.113201795952122
2663 3.113201795952122
2664 3.113201795952122
2665 3.113201795952122
2666 3.113201795952122
2667 3.113201795952122
2668 3.113201795952122
2669 3.105153663434801
2670 3.105153663434801
2671 3.105153663434801
2672 3.105153663434801
2673 3.1027766408592394
2674 3.103031742922191
2675 3.0968693413727477
2676 3.0968693413727477
2677 3.0968693413727477
2678 3.0968693413727477
2679 3.0968693413727477
2680 3.0968693413727477
2681 3.0922087882036178
2682 3.0922087882036178
2683 3.0860503203356466
2684 3.0860503203356466
2685 3.0860503203356466
2686 3.0860503203356466
2687 3.0860503203356466
2688 3.0708941648815378
2689 3.070310461604466
2690 3.069373692358519
2691 3.069373692358519
2692 3.069373692358519
2693 3.071825264654284
2694 3.071825264654284
2695 3.071825264654284
2696 3.071825264654284
2697 3.071825264654284
2698 3.0732180259166473
2699 3.0732180259166473
2700 3.074603071010551
2701 3.0809262446756547
2702 3.0766040821935867
2703 3.0766040821935867
2704 3.0766040821935867
2705 3.0766040821935867
2706 3.0766040821935867
2707 3.0766040821935867
2708 3.0762553260337953
2709 3.072338744985418
2710 3.0592071000442815
2711 3.0579120980253616
2712 3.0579120980253616
2713 3.0579120980253616
2714 3.0579120980253616
2715 3.0549506798386084
2716 3.051712447948444
2717 3.0339166124748944
2718 3.0339166124748944
2719 3.0329433752360417
2720 3.0314763783615604
2721 3.0314763783615604
2722 3.0314763783615604
2723 3.0307396391250334
2724 3.029012090296156
2725 3.0288882359463356
2726 3.0333087833400727
2727 3.0363332576824495
2728 3.0310862714593942
2729 3.035654125397631
2730 3.035654125397631
2731 3.0334827734138443
2732 3.0325617307488137
2733 3.028846458920634
2734 3.029012715079687
2735 3.029012715079687
2736 3.029012715079687
2737 3.030710292769768
2738 3.0322671218797117
2739 3.033557114421989
2740 3.0341996231282486
2741 3.044014673279786
2742 3.044014673279786
2743 3.044014673279786
2744 3.044014673279786
2745 3.044014673279786
2746 3.049366784680867
2747 3.05469457642908
2748 3.054806709196154
2749 3.054806709196154
2750 3.038655658011233
2751 3.038655658011233
2752 3.038655658011233
2753 3.038655658011233
2754 3.038655658011233
2755 3.0321367291889967
2756 3.022090233174705
2757 3.022090233174705
2758 3.022090233174705
2759 3.022090233174705
2760 3.022090233174705
2761 2.977661137294719
2762 2.8452785242922047
2763 2.838344685885382
2764 2.8286776762958046
2765 2.8186171472261963
2766 2.8186171472261963
2767 2.8186171472261963
2768 2.8131224205465024
2769 2.8101417593072755
2770 2.8020150915130912
2771 2.8020150915130912
2772 2.8020150915130912
2773 2.8020150915130912
2774 2.8020150915130912
2775 2.7907965294628734
2776 2.7701212730907465
2777 2.7804998789301885
2778 2.7756094817393677
2779 2.7756094817393677
2780 2.7756094817393677
2781 2.7746806881014026
2782 2.7746806881014026
2783 2.7693566182131617
2784 2.7693566182131617
2785 2.7693566182131617
2786 2.7693566182131617
2787 2.7693566182131617
2788 2.77213271089672
2789 2.774257369577086
2790 2.778816766464531
2791 2.7878387451797684
2792 2.792499625344936
2793 2.798499913369822
2794 2.8122694363818237
2795 2.8142405372628607
2796 2.8142405372628607
2797 2.8142405372628607
2798 2.8142405372628607
2799 2.8142405372628607
2800 2.8163585036612737
2801 2.8166827579220346
2802 2.821496770595814
2803 2.821496770595814
2804 2.821496770595814
2805 2.8282391046015047
2806 2.8240268364654235
2807 2.8240268364654235
2808 2.8240268364654235
2809 2.8209088822183532
2810 2.8193305941480844
2811 2.8163041156450697
2812 2.8163041156450697
2813 2.826777582418285
2814 2.826777582418285
2815 2.8374858574168194
2816 2.843697357063452
2817 2.849633478331216
2818 2.849633478331216
2819 2.849633478331216
2820 2.849633478331216
2821 2.849633478331216
2822 2.849633478331216
2823 2.849633478331216
2824 2.849633478331216
2825 2.849633478331216
2826 2.8523431000110797
2827 2.856431241422708
2828 2.8712661013692857
2829 2.8712661013692857
2830 2.8712661013692857
2831 2.88401592797902
2832 2.888101188480169
2833 2.899856569911275
2834 2.901636911590263
2835 2.9121279613650213
2836 2.9131532533010747
2837 2.9211172871480757
2838 2.9211172871480757
2839 2.9211172871480757
2840 2.9211172871480757
2841 2.9211172871480757
2842 2.9211172871480757
2843 2.9211172871480757
2844 2.922749501868692
2845 2.9274501506929234
2846 2.927848980875888
2847 2.933626548929075
2848 2.9402491623040854
2849 2.950049348131022
2850 2.9554816606298897
2851 3.0366753315764585
2852 3.126996479213576
2853 3.126996479213576
2854 3.126996479213576
2855 3.126996479213576
2856 3.126996479213576
2857 3.1293062452181495
2858 3.134337560213567
2859 3.1383376455501772
2860 3.1383376455501772
2861 3.1383376455501772
2862 3.1383376455501772
2863 3.1383376455501772
2864 3.1383376455501772
2865 3.1462638780126153
2866 3.1745637412493757
2867 3.1572488211360463
2868 3.149972503799555
2869 3.149972503799555
2870 3.149972503799555
2871 3.1463404786588276
2872 3.1698126575230647
2873 3.1698126575230647
2874 3.1679766639591245
2875 3.1679766639591245
2876 3.1503389682833047
2877 3.1502476774296335
2878 3.1502476774296335
2879 3.1502476774296335
2880 3.138409253333766
2881 3.138409253333766
2882 3.138409253333766
2883 3.13665562930876
2884 3.136118247048301
2885 3.125851217529421
2886 3.125851217529421
2887 3.1293526753266505
2888 3.129064047239944
2889 3.1402397731106495
2890 3.141433268388089
2891 3.141433268388089
2892 3.141433268388089
2893 3.141433268388089
2894 3.141433268388089
2895 3.1435512347865013
2896 3.1438754890472627
2897 3.146614801017368
2898 3.150867902502299
2899 3.1535566786889464
2900 3.148259183179154
2901 3.1479669563779087
2902 3.1475295109469617
2903 3.1466507754201007
2904 3.1464317653316307
2905 3.1464317653316307
2906 3.1405653909385856
2907 3.1405653909385856
2908 3.1405653909385856
2909 3.139578807179907
2910 3.1376935035438733
2911 3.136595478221154
2912 3.132236040351616
2913 3.1314279588399705
2914 3.1271421395933614
2915 3.1271421395933614
2916 3.1271421395933614
2917 3.1271421395933614
2918 3.121205597372222
2919 3.120678059721314
2920 3.1247636314764744
2921 3.1349456620314795
2922 3.1409425931056916
2923 3.155877513089626
2924 3.155877513089626
2925 3.155877513089626
2926 3.1686273396993605
2927 3.1690767780226534
2928 3.173094597943484
2929 3.1748749396224722
2930 3.1748749396224722
2931 3.1748749396224722
2932 3.17736351282901
2933 3.1851006466869425
2934 3.1871600556878894
2935 3.1949183828461205
2936 3.1972846596634397
2937 3.1984676271703982
2938 3.1984676271703982
2939 3.1968577968745437
2940 3.199125593836219
2941 3.1931731674790305
2942 3.1926576233864883
2943 3.1926576233864883
2944 3.202457809213425
2945 3.1741977464992646
2946 3.1741977464992646
2947 3.1741977464992646
2948 3.1741977464992646
2949 3.1741977464992646
2950 3.1741977464992646
2951 3.1741977464992646
2952 3.1713292679478124
2953 3.1700326362759874
2954 3.161488273325591
2955 3.1560487281934115
2956 3.1560487281934115
2957 3.1538179931888632
2958 3.1372980661497634
2959 3.1361215933904103
2960 3.1238168252393956
2961 3.1235914985003923
2962 3.106276578387064
2963 3.099000261050572
2964 3.099000261050572
2965 3.0974172616411955
2966 3.093785236500468
2967 3.093558273252923
2968 3.093558273252923
2969 3.091722279688983
2970 3.091722279688983
2971 3.0818784883802754
2972 3.0817871975266047
2973 3.0904218800770886
2974 3.0904218800770886
2975 3.0904218800770886
2976 3.090762247726669
2977 3.090762247726669
2978 3.090762247726669
2979 3.0881002067858443
2980 3.077833177266964
2981 3.077833177266964
2982 3.0702299556948693
2983 3.069941327608163
2984 3.0650680203734515
2985 3.057501798737276
2986 3.057501798737276
2987 3.057501798737276
2988 3.057501798737276
2989 3.057501798737276
2990 3.057501798737276
2991 3.0568205994057296
2992 3.0540770876477357
2993 3.051883584774261
2994 3.0461362052180867
2995 3.0461362052180867
2996 3.0418974721631624
2997 3.0402041904117008
2998 3.0393254548848394
2999 3.0393254548848394
3000 3.039456860932543
3001 3.0380837699955365
3002 3.0380837699955365
3003 3.0380837699955365
3004 3.0380837699955365
3005 3.0380837699955365
3006 3.0380837699955365
3007 3.0103927143372933
3008 3.00424395043209
3009 3.00424395043209
3010 2.98972956720302
3011 2.98751241298483
3012 2.98751241298483
3013 2.98751241298483
3014 2.98751241298483
3015 2.98751241298483
3016 2.9851591630107954
3017 2.98025827724007
3018 2.979622952882902
3019 2.978858426293197
3020 2.978858426293197
3021 2.9775789966839517
3022 2.975518191609144
3023 2.97770723469651
3024 2.97770723469651
3025 2.97770723469651
3026 2.9790022016207205
3027 2.982705973067005
3028 2.982705973067005
3029 2.9888015062720603
3030 2.9934358083324666
3031 2.9938553888505357
3032 3.006105185590763
3033 3.0062399928196966
3034 3.0062399928196966
3035 3.0077048407606695
3036 3.0077048407606695
3037 3.008108826843732
3038 3.008108826843732
3039 3.008108826843732
3040 3.008108826843732
3041 3.008108826843732
3042 3.008108826843732
3043 3.0138286826223935
3044 3.0156630724039726
3045 3.0156630724039726
3046 3.0156630724039726
3047 3.011748019848939
3048 3.0104513881771138
3049 3.0019070252267173
3050 2.9953696495916375
3051 2.990929473676146
3052 2.982156371526474
3053 2.982156371526474
3054 2.9795159605940658
3055 2.96632623576677
3056 2.9661009090277672
3057 2.972230813321347
3058 2.9737093784985844
3059 2.9750570906573035
3060 2.973587495649962
3061 2.9814062709841487
3062 2.9895617005724757
3063 2.9895617005724757
3064 3.039849713737624
3065 3.0449779638212187
3066 3.051063231631346
3067 3.051063231631346
3068 3.051063231631346
3069 3.0547728916424313
3070 3.055953686280493
3071 3.0602361683646837
3072 3.0678393899367786
3073 3.0678393899367786
3074 3.0683381432194086
3075 3.0683381432194086
3076 3.0773900126187326
3077 3.081205060424338
3078 3.0839116060403455
3079 3.0962428726809708
3080 3.097243541128385
3081 3.096940938710968
3082 3.096940938710968
3083 3.096940938710968
3084 3.093280848936868
3085 3.0858402824353184
3086 3.0805696930937834
3087 3.0805696930937834
3088 3.0805696930937834
3089 3.0805696930937834
3090 3.0805696930937834
3091 3.0805696930937834
3092 3.0794090596257093
3093 3.075422108335176
3094 3.068957783888377
3095 3.066851621473564
3096 3.066851621473564
3097 3.066004163034936
3098 3.065153822079064
3099 3.063872862829096
3100 3.0542730795954625
3101 3.0542730795954625
3102 3.0542730795954625
3103 3.0585730753477622
3104 3.0783229455927645
3105 3.0783229455927645
3106 3.0783229455927645
3107 3.0783229455927645
3108 3.0783229455927645
3109 3.0804637769433447
3110 3.082821173005919
3111 3.0849239891418923
3112 3.106582098657227
3113 3.106582098657227
3114 3.1390695886613527
3115 3.1390695886613527
3116 3.1390695886613527
3117 3.1842584469815645
3118 3.1985572391387285
3119 3.203914977538307
3120 3.203914977538307
3121 3.2052099444625175
3122 3.2259414681150504
3123 3.2259414681150504
3124 3.248682906601001
3125 3.251073923420166
3126 3.2577959099019336
3127 3.276746296156249
3128 3.2966438906789453
3129 3.3093122282196137
3130 3.3125222421095266
3131 3.312616033144204
3132 3.3260823508186634
3133 3.3260823508186634
3134 3.3260823508186634
3135 3.330842720317131
3136 3.332409577813735
3137 3.332409577813735
3138 3.340336702143645
3139 3.340336702143645
3140 3.340336702143645
3141 3.3653134484539033
3142 3.3714906693208886
3143 3.38900218671567
3144 3.394030086129087
3145 3.4179227138755355
3146 3.434569608963054
3147 3.516644990543975
3148 3.516644990543975
3149 3.517205259707554
3150 3.517205259707554
3151 3.517205259707554
3152 3.5184016250469847
3153 3.523910189109756
3154 3.525152427690553
3155 3.525152427690553
3156 3.5398160799756395
3157 3.5438010940716502
3158 3.5495566417206414
3159 3.5511670659982575
3160 3.5646838713158266
3161 3.5658053931861513
3162 3.553066221062709
3163 3.553066221062709
3164 3.5579510371268297
3165 3.5591318317648915
3166 3.564071689983839
3167 3.5744820960318466
3168 3.614077725624014
3169 3.614576478906644
3170 3.6238998134902776
3171 3.68251986613416
3172 3.708010251644416
3173 3.7260516914882906
3174 3.759684445050189
3175 3.761378941307711
3176 3.762066012321055
3177 3.7659650887556246
3178 3.7699252056769463
3179 3.7699252056769463
3180 3.7699252056769463
3181 3.7699252056769463
3182 3.7699252056769463
3183 3.779879127090285
3184 3.795799475279173
3185 3.8345970712978765
3186 3.8550621190565053
3187 3.8550621190565053
3188 3.8550621190565053
3189 3.8550621190565053
3190 3.8550621190565053
3191 3.8550621190565053
3192 3.8550621190565053
3193 3.8550621190565053
3194 3.8550621190565053
3195 3.8593771684854303
3196 3.8602887902613334
3197 3.869226713002294
3198 3.869226713002294
3199 3.869226713002294
3200 3.86281430492478
3201 3.8467572651845554
3202 3.835335141953462
3203 3.832174847049467
3204 3.8343156784000474
3205 3.836673074462621
3206 3.8387758905985945
3207 3.840745773328201
3208 3.840745773328201
3209 3.840745773328201
3210 3.840745773328201
3211 3.836646322758762
3212 3.8350361683935965
3213 3.8422360966725755
3214 3.8475938350721544
3215 3.8475938350721544
3216 3.856085488972407
3217 3.858292697824537
3218 3.858292697824537
3219 3.858292697824537
3220 3.858292697824537
3221 3.8726550123603944
3222 3.8826832329604395
3223 3.886105186547505
3224 3.8987735240881736
3225 3.9019835379780865
3226 3.902562452062792
3227 3.9156247836541898
3228 3.9156247836541898
3229 3.9186356590670712
3230 3.9267257115256093
3231 3.936198978989475
3232 3.9383868711772108
3233 3.9510257410314633
3234 3.9605426908164407
3235 3.963307058995997
3236 3.9690544517895603
3237 3.9752316726565455
3238 3.9752316726565455
3239 3.9752316726565455
3240 3.98174727842767
3241 3.985541958095931
3242 3.985541958095931
3243 3.9885605533141115
3244 4.024166712756005
3245 4.034570297438364
3246 4.034570297438364
3247 4.058653351279739
3248 4.064161915342511
3249 4.065404153923307
3250 4.065404153923307
3251 4.080067806208394
3252 4.08787225159839
3253 4.094915712357494
3254 4.101328057225061
3255 4.114844862542629
3256 4.1171020125824445
3257 4.12163337410532
3258 4.12463546421707
3259 4.12463546421707
3260 4.12463546421707
3261 4.125292840351825
3262 4.127198426735664
3263 4.133098876903578
3264 4.146392665110289
3265 4.146392665110289
3266 4.146392665110289
3267 4.146392665110289
3268 4.146392665110289
3269 4.146644681260662
3270 4.148339177518184
3271 4.149026248531529
3272 4.152925324966098
3273 4.162438205683817
3274 4.169630223227928
3275 4.169630223227928
3276 4.169630223227928
3277 4.169630223227928
3278 4.207946672892311
3279 4.24138399234466
3280 4.271025798605741
3281 4.3314177085591075
3282 4.334795929447335
3283 4.334795929447335
3284 4.334795929447335
3285 4.334795929447335
3286 4.384957290261269
3287 4.435507395252944
3288 4.437711285548843
3289 4.437711285548843
3290 4.440053218380616
3291 4.480777472139021
3292 4.494232312786757
3293 4.502353676572879
3294 4.514693687428712
3295 4.524371200274535
3296 4.529543895011335
3297 4.53409595671698
3298 4.536260472402759
3299 4.54013651903675
3300 4.542853793716481
3301 4.5476871216841195
3302 4.5476871216841195
3303 4.5476871216841195
3304 4.5476871216841195
3305 4.5476871216841195
3306 4.542953606998586
3307 4.536126825718409
3308 4.525631927710847
3309 4.524787734519402
3310 4.524787734519402
3311 4.531975037634733
3312 4.539038863710577
3313 4.539038863710577
3314 4.543300258032896
3315 4.5056633686037575
3316 4.5056633686037575
3317 4.5056633686037575
3318 4.5056633686037575
3319 4.5056633686037575
3320 4.5056633686037575
3321 4.5056633686037575
3322 4.5056633686037575
3323 4.5056633686037575
3324 4.5056633686037575
3325 4.5056633686037575
3326 4.5056633686037575
3327 4.493623264809205
3328 4.499029294178259
3329 4.504533316710608
3330 4.507767830773906
3331 4.509480166235299
3332 4.509480166235299
3333 4.503230718506805
3334 4.501828423628911
3335 4.5054918598011255
3336 4.509720489088217
3337 4.509720489088217
3338 4.509720489088217
3339 4.509720489088217
3340 4.509720489088217
3341 4.509720489088217
3342 4.515064558745543
3343 4.515064558745543
3344 4.515064558745543
3345 4.515064558745543
3346 4.515064558745543
3347 4.518883990039528
3348 4.52017190314964
3349 4.524973823739591
3350 4.524973823739591
3351 4.515522209305461
3352 4.5200535708283365
3353 4.524799347171854
3354 4.524799347171854
3355 4.536284324697387
3356 4.536284324697387
3357 4.53716103792464
3358 4.524914263285115
3359 4.524914263285115
3360 4.524914263285115
3361 4.524914263285115
3362 4.524914263285115
3363 4.524914263285115
3364 4.524914263285115
3365 4.522489861925619
3366 4.510184989261718
3367 4.510184989261718
3368 4.501141544024318
3369 4.5027293418397925
3370 4.493021877450453
3371 4.493021877450453
3372 4.491656471262542
3373 4.489859613299982
3374 4.488956317949574
3375 4.488956317949574
3376 4.488956317949574
3377 4.488556765363327
3378 4.488556765363327
3379 4.488556765363327
3380 4.497974074636606
3381 4.503207473748581
3382 4.518231900034806
3383 4.524858463853965
3384 4.539525319572598
3385 4.549478014608467
3386 4.560064770845493
3387 4.5783073952876965
3388 4.580085858072416
3389 4.582628996050627
3390 4.585664241751533
3391 4.595992684516881
3392 4.595992684516881
3393 4.598625442503374
3394 4.601931723754994
3395 4.602603875582159
3396 4.602603875582159
3397 4.602603875582159
3398 4.602603875582159
3399 4.602603875582159
3400 4.602603875582159
3401 4.597870360896625
3402 4.588945401427665
3403 4.574270030656455
3404 4.574270030656455
3405 4.573262043801542
3406 4.573262043801542
3407 4.573262043801542
3408 4.573262043801542
3409 4.573262043801542
3410 4.5731889123106
3411 4.57906813467775
3412 4.580942402056702
3413 4.583832879337188
3414 4.588760628752961
3415 4.592692706719626
3416 4.592692706719626
3417 4.592692706719626
3418 4.592692706719626
3419 4.592692706719626
3420 4.595263423458523
3421 4.597332839922968
3422 4.587916552683007
3423 4.608333392569207
3424 4.618044082509265
3425 4.619086578062794
3426 4.62785564900482
3427 4.640270729669544
3428 4.640270729669544
3429 4.640270729669544
3430 4.640270729669544
3431 4.640270729669544
3432 4.640270729669544
3433 4.640270729669544
3434 4.640270729669544
3435 4.640270729669544
3436 4.642772675108694
3437 4.644109576690343
3438 4.644109576690343
3439 4.644109576690343
3440 4.644109576690343
3441 4.644109576690343
3442 4.643476878529126
3443 4.636314032725853
3444 4.636314032725853
3445 4.62809526457114
3446 4.624307875932381
3447 4.624307875932381
3448 4.624307875932381
3449 4.624307875932381
3450 4.624307875932381
3451 4.620310204387209
3452 4.619904360142236
3453 4.619904360142236
3454 4.619904360142236
3455 4.617256980570152
3456 4.611584272001887
3457 4.610930912462709
3458 4.608619228871765
3459 4.6096870725455545
3460 4.614247562039008
3461 4.614247562039008
3462 4.614247562039008
3463 4.614247562039008
3464 4.623705729278647
3465 4.650771918335494
3466 4.684774282892523
3467 4.695717870020589
3468 4.706299497955093
3469 4.707280139681564
3470 4.707280139681564
3471 4.707280139681564
3472 4.707280139681564
3473 4.707280139681564
3474 4.719443254373702
3475 4.719443254373702
3476 4.719443254373702
3477 4.723120137847824
3478 4.727542811371083
3479 4.736370312024268
3480 4.790048611349057
3481 4.754859801920597
3482 4.754859801920597
3483 4.754859801920597
3484 4.757402939898808
3485 4.768362722394151
3486 4.793303146221785
3487 4.793303146221785
3488 4.806998155785693
3489 4.810304437037313
3490 4.810358275736778
3491 4.810358275736778
3492 4.810358275736778
3493 4.810358275736778
3494 4.810358275736778
3495 4.810358275736778
3496 4.843741123892909
3497 4.854605752853255
3498 4.871461714001113
3499 4.8827585052183675
3500 4.883602480774059
3501 4.883602480774059
3502 4.920077791100619
3503 4.929789140839566
3504 4.9416186808967435
3505 4.976828878977193
3506 4.976828878977193
3507 4.982710516991675
3508 4.985270362131253
3509 5.005897159090505
3510 5.014909250394302
3511 5.014909250394302
3512 5.014909250394302
3513 5.0328945702665395
3514 5.054332335782366
3515 5.061220774361489
3516 5.065520862170744
3517 5.0789896891220465
3518 5.085071316993461
3519 5.088985842040345
3520 5.094038089216552
3521 5.094038089216552
3522 5.094038089216552
3523 5.094038089216552
3524 5.094038089216552
3525 5.094038089216552
3526 5.094038089216552
3527 5.094038089216552
3528 5.094038089216552
3529 5.093108587216299
3530 5.088979644386286
3531 5.076167180591905
3532 5.076167180591905
3533 5.076167180591905
3534 5.08083251905124
3535 5.083848010823988
3536 5.085059391173997
3537 5.085059391173997
3538 5.085059391173997
3539 5.085059391173997
3540 5.085059391173997
3541 5.089011399109159
3542 5.090490216856423
3543 5.090490216856423
3544 5.090490216856423
3545 5.092206936823849
3546 5.10082956334623
3547 5.1072730014379735
3548 5.1072730014379735
3549 5.1072730014379735
3550 5.108519886815733
3551 5.112786749133182
3552 5.112786749133182
3553 5.112786749133182
3554 5.1121748898890615
3555 5.107054872972255
3556 5.107054872972255
3557 5.107054872972255
3558 5.107054872972255
3559 5.107054872972255
3560 5.107054872972255
3561 5.107054872972255
3562 5.10275598168592
3563 5.099853449378605
3564 5.099853449378605
3565 5.099853449378605
3566 5.0918271177200225
3567 5.086673348105677
3568 5.084134203053335
3569 5.0956077933176855
3570 5.0956077933176855
3571 5.0956077933176855
3572 5.094629318487401
3573 5.093160962491114
3574 5.093160962491114
3575 5.093160962491114
3576 5.077468123143002
3577 5.077468123143002
3578 5.077468123143002
3579 5.077468123143002
3580 5.077468123143002
3581 5.077468123143002
3582 5.042327286152982
3583 5.042327286152982
3584 5.042327286152982
3585 4.992068581471932
3586 4.989412913943851
3587 4.9852638441616035
3588 4.9838325425420935
3589 4.981953843416472
3590 4.981953843416472
3591 5.006861303653682
3592 5.006861303653682
3593 5.006861303653682
3594 5.006378760216899
3595 5.006378760216899
3596 4.995594282582562
3597 4.976346309334699
3598 4.976346309334699
3599 4.976346309334699
3600 4.997811631986297
3601 4.997811631986297
3602 4.997811631986297
3603 4.997811631986297
3604 4.993676636570957
3605 4.993676636570957
3606 4.993676636570957
3607 4.999666904119631
3608 4.999666904119631
3609 5.003923740199685
3610 5.005397279771609
3611 5.006446352804461
3612 5.008164304278229
3613 5.008164304278229
3614 5.028984802548883
3615 5.028984802548883
3616 5.029592683846737
3617 5.03123016656267
3618 5.032150977916744
3619 5.031567010211828
3620 5.016543694520671
3621 5.016543694520671
3622 5.016543694520671
3623 5.016543694520671
3624 5.015614192520417
3625 5.011485249690404
3626 5.009333011768112
3627 5.009333011768112
3628 5.005502183588261
3629 4.980996613267395
3630 4.969863048114508
3631 4.964146844485569
3632 4.9583823644813565
3633 4.9583823644813565
3634 4.956028476090644
3635 4.956028476090644
3636 4.956028476090644
3637 4.956028476090644
3638 4.956339013705619
3639 4.958911935214756
3640 4.963376943629387
3641 4.963376943629387
3642 4.963376943629387
3643 4.963376943629387
3644 4.963376943629387
3645 4.976041808811691
3646 4.976315989460931
3647 4.988865142160145
3648 4.999393636031581
3649 5.011052891680816
3650 5.013350395436738
3651 5.013958287273665
3652 5.021425857102895
3653 5.021425857102895
3654 5.021425857102895
3655 5.021425857102895
3656 5.021425857102895
3657 5.021425857102895
3658 5.021425857102895
3659 5.021425857102895
3660 5.021425857102895
3661 5.013399525444312
3662 5.008245755829966
3663 4.996248982741689
3664 4.996248982741689
3665 4.996248982741689
3666 4.996248982741689
3667 4.995270507911405
3668 4.9938021519151174
3669 4.9938021519151174
3670 4.995705004173059
3671 4.9992823711649965
3672 5.000636233733211
3673 5.000636233733211
3674 5.008417858990116
3675 5.014232074531183
3676 5.015464663165737
3677 5.01717446123574
3678 5.023321944714768
e
0 0
1 0
2 0
3 0
4 0
5 0
6 0
7 0
8 0
9 0
10 0
11 0
12 0
13 0
14 0
15 0
16 0
17 0
18 0
19 0
20 0
21 0
22 0
23 0
24 0
25 0
26 0
27 0
28 0
29 0
30 0
31 0
32 0
33 0
34 0
35 0
36 0
37 0
38 0
39 0
40 0
41 0
42 0
43 0
44 0
45 0
46 0
47 0
48 0
49 0
50 0
51 0
52 0
53 0
54 0
55 0
56 0
57 0
58 0
59 0
60 0
61 0
62 0
63 0
64 0
65 0
66 0
67 0
68 0
69 0
70 0
71 0
72 0
73 0
74 0
75 0
76 0
77 0
78 0
79 0
80 0
81 0
82 0
83 0
84 0
85 0
86 0
87 0
88 0
89 0
90 0
91 0
92 0
93 0
94 0
95 0
96 0
97 0
98 0
99 0
100 0
101 0
102 0
103 0
104 1.1686448552296969
105 1.1686448552296969
106 1.1686448552296969
107 1.1686448552296969
108 1.1686448552296969
109 1.1686448552296969
110 1.1686448552296969
111 1.1686448552296969
112 1.1686448552296969
113 1.1686448552296969
114 1.1686448552296969
115 1.1686448552296969
116 1.1686448552296969
117 1.1686448552296969
118 1.1686448552296969
119 1.1686448552296969
120 1.1686448552296969
121 1.1686448552296969
122 1.1686448552296969
123 1.1686448552296969
124 1.1686448552296969
125 1.1686448552296969
126 1.1686448552296969
127 1.1686448552296969
128 1.1686448552296969
129 1.1686448552296969
130 1.1686448552296969
131 1.1686448552296969
132 1.1686448552296969
133 1.1686448552296969
134 1.1686448552296969
135 1.1686448552296969
136 1.1686448552296969
137 1.1686448552296969
138 1.1686448552296969
139 1.1686448552296969
140 1.1686448552296969
141 1.1686448552296969
142 1.1686448552296969
143 1.1686448552296969
144 1.1686448552296969
145 1.1686448552296969
146 1.1686448552296969
147 1.1686448552296969
148 1.1686448552296969
149 1.1686448552296969
150 1.1686448552296969
151 1.1686448552296969
152 1.1686448552296969
153 1.1686448552296969
154 1.1686448552296969
155 1.1686448552296969
156 1.1686448552296969
157 1.1686448552296969
158 1.1686448552296969
159 1.1686448552296969
160 1.1593935483994486
161 1.1324326564385065
162 1.1138865365284185
163 1.1138865365284185
164 1.0971014360677627
165 1.0971014360677627
166 1.0591651359241243
167 1.0427863538050381
168 1.028046201143784
169 1.028046201143784
170 1.028046201143784
171 1.028046201143784
172 1.028046201143784
173 1.028046201143784
174 1.028046201143784
175 1.028046201143784
176 1.028046201143784
177 1.028046201143784
178 1.028046201143784
179 1.028046201143784
180 1.028046201143784
181 1.028046201143784
182 1.028046201143784
183 1.026912004647748
184 1.026912004647748
185 0.9854876088554263
186 0.9816036569848603
187 0.9816036569848603
188 0.9816036569848603
189 0.9816036569848603
190 0.9816036569848603
191 0.9816036569848603
192 0.9816036569848603
193 0.9816036569848603
194 0.9816036569848603
195 0.9744180920183025
196 0.93403575098214
197 0.9022649775084712
198 0.901871193221313
199 0.8983131086871088
200 0.8983131086871088
201 0.8983131086871088
202 0.8983131086871088
203 0.8983131086871088
204 0.8983131086871088
205 0.8983131086871088
206 0.8983131086871088
207 0.8983131086871088
208 0.8983131086871088
209 0.8873242591592739
210 0.8873242591592739
211 0.8760600542270433
212 0.8760600542270433
213 0.832171988151921
214 0.832171988151921
215 0.825458801472462
216 0.825458801472462
217 0.8157460603327359
218 0.7794607139153182
219 0.7794607139153182
220 0.7794607139153182
221 0.7794607139153182
222 0.7577311774126163
223 0.7308155349266255
224 0.7308155349266255
225 0.7308155349266255
226 0.7267398833954356
227 0.7206880210627639
228 0.7206880210627639
229 0.7206880210627639
230 0.7206880210627639
231 0.7206880210627639
232 0.7049487780600546
233 0.7002504209999922
234 0.6911984002444034
235 0.6898752105869634
236 0.6848650985930042
237 0.6682586911670181
238 0.6682586911670181
239 0.6682586911670181
240 0.6682586911670181
241 0.656837454515913
242 0.6509668824885172
243 0.6182460159158194
244 0.6182460159158194
245 0.6182460159158194
246 0.6182460159158194
247 0.6182460159158194
248 0.6182460159158194
249 0.6182460159158194
250 0.6182460159158194
251 0.6182460159158194
252 0.6182460159158194
253 0.6182460159158194
254 0.6182460159158194
255 0.6182460159158194
256 0.6182460159158194
257 0.6182460159158194
258 0.6182460159158194
259 0.6182460159158194
260 0.6182460159158194
261 0.6182460159158194
262 0.6182460159158194
263 0.6182460159158194
264 0.6182460159158194
265 0.6182460159158194
266 0.6182460159158194
267 0.6182460159158194
268 0.6182460159158194
269 0.6182460159158194
270 0.6182460159158194
271 0.6182460159158194
272 0.5898320896264604
273 0.5784510935689122
274 0.5784510935689122
275 0.5784510935689122
276 0.5784510935689122
277 0.5784510935689122
278 0.5784510935689122
279 0.5784510935689122
280 0.5784510935689122
281 0.5784510935689122
282 0.5784510935689122
283 0.5809473543704726
284 0.5809473543704726
285 0.5809473543704726
286 0.5809473543704726
287 0.5809473543704726
288 0.5809473543704726
289 0.5809473543704726
290 0.5809473543704726
291 0.5809473543704726
292 0.5809473543704726
293 0.5809473543704726
294 0.5809473543704726
295 0.5809473543704726
296 0.5809473543704726
297 0.5809473543704726
298 0.5809473543704726
299 0.5809473543704726
300 0.5809473543704726
301 0.5809473543704726
302 0.5809473543704726
303 0.5809473543704726
304 0.5809473543704726
305 0.5809473543704726
306 0.5809473543704726
307 0.5809473543704726
308 0.5809473543704726
309 0.5809473543704726
310 0.5809473543704726
311 0.5809473543704726
312 0.5809473543704726
313 0.5809473543704726
314 0.5809473543704726
315 0.5809473543704726
316 0.5809473543704726
317 0.5809473543704726
318 0.5809473543704726
319 0.5809473543704726
320 0.5809473543704726
321 0.5809473543704726
322 0.5809473543704726
323 0.5809473543704726
324 0.5809473543704726
325 0.5809473543704726
326 0.5809473543704726
327 0.5809473543704726
328 0.5809473543704726
329 0.5809473543704726
330 0.5809473543704726
331 0.5809473543704726
332 0.5913235088055917
333 0.5913235088055917
334 0.5913235088055917
335 0.6234966062814759
336 0.6399566624540287
337 0.6399566624540287
338 0.6399566624540287
339 0.6399566624540287
340 0.6399566624540287
341 0.6399566624540287
342 0.6399566624540287
343 0.6399566624540287
344 0.6399566624540287
345 0.6399566624540287
346 0.6399566624540287
347 0.6399566624540287
348 0.6399566624540287
349 0.6399566624540287
350 0.6399566624540287
351 0.6399566624540287
352 0.6399566624540287
353 0.6399566624540287
354 0.6399566624540287
355 0.6399566624540287
356 0.6399566624540287
357 0.6399566624540287
358 0.6399566624540287
359 0.6399566624540287
360 0.6399566624540287
361 0.6399566624540287
362 0.6399566624540287
363 0.6399566624540287
364 0.6399566624540287
365 0.6399566624540287
366 0.618822489848442
367 0.5826330355311791
368 0.4749693190256016
369 0.4749693190256016
370 0.4749693190256016
371 0.4749693190256016
372 0.4749693190256016
373 0.4749693190256016
374 0.4749693190256016
375 0.4749693190256016
376 0.4749693190256016
377 0.4749693190256016
378 0.4709692976920635
379 0.4709692976920635
380 0.4709692976920635
381 0.4709692976920635
382 0.4709692976920635
383 0.4709692976920635
384 0.4709692976920635
385 0.4709692976920635
386 0.4709692976920635
387 0.4709692976920635
388 0.4685336560875353
389 0.4153576613309258
390 0.4153576613309258
391 0.4153576613309258
392 0.4153576613309258
393 0.4153576613309258
394 0.4153576613309258
395 0.4153576613309258
396 0.448378186295447
397 0.448378186295447
398 0.4525623111307053
399 0.4525623111307053
400 0.47482985734677424
401 0.47482985734677424
402 0.47482985734677424
403 0.47482985734677424
404 0.47482985734677424
405 0.47482985734677424
406 0.47482985734677424
407 0.5021077624528207
408 0.5021077624528207
409 0.6267156582648131
410 0.6823284758199253
411 0.6823284758199253
412 0.6823284758199253
413 0.6823284758199253
414 0.6823284758199253
415 0.6823284758199253
416 0.6823284758199253
417 0.6823284758199253
418 0.6823284758199253
419 0.6823284758199253
420 0.6823284758199253
421 0.6927455192713463
422 0.6927455192713463
423 0.6927455192713463
424 0.6927455192713463
425 0.6927455192713463
426 0.6927455192713463
427 0.6927455192713463
428 0.6927455192713463
429 0.6927455192713463
430 0.6927455192713463
431 0.6927455192713463
432 0.6927455192713463
433 0.6927455192713463
434 0.7063349357386293
435 0.7064227155369612
436 0.7287859603591104
437 0.7287859603591104
438 0.7287859603591104
439 0.7287859603591104
440 0.7287859603591104
441 0.7287859603591104
442 0.7287859603591104
443 0.7287859603591104
444 0.7287859603591104
445 0.7287859603591104
446 0.7287859603591104
447 0.7287859603591104
448 0.7287859603591104
449 0.7287859603591104
450 0.7287859603591104
451 0.7287859603591104
452 0.7287859603591104
453 0.7287859603591104
454 0.7287859603591104
455 0.7287859603591104
456 0.7287859603591104
457 0.7287859603591104
458 0.7287859603591104
459 0.7287859603591104
460 0.7287859603591104
461 0.7287859603591104
462 0.7287859603591104
463 0.8142842746446941
464 0.8259296336477421
465 0.8301483962387008
466 0.8301483962387008
467 0.8301483962387008
468 0.8301483962387008
469 0.8475749648106446
470 0.8898545977186403
471 0.9010188995444737
472 0.9010188995444737
473 0.9097407361588983
474 0.9225826569711639
475 0.9589199706535078
476 1.0146704783920422
477 1.018768595394932
478 1.018768595394932
479 1.041854835123286
480 1.0777320898452412
481 1.0777320898452412
482 1.079079223894916
483 1.150294751564231
484 1.1703723043305068
485 1.2098371911431405
486 1.2363504694548235
487 1.251836726611062
488 1.251836726611062
489 1.2631588369981013
490 1.2934106676933546
491 1.2934106676933546
492 1.3319233311333851
493 1.3548604024331654
494 1.3910835591079629
495 1.3910835591079629
496 1.3910835591079629
497 1.3910835591079629
498 1.413274889990086
499 1.4470200107912943
500 1.4647759226121142
501 1.4860709094946298
502 1.5222602367178897
503 1.540301461660641
504 1.6117910664034674
505 1.6117910664034674
506 1.6117910664034674
507 1.6117910664034674
508 1.6117910664034674
509 1.6117910664034674
510 1.6117910664034674
511 1.6117910664034674
512 1.6117910664034674
513 1.6117910664034674
514 1.6117910664034674
515 1.6117910664034674
516 1.6117910664034674
517 1.6117910664034674
518 1.6117910664034674
519 1.6117910664034674
520 1.6117910664034674
521 1.6556507752247778
522 1.700174761165497
523 1.700174761165497
524 1.700174761165497
525 1.700174761165497
526 1.700174761165497
527 1.700174761165497
528 1.700174761165497
529 1.700174761165497
530 1.784388770500347
531 1.826044775772636
532 1.8468180566261492
533 1.8468180566261492
534 1.8626514947900032
535 1.914864461154882
536 1.914864461154882
537 1.914864461154882
538 1.914864461154882
539 1.914864461154882
540 1.914864461154882
541 2.021817220456982
542 2.048420561609321
543 2.0563774927789042
544 2.0685602988600826
545 2.0685602988600826
546 2.0685602988600826
547 2.0685602988600826
548 2.0685602988600826
549 2.068807345208096
550 2.078861042956441
551 2.078861042956441
552 2.078861042956441
553 2.078861042956441
554 2.078861042956441
555 2.0912233248353793
556 2.091320556510987
557 2.091320556510987
558 2.091320556510987
559 2.091320556510987
560 2.105276734460329
561 2.1075003678976554
562 2.116165171904668
563 2.137040086669378
564 2.157260919244598
565 2.157260919244598
566 2.157260919244598
567 2.159992337266426
568 2.1676453333614827
569 2.1911784035804733
570 2.243323774196805
571 2.257966848362904
572 2.260676451730716
573 2.2680554630058793
574 2.2966758493924946
575 2.309335674465509
576 2.315192465950834
577 2.3210867212002073
578 2.3210867212002073
579 2.3210867212002073
580 2.3210867212002073
581 2.3210867212002073
582 2.3254535611845846
583 2.3254535611845846
584 2.355817020371707
585 2.383312128702846
586 2.4214388150623303
587 2.4420435481983076
588 2.4420435481983076
589 2.4420435481983076
590 2.4420435481983076
591 2.4420435481983076
592 2.4420435481983076
593 2.4595170075839734
594 2.4595170075839734
595 2.4595170075839734
596 2.4595170075839734
597 2.4595170075839734
598 2.4595170075839734
599 2.4595170075839734
600 2.4595170075839734
601 2.4595170075839734
602 2.4595170075839734
603 2.4595170075839734
604 2.4595170075839734
605 2.4595170075839734
606 2.4595170075839734
607 2.4595170075839734
608 2.4595170075839734
609 2.4595170075839734
610 2.464954072523075
611 2.4967856646191517
612 2.5089392207282355
613 2.515712981265378
614 2.5223961993977406
615 2.524251836628989
616 2.5549908405413575
617 2.5549908405413575
618 2.5549908405413575
619 2.5549908405413575
620 2.583261432327561
621 2.5862580099927124
622 2.5862580099927124
623 2.5862580099927124
624 2.610724343573216
625 2.7367080968916495
626 2.7367080968916495
627 2.7367080968916495
628 2.7367080968916495
629 2.7367080968916495
630 2.7367080968916495
631 2.7367080968916495
632 2.7367080968916495
633 2.7367080968916495
634 2.7367080968916495
635 2.760338225123985
636 2.7809320043272927
637 2.8033935280171463
638 2.817534815728834
639 2.8374964779850855
640 2.8374964779850855
641 2.8582139416967323
642 2.8582139416967323
643 2.8582139416967323
644 2.8582139416967323
645 2.866181564381943
646 2.875791407889529
647 2.895731157143
648 2.895731157143
649 2.9042839474892004
650 2.9042839474892004
651 2.91073436762983
652 2.921917115051979
653 2.921917115051979
654 2.921917115051979
655 2.921917115051979
656 2.933290965734588
657 2.9386223123836066
658 2.9386223123836066
659 2.9543967054296485
660 2.9543967054296485
661 2.9543967054296485
662 2.9543967054296485
663 2.9543967054296485
664 2.9543967054296485
665 2.9543967054296485
666 2.9543967054296485
667 2.9543967054296485
668 2.9543967054296485
669 2.9543967054296485
670 2.9543967054296485
671 2.9543967054296485
672 2.9543967054296485
673 2.9543967054296485
674 2.9543967054296485
675 2.9543967054296485
676 2.9543967054296485
677 3.0030766400106144
678 3.0030766400106144
679 3.0480515731859317
680 3.0480515731859317
681 3.0480515731859317
682 3.0480515731859317
683 3.0480515731859317
684 3.0480515731859317
685 3.0604333537124813
686 3.0735648046039614
687 3.108661824796666
688 3.120704348214897
689 3.120704348214897
690 3.120704348214897
691 3.120704348214897
692 3.1235710545866127
693 3.1429580406474242
694 3.1800481982453985
695 3.1972386329497455
696 3.1972386329497455
697 3.1972386329497455
698 3.1972386329497455
699 3.1972386329497455
700 3.1972386329497455
701 3.1972386329497455
702 3.1972386329497455
703 3.1972386329497455
704 3.1972386329497455
705 3.1972386329497455
706 3.1972386329497455
707 3.1972386329497455
708 3.1972386329497455
709 3.2375090559075628
710 3.270821604270605
711 3.307292950048815
712 3.3224454747514884
713 3.3498440879838522
714 3.3805098386098464
715 3.391106550001526
716 3.391106550001526
717 3.4007583678743343
718 3.4010973716608217
719 3.4010973716608217
720 3.4010973716608217
721 3.4010973716608217
722 3.4010973716608217
723 3.410590021616362
724 3.410590021616362
725 3.410590021616362
726 3.410590021616362
727 3.4185985851465865
728 3.4280388685483802
729 3.4393695154807147
730 3.464577644792964
731 3.464577644792964
732 3.48054801295375
733 3.48054801295375
734 3.48054801295375
735 3.48054801295375
736 3.48054801295375
737 3.48054801295375
738 3.48054801295375
739 3.48054801295375
740 3.48054801295375
741 3.48054801295375
742 3.48054801295375
743 3.48054801295375
744 3.48054801295375
745 3.48054801295375
746 3.48054801295375
747 3.48054801295375
748 3.48054801295375
749 3.48054801295375
750 3.5059945801128425
751 3.5059945801128425
752 3.5059945801128425
753 3.5059945801128425
754 3.5059945801128425
755 3.529547018816734
756 3.5581232029539946
757 3.5581232029539946
758 3.5581232029539946
759 3.5581232029539946
760 3.5581232029539946
761 3.5581232029539946
762 3.5581232029539946
763 3.5581232029539946
764 3.5581232029539946
765 3.5581232029539946
766 3.5581232029539946
767 3.5581232029539946
768 3.5581232029539946
769 3.5087756784864252
770 3.5087756784864252
771 3.5087756784864252
772 3.5087756784864252
773 3.5087756784864252
774 3.5087756784864252
775 3.5087756784864252
776 3.5087756784864252
777 3.5087756784864252
778 3.5087756784864252
779 3.5087756784864252
780 3.5087756784864252
781 3.5087756784864252
782 3.5087756784864252
783 3.5087756784864252
784 3.5087756784864252
785 3.5087756784864252
786 3.5087756784864252
787 3.5087756784864252
788 3.5087756784864252
789 3.5087756784864252
790 3.5087756784864252
791 3.5087756784864252
792 3.5087756784864252
793 3.5087756784864252
794 3.5087756784864252
795 3.5087756784864252
796 3.5087756784864252
797 3.5087756784864252
798 3.5087756784864252
799 3.5087756784864252
800 3.5087756784864252
801 3.5087756784864252
802 3.5087756784864252
803 3.5087756784864252
804 3.5087756784864252
805 3.5087756784864252
806 3.5087756784864252
807 3.5087756784864252
808 3.5087756784864252
809 3.5087756784864252
810 3.5087756784864252
811 3.5087756784864252
812 3.5087756784864252
813 3.5087756784864252
814 3.5087756784864252
815 3.5087756784864252
816 3.5087756784864252
817 3.5087756784864252
818 3.5087756784864252
819 3.5087756784864252
820 3.5087756784864252
821 3.5087756784864252
822 3.5087756784864252
823 3.5087756784864252
824 3.5087756784864252
825 3.5087756784864252
826 3.5087756784864252
827 3.5087756784864252
828 3.5087756784864252
829 3.5087756784864252
830 3.5087756784864252
831 3.5087756784864252
832 3.5087756784864252
833 3.5087756784864252
834 3.5087756784864252
835 3.5087756784864252
836 3.5087756784864252
837 3.5087756784864252
838 3.5087756784864252
839 3.5087756784864252
840 3.5087756784864252
841 3.5087756784864252
842 3.5087756784864252
843 3.5087756784864252
844 3.5087756784864252
845 3.5087756784864252
846 3.5087756784864252
847 3.5087756784864252
848 3.5087756784864252
849 3.5087756784864252
850 3.5087756784864252
851 3.502839586846071
852 3.4604349525495017
853 3.4604349525495017
854 3.4604349525495017
855 3.4604349525495017
856 3.413994424028666
857 3.386994169309212
858 3.369651390315267
859 3.369651390315267
860 3.369651390315267
861 3.369651390315267
862 3.369651390315267
863 3.369651390315267
864 3.3968818109789716
865 3.3968818109789716
866 3.3968818109789716
867 3.3968818109789716
868 3.3968818109789716
869 3.3968818109789716
870 3.3968818109789716
871 3.3968818109789716
872 3.3968818109789716
873 3.3968818109789716
874 3.3968818109789716
875 3.3968818109789716
876 3.3968818109789716
877 3.3968818109789716
878 3.3968818109789716
879 3.3968818109789716
880 3.3968818109789716
881 3.3968818109789716
882 3.3968818109789716
883 3.3968818109789716
884 3.3968818109789716
885 3.3968818109789716
886 3.3968818109789716
887 3.3968818109789716
888 3.3968818109789716
889 3.3968818109789716
890 3.3968818109789716
891 3.3968818109789716
892 3.3968818109789716
893 3.3968818109789716
894 3.3968818109789716
895 3.3968818109789716
896 3.3968818109789716
897 3.3968818109789716
898 3.3968818109789716
899 3.3968818109789716
900 3.3968818109789716
901 3.3968818109789716
902 3.3968818109789716
903 3.3955224988594748
904 3.394614233396276
905 3.394614233396276
906 3.394614233396276
907 3.394614233396276
908 3.394614233396276
909 3.3851270663652184
910 3.3842461109964836
911 3.3842461109964836
912 3.3683691420855775
913 3.3683691420855775
914 3.3683691420855775
915 3.3683691420855775
916 3.3683691420855775
917 3.3683691420855775
918 3.3683691420855775
919 3.3683691420855775
920 3.3683691420855775
921 3.3683691420855775
922 3.3683691420855775
923 3.3683691420855775
924 3.3683691420855775
925 3.3683691420855775
926 3.3683691420855775
927 3.3683691420855775
928 3.3625146410066398
929 3.3625146410066398
930 3.356247336280581
931 3.3406950682054783
932 3.335964134548306
933 3.3226265575034732
934 3.3226265575034732
935 3.3226265575034732
936 3.3226265575034732
937 3.3226265575034732
938 3.3226265575034732
939 3.3226265575034732
940 3.3226265575034732
941 3.3226265575034732
942 3.3226265575034732
943 3.3226265575034732
944 3.367895945328181
945 3.367895945328181
946 3.367895945328181
947 3.367895945328181
948 3.367895945328181
949 3.367895945328181
950 3.367895945328181
951 3.367895945328181
952 3.367895945328181
953 3.367895945328181
954 3.367895945328181
955 3.367895945328181
956 3.367895945328181
957 3.367895945328181
958 3.367895945328181
959 3.367895945328181
960 3.367895945328181
961 3.367895945328181
962 3.367895945328181
963 3.367895945328181
964 3.367895945328181
965 3.367895945328181
966 3.370082757252259
967 3.370082757252259
968 3.370082757252259
969 3.3972036967454056
970 3.3972036967454056
971 3.3984397913181
972 3.3984397913181
973 3.3984397913181
974 3.3984397913181
975 3.3984397913181
976 3.3984397913181
977 3.3984397913181
978 3.4006939616488125
979 3.4127755100863024
980 3.4127755100863024
981 3.427725631730854
982 3.4332143390013936
983 3.4367945530452264
984 3.4367945530452264
985 3.4367945530452264
986 3.438267375419276
987 3.447182362169598
988 3.4501301810655933
989 3.4501301810655933
990 3.4501301810655933
991 3.459570457962097
992 3.4772792113571525
993 3.5496339012388383
994 3.633441605940968
995 3.6657976645309764
996 3.6833363412451536
997 3.7075651280544486
998 3.7075651280544486
999 3.7075651280544486
1000 3.7325127304953645
1001 3.741917396474112
1002 3.741917396474112
1003 3.741917396474112
1004 3.741917396474112
1005 3.741917396474112
1006 3.741917396474112
1007 3.7511484278939804
1008 3.7511484278939804
1009 3.7511484278939804
1010 3.7511484278939804
1011 3.7511484278939804
1012 3.7511484278939804
1013 3.7511484278939804
1014 3.7511484278939804
1015 3.7511484278939804
1016 3.7511484278939804
1017 3.7511484278939804
1018 3.7625557667770657
1019 3.7667398916123243
1020 3.815947592340467
1021 3.817416138742468
1022 3.830674120919136
1023 3.8501751088755376
1024 3.8528171150405583
1025 3.880266377976813
1026 3.880266377976813
1027 3.9229810447572344
1028 3.930136894051694
1029 3.930136894051694
1030 3.930136894051694
1031 3.9508626562500453
1032 3.9589093774330966
1033 4.026335753607557
1034 4.041757891313142
1035 4.080123138105479
1036 4.080123138105479
1037 4.080123138105479
1038 4.087981338663488
1039 4.087981338663488
1040 4.087981338663488
1041 4.099414003688647
1042 4.1617523179925024
1043 4.192199426407469
1044 4.202610835572001
1045 4.215061000864386
1046 4.234730123096929
1047 4.24526505486307
1048 4.24526505486307
1049 4.24526505486307
1050 4.24526505486307
1051 4.270828693838841
1052 4.317766320567245
1053 4.3756804333811505
1054 4.3756804333811505
1055 4.389545849102344
1056 4.389545849102344
1057 4.3959503282486345
1058 4.461585084248562
1059 4.472405552082767
1060 4.473966493289499
1061 4.473966493289499
1062 4.473966493289499
1063 4.48425006080083
1064 4.48425006080083
1065 4.48425006080083
1066 4.48425006080083
1067 4.48425006080083
1068 4.48425006080083
1069 4.48425006080083
1070 4.48425006080083
1071 4.506182221184434
1072 4.506182221184434
1073 4.519945391827552
1074 4.519945391827552
1075 4.523454984194274
1076 4.523454984194274
1077 4.523454984194274
1078 4.523454984194274
1079 4.523454984194274
1080 4.526826438576477
1081 4.565054723295402
1082 4.565054723295402
1083 4.565054723295402
1084 4.568239261688864
1085 4.568553116651684
1086 4.572419413640121
1087 4.608289237246664
1088 4.665840934396522
1089 4.724897171136041
1090 4.724897171136041
1091 4.724897171136041
1092 4.724897171136041
1093 4.724897171136041
1094 4.774409582771707
1095 4.782693795945322
1096 4.782693795945322
1097 4.782693795945322
1098 4.782693795945322
1099 4.782693795945322
1100 4.782693795945322
1101 4.782693795945322
1102 4.782693795945322
1103 4.782693795945322
1104 4.782693795945322
1105 4.782693795945322
1106 4.782693795945322
1107 4.782693795945322
1108 4.782693795945322
1109 4.782693795945322
1110 4.782693795945322
1111 4.782693795945322
1112 4.782693795945322
1113 4.782693795945322
1114 4.783979435313563
1115 4.783979435313563
1116 4.785487732083277
1117 4.829777193507181
1118 4.878715017273099
1119 4.881021898352611
1120 4.9124234307888415
1121 4.919730450185639
1122 4.939207934053552
1123 4.939207934053552
1124 4.939207934053552
1125 4.95221555362417
1126 4.9688227356734735
1127 4.988521400268712
1128 5.005294875292122
1129 5.005294875292122
1130 5.005294875292122
1131 5.025779610565104
1132 5.034138152018889
1133 5.034138152018889
1134 5.050668955473855
1135 5.057183705619022
1136 5.0644342993952645
1137 5.0644342993952645
1138 5.0644342993952645
1139 5.0644342993952645
1140 5.0644342993952645
1141 5.0644342993952645
1142 5.0644342993952645
1143 5.0644342993952645
1144 5.0644342993952645
1145 5.0644342993952645
1146 5.0644342993952645
1147 5.0644342993952645
1148 5.0644342993952645
1149 5.0644342993952645
1150 5.0644342993952645
1151 5.0644342993952645
1152 5.0644342993952645
1153 5.059549403597362
1154 5.02862164862196
1155 5.019436487691971
1156 5.00945969091371
1157 5.00945969091371
1158 5.004317322710467
1159 5.004317322710467
1160 4.978111153759997
1161 4.978111153759997
1162 4.973273520998287
1163 4.967096634817422
1164 4.967096634817422
1165 4.967096634817422
1166 4.967096634817422
1167 4.967096634817422
1168 4.967096634817422
1169 4.994829872087437
1170 5.0099503807596575
1171 5.0112651194718625
1172 5.038300085122387
1173 5.050634493596062
1174 5.062346613690025
1175 5.062346613690025
1176 5.062346613690025
1177 5.062346613690025
1178 5.062346613690025
1179 5.062346613690025
1180 5.062346613690025
1181 5.062346613690025
1182 5.0711711175628045
1183 5.0711711175628045
1184 5.0711711175628045
1185 5.0711711175628045
1186 5.0711711175628045
1187 5.1077322499772855
1188 5.1077322499772855
1189 5.1077322499772855
1190 5.1077322499772855
1191 5.1077322499772855
1192 5.1077322499772855
1193 5.1077322499772855
1194 5.1077322499772855
1195 5.1077322499772855
1196 5.1077322499772855
1197 5.1077322499772855
1198 5.1077322499772855
1199 5.121054775880488
1200 5.121054775880488
1201 5.121054775880488
1202 5.121054775880488
1203 5.121054775880488
1204 5.149939669469743
1205 5.163713804789932
1206 5.192750635531776
1207 5.194770840300278
1208 5.205708894355004
1209 5.215107042066892
1210 5.223941258901055
1211 5.223941258901055
1212 5.223941258901055
1213 5.223941258901055
1214 5.242360269462317
1215 5.242360269462317
1216 5.242360269462317
1217 5.242360269462317
1218 5.242360269462317
1219 5.242360269462317
1220 5.242360269462317
1221 5.242360269462317
1222 5.242360269462317
1223 5.242360269462317
1224 5.242360269462317
1225 5.242360269462317
1226 5.242360269462317
1227 5.242360269462317
1228 5.242360269462317
1229 5.242360269462317
1230 5.242360269462317
1231 5.242360269462317
1232 5.242360269462317
1233 5.242360269462317
1234 5.242360269462317
1235 5.242360269462317
1236 5.242360269462317
1237 5.242360269462317
1238 5.242360269462317
1239 5.242360269462317
1240 5.242360269462317
1241 5.242360269462317
1242 5.266026398841392
1243 5.266026398841392
1244 5.266026398841392
1245 5.272875585273221
1246 5.274275142425285
1247 5.274275142425285
1248 5.274275142425285
1249 5.29556347151461
1250 5.29556347151461
1251 5.29556347151461
1252 5.29556347151461
1253 5.29556347151461
1254 5.29556347151461
1255 5.29556347151461
1256 5.29556347151461
1257 5.29556347151461
1258 5.29556347151461
1259 5.29556347151461
1260 5.29556347151461
1261 5.300277880404886
1262 5.304306651355694
1263 5.338486260153141
1264 5.368053816851342
1265 5.368053816851342
1266 5.368053816851342
1267 5.368053816851342
1268 5.368053816851342
1269 5.368053816851342
1270 5.368053816851342
1271 5.368053816851342
1272 5.368053816851342
1273 5.368053816851342
1274 5.368053816851342
1275 5.368053816851342
1276 5.368053816851342
1277 5.368053816851342
1278 5.368053816851342
1279 5.368053816851342
1280 5.368053816851342
1281 5.379203578889225
1282 5.379203578889225
1283 5.379203578889225
1284 5.379203578889225
1285 5.379203578889225
1286 5.379203578889225
1287 5.345097828285259
1288 5.345097828285259
1289 5.345097828285259
1290 5.345097828285259
1291 5.345097828285259
1292 5.345097828285259
1293 5.345097828285259
1294 5.345097828285259
1295 5.345097828285259
1296 5.345097828285259
1297 5.345097828285259
1298 5.345097828285259
1299 5.345097828285259
1300 5.345097828285259
1301 5.345097828285259
1302 5.345097828285259
1303 5.345097828285259
1304 5.345097828285259
1305 5.321874449162749
1306 5.321874449162749
1307 5.321874449162749
1308 5.321874449162749
1309 5.320410206439359
1310 5.314256103395312
1311 5.309269803727478
1312 5.290127596423343
1313 5.266028532262792
1314 5.265870591805031
1315 5.257226680053669
1316 5.255455626841469
1317 5.255455626841469
1318 5.255455626841469
1319 5.25242225050035
1320 5.25242225050035
1321 5.252138194168399
1322 5.252138194168399
1323 5.252138194168399
1324 5.252138194168399
1325 5.252138194168399
1326 5.252138194168399
1327 5.252138194168399
1328 5.252138194168399
1329 5.252138194168399
1330 5.252138194168399
1331 5.252138194168399
1332 5.252138194168399
1333 5.245518828063247
1334 5.245518828063247
1335 5.245518828063247
1336 5.245518828063247
1337 5.245518828063247
1338 5.245518828063247
1339 5.245518828063247
1340 5.245518828063247
1341 5.245518828063247
1342 5.245518828063247
1343 5.245518828063247
1344 5.245518828063247
1345 5.245518828063247
1346 5.245518828063247
1347 5.245518828063247
1348 5.245518828063247
1349 5.245518828063247
1350 5.245518828063247
1351 5.245518828063247
1352 5.245518828063247
1353 5.245518828063247
1354 5.245518828063247
1355 5.245518828063247
1356 5.245518828063247
1357 5.245518828063247
1358 5.245518828063247
1359 5.245518828063247
1360 5.245518828063247
1361 5.245518828063247
1362 5.245518828063247
1363 5.245518828063247
1364 5.245518828063247
1365 5.245518828063247
1366 5.245518828063247
1367 5.245518828063247
1368 5.245518828063247
1369 5.245518828063247
1370 5.245518828063247
1371 5.245518828063247
1372 5.245518828063247
1373 5.245518828063247
1374 5.245518828063247
1375 5.234868507317707
1376 5.234868507317707
1377 5.234868507317707
1378 5.1979312829095825
1379 5.184480461569288
1380 5.184480461569288
1381 5.133137577029549
1382 5.119964894353666
1383 5.119964894353666
1384 5.106069425477466
1385 5.106069425477466
1386 5.106069425477466
1387 5.094662086594381
1388 5.094662086594381
1389 5.094662086594381
1390 5.094662086594381
1391 5.094662086594381
1392 5.094662086594381
1393 5.094662086594381
1394 5.094662086594381
1395 5.094662086594381
1396 5.094662086594381
1397 5.094662086594381
1398 5.094662086594381
1399 5.094662086594381
1400 5.094662086594381
1401 5.094662086594381
1402 5.094662086594381
1403 5.094662086594381
1404 5.094662086594381
1405 5.094662086594381
1406 5.094662086594381
1407 5.094662086594381
1408 5.094662086594381
1409 5.094662086594381
1410 5.094662086594381
1411 5.094662086594381
1412 5.094662086594381
1413 5.094662086594381
1414 5.094662086594381
1415 5.05895539610664
1416 5.035746529726785
1417 4.993133007309339
1418 4.943745582405452
1419 4.898026819436735
1420 4.898026819436735
1421 4.898026819436735
1422 4.898026819436735
1423 4.897513618730223
1424 4.857068953239466
1425 4.857068953239466
1426 4.857068953239466
1427 4.857068953239466
1428 4.857068953239466
1429 4.857068953239466
1430 4.857068953239466
1431 4.857068953239466
1432 4.857068953239466
1433 4.857068953239466
1434 4.857068953239466
1435 4.857068953239466
1436 4.857068953239466
1437 4.857068953239466
1438 4.857068953239466
1439 4.857068953239466
1440 4.857068953239466
1441 4.857068953239466
1442 4.857068953239466
1443 4.857068953239466
1444 4.857068953239466
1445 4.843680046642532
1446 4.827441460077009
1447 4.809047428729477
1448 4.794371780284203
1449 4.791345254314246
1450 4.791345254314246
1451 4.791345254314246
1452 4.791345254314246
1453 4.791345254314246
1454 4.791345254314246
1455 4.791345254314246
1456 4.791345254314246
1457 4.791345254314246
1458 4.791345254314246
1459 4.789000322318161
1460 4.789000322318161
1461 4.78453136426727
1462 4.780847584498415
1463 4.775500551582907
1464 4.775500551582907
1465 4.775500551582907
1466 4.767940668246462
1467 4.767940668246462
1468 4.761892088993856
1469 4.726838296078764
1470 4.726838296078764
1471 4.726838296078764
1472 4.726838296078764
1473 4.726838296078764
1474 4.726838296078764
1475 4.726838296078764
1476 4.726838296078764
1477 4.726838296078764
1478 4.726838296078764
1479 4.726838296078764
1480 4.726838296078764
1481 4.726838296078764
1482 4.726838296078764
1483 4.726838296078764
1484 4.726838296078764
1485 4.726838296078764
1486 4.726838296078764
1487 4.726838296078764
1488 4.726838296078764
1489 4.726838296078764
1490 4.707982756032589
1491 4.707982756032589
1492 4.707982756032589
1493 4.707982756032589
1494 4.707982756032589
1495 4.707982756032589
1496 4.707982756032589
1497 4.707982756032589
1498 4.697979431452522
1499 4.681115462677522
1500 4.680490115180776
1501 4.680490115180776
1502 4.680490115180776
1503 4.680490115180776
1504 4.680490115180776
1505 4.680490115180776
1506 4.645387985844151
1507 4.645387985844151
1508 4.645387985844151
1509 4.608235048384189
1510 4.5828110494472885
1511 4.5827322472406635
1512 4.562795517322339
1513 4.562795517322339
1514 4.562795517322339
1515 4.562795517322339
1516 4.562795517322339
1517 4.562795517322339
1518 4.562795517322339
1519 4.562795517322339
1520 4.562795517322339
1521 4.562795517322339
1522 4.562795517322339
1523 4.562795517322339
1524 4.562795517322339
1525 4.562795517322339
1526 4.562795517322339
1527 4.562795517322339
1528 4.562795517322339
1529 4.562795517322339
1530 4.562795517322339
1531 4.562795517322339
1532 4.562795517322339
1533 4.562795517322339
1534 4.562795517322339
1535 4.562795517322339
1536 4.562795517322339
1537 4.562795517322339
1538 4.562795517322339
1539 4.562795517322339
1540 4.562795517322339
1541 4.562795517322339
1542 4.562795517322339
1543 4.562795517322339
1544 4.562795517322339
1545 4.562795517322339
1546 4.562795517322339
1547 4.562795517322339
1548 4.562795517322339
1549 4.562795517322339
1550 4.562795517322339
1551 4.562795517322339
1552 4.562795517322339
1553 4.562795517322339
1554 4.562795517322339
1555 4.562795517322339
1556 4.562795517322339
1557 4.556315588417174
1558 4.547218712048327
1559 4.542500693448095
1560 4.542500693448095
1561 4.542500693448095
1562 4.539717079560715
1563 4.5351874769506235
1564 4.5291711867335
1565 4.506011419493775
1566 4.502785304513182
1567 4.497953451263104
1568 4.494815708562729
1569 4.494815708562729
1570 4.494815708562729
1571 4.494815708562729
1572 4.494815708562729
1573 4.494815708562729
1574 4.494815708562729
1575 4.494815708562729
1576 4.494815708562729
1577 4.494815708562729
1578 4.494815708562729
1579 4.494815708562729
1580 4.494815708562729
1581 4.494815708562729
1582 4.494815708562729
1583 4.494815708562729
1584 4.494815708562729
1585 4.494815708562729
1586 4.494815708562729
1587 4.494815708562729
1588 4.494815708562729
1589 4.494815708562729
1590 4.494815708562729
1591 4.52000880048684
1592 4.528600685947509
1593 4.528600685947509
1594 4.528600685947509
1595 4.536572279636068
1596 4.536572279636068
1597 4.536572279636068
1598 4.5762677510848855
1599 4.5762677510848855
1600 4.592912403106048
1601 4.607946215367145
1602 4.607946215367145
1603 4.6311816525563145
1604 4.6411797963891335
1605 4.645138075428058
1606 4.659308134388768
1607 4.659308134388768
1608 4.659308134388768
1609 4.659308134388768
1610 4.659308134388768
1611 4.659308134388768
1612 4.659308134388768
1613 4.659308134388768
1614 4.659308134388768
1615 4.659308134388768
1616 4.659308134388768
1617 4.659308134388768
1618 4.659308134388768
1619 4.659308134388768
1620 4.659308134388768
1621 4.659308134388768
1622 4.659308134388768
1623 4.659308134388768
1624 4.659308134388768
1625 4.659308134388768
1626 4.659308134388768
1627 4.659308134388768
1628 4.659308134388768
1629 4.659308134388768
1630 4.659308134388768
1631 4.659308134388768
1632 4.659308134388768
1633 4.659308134388768
1634 4.659308134388768
1635 4.659308134388768
1636 4.659308134388768
1637 4.659308134388768
1638 4.659308134388768
1639 4.659308134388768
1640 4.659308134388768
1641 4.659308134388768
1642 4.659308134388768
1643 4.659308134388768
1644 4.659308134388768
1645 4.659308134388768
1646 4.659308134388768
1647 4.659308134388768
1648 4.664624267219974
1649 4.664815362196502
1650 4.666150985963419
1651 4.666150985963419
1652 4.671897812726097
1653 4.68368788492883
1654 4.687414913855626
1655 4.687597495562969
1656 4.701045298589234
1657 4.701045298589234
1658 4.701045298589234
1659 4.701045298589234
1660 4.703173212901577
1661 4.71465992879503
1662 4.71465992879503
1663 4.71465992879503
1664 4.71465992879503
1665 4.71465992879503
1666 4.71465992879503
1667 4.718735960323725
1668 4.718735960323725
1669 4.7218707668305235
1670 4.7285868224304775
1671 4.7285868224304775
1672 4.7285868224304775
1673 4.737697173348481
1674 4.74718491713098
1675 4.756548987705978
1676 4.756548987705978
1677 4.756548987705978
1678 4.745995212914044
1679 4.745995212914044
1680 4.7411532187063745
1681 4.686012901355175
1682 4.686012901355175
1683 4.686012901355175
1684 4.686012901355175
1685 4.686012901355175
1686 4.686012901355175
1687 4.686012901355175
1688 4.686012901355175
1689 4.686012901355175
1690 4.686012901355175
1691 4.686012901355175
1692 4.686012901355175
1693 4.686012901355175
1694 4.682398353971493
1695 4.682398353971493
1696 4.674090661300756
1697 4.674090661300756
1698 4.668685203248648
1699 4.668685203248648
1700 4.648108291203991
1701 4.639675795647406
1702 4.624703416424289
1703 4.616269768522502
1704 4.5833213838418825
1705 4.506892713700937
1706 4.506892713700937
1707 4.506892713700937
1708 4.50321973751305
1709 4.370980511436474
1710 4.306238776352725
1711 4.253019992499123
1712 4.214162999460158
1713 4.214162999460158
1714 4.214162999460158
1715 4.2139178813900475
1716 4.198185873483686
1717 4.187616997923668
1718 4.187616997923668
1719 4.187616997923668
1720 4.187616997923668
1721 4.187616997923668
1722 4.18437626584233
1723 4.169058166445417
1724 4.164748568926857
1725 4.164748568926857
1726 4.164748568926857
1727 4.164748568926857
1728 4.164748568926857
1729 4.164748568926857
1730 4.164748568926857
1731 4.164748568926857
1732 4.164748568926857
1733 4.164748568926857
1734 4.164748568926857
1735 4.164748568926857
1736 4.164748568926857
1737 4.164748568926857
1738 4.164748568926857
1739 4.164748568926857
1740 4.164748568926857
1741 4.164748568926857
1742 4.164748568926857
1743 4.164748568926857
1744 4.164748568926857
1745 4.164748568926857
1746 4.164748568926857
1747 4.164748568926857
1748 4.162489188670194
1749 4.160674304644905
1750 4.160674304644905
1751 4.150340986240625
1752 4.130461415669493
1753 4.127312943168699
1754 4.127312943168699
1755 4.127312943168699
1756 4.127312943168699
1757 4.12443783169412
1758 4.12443783169412
1759 4.122822479562201
1760 4.122822479562201
1761 4.122822479562201
1762 4.122822479562201
1763 4.121054304831489
1764 4.116953693932089
1765 4.116953693932089
1766 4.116953693932089
1767 4.115761679858027
1768 4.115761679858027
1769 4.115463231779129
1770 4.111266145078098
1771 4.103172898069873
1772 4.075328535610688
1773 4.0659678878065835
1774 4.0659678878065835
1775 4.0659678878065835
1776 4.0659678878065835
1777 4.0659678878065835
1778 4.0659678878065835
1779 4.0659678878065835
1780 4.0659678878065835
1781 4.0659678878065835
1782 4.0659678878065835
1783 4.0659678878065835
1784 4.0659678878065835
1785 4.0659678878065835
1786 4.0659678878065835
1787 4.062385531316889
1788 4.0519139443942676
1789 4.0086290746991375
1790 4.001036094519595
1791 3.9939326762258105
1792 3.956190707134648
1793 3.956190707134648
1794 3.9202374768366663
1795 3.905279494238032
1796 3.8400544703763155
1797 3.8032733752600505
1798 3.790416835914181
1799 3.7785838948993593
1800 3.7785838948993593
1801 3.7785838948993593
1802 3.7490224045511695
1803 3.7393274111838517
1804 3.6745199691142423
1805 3.667737649597173
1806 3.667737649597173
1807 3.667737649597173
1808 3.667737649597173
1809 3.667737649597173
1810 3.667737649597173
1811 3.667737649597173
1812 3.667737649597173
1813 3.667737649597173
1814 3.667737649597173
1815 3.667737649597173
1816 3.658463155830594
1817 3.658463155830594
1818 3.658463155830594
1819 3.658463155830594
1820 3.658463155830594
1821 3.6552754134916983
1822 3.634990444714675
1823 3.6270976925997305
1824 3.6270976925997305
1825 3.6270976925997305
1826 3.6270976925997305
1827 3.6270976925997305
1828 3.6270976925997305
1829 3.6270976925997305
1830 3.6270976925997305
1831 3.6270976925997305
1832 3.6270976925997305
1833 3.6270976925997305
1834 3.6270976925997305
1835 3.6270976925997305
1836 3.6248982755634884
1837 3.5907887479191403
1838 3.5907887479191403
1839 3.5907887479191403
1840 3.5878301594050956
1841 3.575310727196178
1842 3.5735836097621343
1843 3.565995277074469
1844 3.565995277074469
1845 3.565995277074469
1846 3.565995277074469
1847 3.565995277074469
1848 3.565995277074469
1849 3.565995277074469
1850 3.565995277074469
1851 3.565995277074469
1852 3.565995277074469
1853 3.565995277074469
1854 3.565995277074469
1855 3.565995277074469
1856 3.564442962881321
1857 3.550464122842039
1858 3.5429467991129435
1859 3.5370695002703094
1860 3.5370695002703094
1861 3.5282333966658017
1862 3.5282333966658017
1863 3.5282333966658017
1864 3.5282333966658017
1865 3.5282333966658017
1866 3.5282333966658017
1867 3.5282333966658017
1868 3.5282333966658017
1869 3.5282333966658017
1870 3.5282333966658017
1871 3.5282333966658017
1872 3.5282333966658017
1873 3.525551825992445
1874 3.5101940039409687
1875 3.5060176455531047
1876 3.5060176455531047
1877 3.5060176455531047
1878 3.5060176455531047
1879 3.5060176455531047
1880 3.5060176455531047
1881 3.5060176455531047
1882 3.5060176455531047
1883 3.5060176455531047
1884 3.5060176455531047
1885 3.5060176455531047
1886 3.5060176455531047
1887 3.5060176455531047
1888 3.5060176455531047
1889 3.5060176455531047
1890 3.5060176455531047
1891 3.5060176455531047
1892 3.540669384916403
1893 3.5503575243979726
1894 3.572903337066134
1895 3.572903337066134
1896 3.572903337066134
1897 3.5795775184778473
1898 3.5795775184778473
1899 3.5795775184778473
1900 3.5795775184778473
1901 3.5795775184778473
1902 3.5795775184778473
1903 3.5795775184778473
1904 3.5795775184778473
1905 3.5795775184778473
1906 3.5795775184778473
1907 3.606989003153585
1908 3.644590607147486
1909 3.644590607147486
1910 3.644590607147486
1911 3.644590607147486
1912 3.644590607147486
1913 3.644590607147486
1914 3.644590607147486
1915 3.644590607147486
1916 3.644590607147486
1917 3.644590607147486
1918 3.644590607147486
1919 3.644590607147486
1920 3.644590607147486
1921 3.644590607147486
1922 3.644590607147486
1923 3.644590607147486
1924 3.644590607147486
1925 3.644590607147486
1926 3.644590607147486
1927 3.644590607147486
1928 3.644590607147486
1929 3.644590607147486
1930 3.644590607147486
1931 3.644590607147486
1932 3.644590607147486
1933 3.644590607147486
1934 3.644590607147486
1935 3.644590607147486
1936 3.644590607147486
1937 3.644590607147486
1938 3.6524521520631525
1939 3.6589365067426955
1940 3.6589365067426955
1941 3.6589365067426955
1942 3.6589365067426955
1943 3.6589365067426955
1944 3.6589365067426955
1945 3.6589365067426955
1946 3.6589365067426955
1947 3.6589365067426955
1948 3.6589365067426955
1949 3.6589365067426955
1950 3.6589365067426955
1951 3.6589365067426955
1952 3.6589365067426955
1953 3.6589365067426955
1954 3.6589365067426955
1955 3.6589365067426955
1956 3.6589365067426955
1957 3.6589365067426955
1958 3.6589365067426955
1959 3.6695907640457612
1960 3.6695907640457612
1961 3.6695907640457612
1962 3.6695907640457612
1963 3.6695907640457612
1964 3.6695907640457612
1965 3.6695907640457612
1966 3.6695907640457612
1967 3.6695907640457612
1968 3.6695907640457612
1969 3.6695907640457612
1970 3.6695907640457612
1971 3.6695907640457612
1972 3.6705326795519477
1973 3.6965085784156377
1974 3.6965085784156377
1975 3.712480632439407
1976 3.712480632439407
1977 3.712480632439407
1978 3.712480632439407
1979 3.712480632439407
1980 3.7058022520856975
1981 3.7058022520856975
1982 3.7058022520856975
1983 3.7058022520856975
1984 3.6987370771277197
1985 3.6987370771277197
1986 3.6987370771277197
1987 3.6987370771277197
1988 3.6987370771277197
1989 3.6987370771277197
1990 3.6987370771277197
1991 3.6987370771277197
1992 3.6987370771277197
1993 3.6987370771277197
1994 3.6987370771277197
1995 3.68108552315811
1996 3.6623098503320444
1997 3.6587898357938666
1998 3.654273676058448
1999 3.654273676058448
2000 3.654273676058448
2001 3.6401419434220186
2002 3.6401419434220186
2003 3.6401419434220186
2004 3.6401419434220186
2005 3.6401419434220186
2006 3.6401419434220186
2007 3.6401419434220186
2008 3.6401419434220186
2009 3.6401419434220186
2010 3.6401419434220186
2011 3.6401419434220186
2012 3.6401419434220186
2013 3.6401419434220186
2014 3.6401419434220186
2015 3.6401419434220186
2016 3.6401419434220186
2017 3.6401419434220186
2018 3.6401419434220186
2019 3.6401419434220186
2020 3.6401419434220186
2021 3.6401419434220186
2022 3.6401419434220186
2023 3.6401419434220186
2024 3.6401419434220186
2025 3.6401419434220186
2026 3.6401419434220186
2027 3.6401419434220186
2028 3.6401419434220186
2029 3.6401419434220186
2030 3.6401419434220186
2031 3.6401419434220186
2032 3.6401419434220186
2033 3.6401419434220186
2034 3.6401419434220186
2035 3.6401419434220186
2036 3.6401419434220186
2037 3.6401419434220186
2038 3.6401419434220186
2039 3.6401419434220186
2040 3.6401419434220186
2041 3.6401419434220186
2042 3.6401419434220186
2043 3.6401419434220186
2044 3.6401419434220186
2045 3.6401419434220186
2046 3.6401419434220186
2047 3.6401419434220186
2048 3.6401419434220186
2049 3.6401419434220186
2050 3.6401419434220186
2051 3.6401419434220186
2052 3.6401419434220186
2053 3.6401419434220186
2054 3.636823805985239
2055 3.636823805985239
2056 3.636823805985239
2057 3.629909805181593
2058 3.6282191864956586
2059 3.621935154477754
2060 3.60125613255294
2061 3.60114441319151
2062 3.60114441319151
2063 3.60114441319151
2064 3.60114441319151
2065 3.5825921541314485
2066 3.565489413548259
2067 3.565489413548259
2068 3.565489413548259
2069 3.5583593833612563
2070 3.53250770259036
2071 3.53250770259036
2072 3.53250770259036
2073 3.53250770259036
2074 3.53250770259036
2075 3.53250770259036
2076 3.53250770259036
2077 3.53250770259036
2078 3.53250770259036
2079 3.53250770259036
2080 3.53250770259036
2081 3.53250770259036
2082 3.53250770259036
2083 3.53250770259036
2084 3.53250770259036
2085 3.53250770259036
2086 3.53250770259036
2087 3.53250770259036
2088 3.53250770259036
2089 3.53250770259036
2090 3.53250770259036
2091 3.53250770259036
2092 3.53250770259036
2093 3.53250770259036
2094 3.53250770259036
2095 3.53250770259036
2096 3.5326743414854205
2097 3.5326743414854205
2098 3.5326743414854205
2099 3.5326743414854205
2100 3.5326743414854205
2101 3.5326743414854205
2102 3.5326743414854205
2103 3.5326743414854205
2104 3.5326743414854205
2105 3.5326743414854205
2106 3.5326743414854205
2107 3.5326743414854205
2108 3.5326743414854205
2109 3.5326743414854205
2110 3.5326743414854205
2111 3.5326743414854205
2112 3.5326743414854205
2113 3.5326743414854205
2114 3.5326743414854205
2115 3.5326743414854205
2116 3.5326743414854205
2117 3.5326743414854205
2118 3.5326743414854205
2119 3.5326743414854205
2120 3.5326743414854205
2121 3.5326743414854205
2122 3.520873389120683
2123 3.495684432506211
2124 3.495684432506211
2125 3.495684432506211
2126 3.495684432506211
2127 3.495684432506211
2128 3.495684432506211
2129 3.495684432506211
2130 3.495684432506211
2131 3.495684432506211
2132 3.495684432506211
2133 3.495684432506211
2134 3.495684432506211
2135 3.495684432506211
2136 3.495684432506211
2137 3.4952997677866358
2138 3.4472725538088342
2139 3.4472725538088342
2140 3.4472725538088342
2141 3.4472725538088342
2142 3.4472725538088342
2143 3.440771920530148
2144 3.4284437891136466
2145 3.4284437891136466
2146 3.4284437891136466
2147 3.4284437891136466
2148 3.4284437891136466
2149 3.4284437891136466
2150 3.4284437891136466
2151 3.4284437891136466
2152 3.4284437891136466
2153 3.4284437891136466
2154 3.4284437891136466
2155 3.4284437891136466
2156 3.4284437891136466
2157 3.4284437891136466
2158 3.4284437891136466
2159 3.4284437891136466
2160 3.4284437891136466
2161 3.4284437891136466
2162 3.4284437891136466
2163 3.4284437891136466
2164 3.4284437891136466
2165 3.4284437891136466
2166 3.4284437891136466
2167 3.4284437891136466
2168 3.4284437891136466
2169 3.4284437891136466
2170 3.4284437891136466
2171 3.4284437891136466
2172 3.4284437891136466
2173 3.4284437891136466
2174 3.4284437891136466
2175 3.4257537075857707
2176 3.4257537075857707
2177 3.4257537075857707
2178 3.4257537075857707
2179 3.4257537075857707
2180 3.4257537075857707
2181 3.4257537075857707
2182 3.4257537075857707
2183 3.4273128867372673
2184 3.464791261013323
2185 3.4740278967776783
2186 3.4740278967776783
2187 3.4740278967776783
2188 3.4740278967776783
2189 3.4740278967776783
2190 3.4740278967776783
2191 3.438519153160038
2192 3.438519153160038
2193 3.321922209576183
2194 3.2421459853098433
2195 3.093543008328325
2196 3.086718333928136
2197 3.086718333928136
2198 3.086718333928136
2199 3.086718333928136
2200 3.086718333928136
2201 3.086718333928136
2202 3.086718333928136
2203 3.086718333928136
2204 3.086718333928136
2205 3.086718333928136
2206 3.086718333928136
2207 3.074442758280658
2208 3.074442758280658
2209 3.074442758280658
2210 3.074442758280658
2211 3.074442758280658
2212 3.074442758280658
2213 3.074442758280658
2214 3.074442758280658
2215 3.074442758280658
2216 3.074442758280658
2217 3.074442758280658
2218 3.074442758280658
2219 3.074442758280658
2220 3.074442758280658
2221 3.074442758280658
2222 3.074442758280658
2223 3.074442758280658
2224 3.074442758280658
2225 3.071534565619938
2226 3.0519908712659145
2227 3.0519908712659145
2228 3.04015340475178
2229 3.025294139222855
2230 3.025294139222855
2231 3.025294139222855
2232 3.025294139222855
2233 3.025294139222855
2234 3.025294139222855
2235 3.025294139222855
2236 3.025294139222855
2237 3.025294139222855
2238 3.025294139222855
2239 3.025294139222855
2240 3.025294139222855
2241 3.025294139222855
2242 3.025294139222855
2243 3.025294139222855
2244 3.025294139222855
2245 3.025294139222855
2246 3.025294139222855
2247 3.025294139222855
2248 3.025294139222855
2249 3.025294139222855
2250 3.025294139222855
2251 3.025294139222855
2252 3.025294139222855
2253 3.025294139222855
2254 3.025294139222855
2255 3.025294139222855
2256 3.025294139222855
2257 3.025294139222855
2258 3.025294139222855
2259 3.025294139222855
2260 3.025294139222855
2261 3.025294139222855
2262 3.025294139222855
2263 3.025294139222855
2264 3.025294139222855
2265 3.025294139222855
2266 3.025294139222855
2267 3.025294139222855
2268 3.025294139222855
2269 3.025294139222855
2270 3.025294139222855
2271 3.025294139222855
2272 3.025294139222855
2273 3.025294139222855
2274 3.025294139222855
2275 3.025294139222855
2276 3.025294139222855
2277 3.025294139222855
2278 3.025294139222855
2279 3.025294139222855
2280 2.995279818900513
2281 2.99212176913232
2282 2.9668374670518736
2283 2.9424930923349812
2284 2.9424930923349812
2285 2.924686596880241
2286 2.924686596880241
2287 2.924686596880241
2288 2.7781058277720376
2289 2.712967717440928
2290 2.664999578187147
2291 2.664999578187147
2292 2.664999578187147
2293 2.649936577840127
2294 2.649936577840127
2295 2.6024180067101437
2296 2.589335422840551
2297 2.570168765760588
2298 2.5585026500236276
2299 2.553560270407357
2300 2.553560270407357
2301 2.553560270407357
2302 2.553560270407357
2303 2.553560270407357
2304 2.553560270407357
2305 2.553560270407357
2306 2.5495708875414542
2307 2.5495708875414542
2308 2.5495708875414542
2309 2.5495708875414542
2310 2.5495708875414542
2311 2.5495708875414542
2312 2.5495708875414542
2313 2.5495708875414542
2314 2.5495708875414542
2315 2.5495708875414542
2316 2.5495708875414542
2317 2.5495708875414542
2318 2.5495708875414542
2319 2.5495708875414542
2320 2.5495708875414542
2321 2.5495708875414542
2322 2.5495708875414542
2323 2.5389469312743653
2324 2.5375444058105607
2325 2.486836946719984
2326 2.4731806356546224
2327 2.4731806356546224
2328 2.4662100133735807
2329 2.3930787598844545
2330 2.3930787598844545
2331 2.3930787598844545
2332 2.3930787598844545
2333 2.3930787598844545
2334 2.3930787598844545
2335 2.3924107571130833
2336 2.3924107571130833
2337 2.3924107571130833
2338 2.3924107571130833
2339 2.3924107571130833
2340 2.3924107571130833
2341 2.3924107571130833
2342 2.3924107571130833
2343 2.3924107571130833
2344 2.3924107571130833
2345 2.3924107571130833
2346 2.3924107571130833
2347 2.3924107571130833
2348 2.3924107571130833
2349 2.3924107571130833
2350 2.3924107571130833
2351 2.3924107571130833
2352 2.3924107571130833
2353 2.3924107571130833
2354 2.3924107571130833
2355 2.3924107571130833
2356 2.4569153324125317
2357 2.4569153324125317
2358 2.470821211304652
2359 2.470821211304652
2360 2.470821211304652
2361 2.470821211304652
2362 2.470821211304652
2363 2.470821211304652
2364 2.470821211304652
2365 2.470821211304652
2366 2.470821211304652
2367 2.470821211304652
2368 2.470821211304652
2369 2.5645942017700323
2370 2.6439314543220886
2371 2.6439314543220886
2372 2.649158683274018
2373 2.649158683274018
2374 2.649158683274018
2375 2.649158683274018
2376 2.649158683274018
2377 2.649158683274018
2378 2.649158683274018
2379 2.649158683274018
2380 2.649158683274018
2381 2.649158683274018
2382 2.649158683274018
2383 2.649158683274018
2384 2.649158683274018
2385 2.649158683274018
2386 2.649158683274018
2387 2.649158683274018
2388 2.6662627689388865
2389 2.6801763787337447
2390 2.6801763787337447
2391 2.6801763787337447
2392 2.6801763787337447
2393 2.6801763787337447
2394 2.6801763787337447
2395 2.6801763787337447
2396 2.6801763787337447
2397 2.6801763787337447
2398 2.6801763787337447
2399 2.6801763787337447
2400 2.6801763787337447
2401 2.6801763787337447
2402 2.6801763787337447
2403 2.6801763787337447
2404 2.6801763787337447
2405 2.6801763787337447
2406 2.6801763787337447
2407 2.6801763787337447
2408 2.6801763787337447
2409 2.6801763787337447
2410 2.6801763787337447
2411 2.6801763787337447
2412 2.6839217145983234
2413 2.6839217145983234
2414 2.6839217145983234
2415 2.6839217145983234
2416 2.6839217145983234
2417 2.6839217145983234
2418 2.6839217145983234
2419 2.6839217145983234
2420 2.6839217145983234
2421 2.6839217145983234
2422 2.6839217145983234
2423 2.6839217145983234
2424 2.7428132324265153
2425 2.746687075821928
2426 2.778197767870619
2427 2.778197767870619
2428 2.7797481567097426
2429 2.7797481567097426
2430 2.7797481567097426
2431 2.785902080547041
2432 2.785902080547041
2433 2.837664064472304
2434 2.8431485801575906
2435 2.85260406230044
2436 2.8790974497473814
2437 2.9146080846215536
2438 2.9146080846215536
2439 2.9146080846215536
2440 2.9146080846215536
2441 2.9146080846215536
2442 2.9146080846215536
2443 2.9146080846215536
2444 2.9146080846215536
2445 2.9208728494290197
2446 2.9208728494290197
2447 2.9208728494290197
2448 2.9228145994422188
2449 2.9429464490259787
2450 2.945545786480597
2451 3.0074733356275924
2452 3.0074733356275924
2453 3.0074733356275924
2454 3.0074733356275924
2455 3.0074733356275924
2456 3.0074733356275924
2457 3.0074733356275924
2458 3.0159096162281562
2459 3.0159096162281562
2460 3.0159096162281562
2461 3.0394766550653824
2462 3.0446675413828674
2463 3.046486827804822
2464 3.134002389570459
2465 3.134002389570459
2466 3.134002389570459
2467 3.134002389570459
2468 3.134002389570459
2469 3.139937177348151
2470 3.139937177348151
2471 3.139937177348151
2472 3.139937177348151
2473 3.139937177348151
2474 3.139937177348151
2475 3.139937177348151
2476 3.139937177348151
2477 3.139937177348151
2478 3.139937177348151
2479 3.139937177348151
2480 3.139937177348151
2481 3.139937177348151
2482 3.139937177348151
2483 3.139937177348151
2484 3.139937177348151
2485 3.139937177348151
2486 3.139937177348151
2487 3.139937177348151
2488 3.139937177348151
2489 3.139937177348151
2490 3.139937177348151
2491 3.139937177348151
2492 3.139937177348151
2493 3.139937177348151
2494 3.139937177348151
2495 3.139937177348151
2496 3.139937177348151
2497 3.139937177348151
2498 3.139937177348151
2499 3.139937177348151
2500 3.139937177348151
2501 3.139937177348151
2502 3.139937177348151
2503 3.139937177348151
2504 3.139937177348151
2505 3.139937177348151
2506 3.139937177348151
2507 3.139937177348151
2508 3.139937177348151
2509 3.139937177348151
2510 3.139937177348151
2511 3.133802131052244
2512 3.11279063616482
2513 3.0980917006719872
2514 3.0980917006719872
2515 3.087764791579156
2516 3.0575406003729695
2517 3.036430092655988
2518 3.036430092655988
2519 3.036430092655988
2520 3.036430092655988
2521 3.036430092655988
2522 3.036430092655988
2523 3.036430092655988
2524 3.036430092655988
2525 3.036430092655988
2526 3.036430092655988
2527 3.036430092655988
2528 3.036430092655988
2529 3.036430092655988
2530 3.036430092655988
2531 3.036430092655988
2532 3.036430092655988
2533 3.036430092655988
2534 3.036430092655988
2535 3.036430092655988
2536 3.036430092655988
2537 3.036430092655988
2538 3.036430092655988
2539 3.036430092655988
2540 3.036430092655988
2541 3.036430092655988
2542 3.036430092655988
2543 3.036430092655988
2544 3.036430092655988
2545 3.036430092655988
2546 3.036430092655988
2547 3.036430092655988
2548 3.036430092655988
2549 3.036430092655988
2550 3.036430092655988
2551 3.036430092655988
2552 3.036430092655988
2553 3.036430092655988
2554 3.036430092655988
2555 3.036430092655988
2556 3.036430092655988
2557 3.036430092655988
2558 3.036430092655988
2559 3.036430092655988
2560 3.036430092655988
2561 3.036430092655988
2562 3.036430092655988
2563 3.036430092655988
2564 3.0288133746808255
2565 3.0269379036146895
2566 3.02107883071175
2567 3.0056335872020807
2568 3.0005093799563967
2569 2.9894935127984343
2570 2.9894935127984343
2571 2.988276967186114
2572 2.983380967233805
2573 2.9780223009383606
2574 2.9774002813681952
2575 2.973442751855007
2576 2.973442751855007
2577 2.973442751855007
2578 2.973442751855007
2579 2.973442751855007
2580 2.973442751855007
2581 2.973442751855007
2582 2.973442751855007
2583 2.973442751855007
2584 2.973442751855007
2585 2.973442751855007
2586 2.973442751855007
2587 2.973442751855007
2588 2.973442751855007
2589 2.973442751855007
2590 2.973442751855007
2591 2.973442751855007
2592 2.973442751855007
2593 2.973442751855007
2594 2.973442751855007
2595 2.973442751855007
2596 2.973442751855007
2597 2.973442751855007
2598 2.973442751855007
2599 2.973442751855007
2600 2.973442751855007
2601 2.973442751855007
2602 2.973442751855007
2603 2.973442751855007
2604 2.973442751855007
2605 2.9852225899419533
2606 2.9852225899419533
2607 2.9852225899419533
2608 3.0016965589866276
2609 3.0016965589866276
2610 3.0054374703139026
2611 3.0054374703139026
2612 3.0325039746038662
2613 3.0339819538059665
2614 3.0339819538059665
2615 3.03574978122212
2616 3.0562078350913833
2617 3.0658040778848656
2618 3.0838630562610305
2619 3.0933100309410113
2620 3.0933100309410113
2621 3.0933100309410113
2622 3.0933100309410113
2623 3.0933100309410113
2624 3.0933100309410113
2625 3.0933100309410113
2626 3.0978349487009704
2627 3.1020566096647704
2628 3.1020566096647704
2629 3.109877415620861
2630 3.109877415620861
2631 3.109877415620861
2632 3.109877415620861
2633 3.109877415620861
2634 3.109877415620861
2635 3.109877415620861
2636 3.109877415620861
2637 3.109877415620861
2638 3.109877415620861
2639 3.109877415620861
2640 3.109877415620861
2641 3.109877415620861
2642 3.109877415620861
2643 3.109877415620861
2644 3.109877415620861
2645 3.109877415620861
2646 3.109877415620861
2647 3.109877415620861
2648 3.109877415620861
2649 3.109877415620861
2650 3.109877415620861
2651 3.109877415620861
2652 3.109877415620861
2653 3.109877415620861
2654 3.109877415620861
2655 3.109877415620861
2656 3.109877415620861
2657 3.109877415620861
2658 3.116557884988966
2659 3.1170680891148685
2660 3.123150272577341
2661 3.123150272577341
2662 3.123150272577341
2663 3.123150272577341
2664 3.123150272577341
2665 3.123150272577341
2666 3.123150272577341
2667 3.123150272577341
2668 3.123150272577341
2669 3.123150272577341
2670 3.123150272577341
2671 3.123150272577341
2672 3.123150272577341
2673 3.123150272577341
2674 3.123150272577341
2675 3.123150272577341
2676 3.123150272577341
2677 3.123150272577341
2678 3.123150272577341
2679 3.123150272577341
2680 3.123150272577341
2681 3.1203717860134086
2682 3.1203717860134086
2683 3.119103715336258
2684 3.119103715336258
2685 3.119103715336258
2686 3.119103715336258
2687 3.119103715336258
2688 3.119103715336258
2689 3.119103715336258
2690 3.119103715336258
2691 3.119103715336258
2692 3.119103715336258
2693 3.119103715336258
2694 3.119103715336258
2695 3.119103715336258
2696 3.119103715336258
2697 3.119103715336258
2698 3.119103715336258
2699 3.119103715336258
2700 3.119103715336258
2701 3.119103715336258
2702 3.119103715336258
2703 3.119103715336258
2704 3.119103715336258
2705 3.119103715336258
2706 3.119103715336258
2707 3.119103715336258
2708 3.119103715336258
2709 3.119103715336258
2710 3.109877415620861
2711 3.108582413601941
2712 3.108582413601941
2713 3.09808844115583
2714 3.0976955138271602
2715 3.0976955138271602
2716 3.093352809859587
2717 3.072228850058315
2718 3.0598675315281563
2719 3.0520096361354003
2720 3.0520096361354003
2721 3.0520096361354003
2722 3.0520096361354003
2723 3.0520096361354003
2724 3.0520096361354003
2725 3.0520096361354003
2726 3.0520096361354003
2727 3.0520096361354003
2728 3.0520096361354003
2729 3.0520096361354003
2730 3.0520096361354003
2731 3.0520096361354003
2732 3.0520096361354003
2733 3.0520096361354003
2734 3.0520096361354003
2735 3.0520096361354003
2736 3.0520096361354003
2737 3.0520096361354003
2738 3.0520096361354003
2739 3.0520096361354003
2740 3.0520096361354003
2741 3.0520096361354003
2742 3.0520096361354003
2743 3.0520096361354003
2744 3.0520096361354003
2745 3.0520096361354003
2746 3.0520096361354003
2747 3.0520096361354003
2748 3.0520096361354003
2749 3.035913371100758
2750 3.035913371100758
2751 3.035913371100758
2752 3.035913371100758
2753 3.035913371100758
2754 3.035913371100758
2755 3.0343030637507367
2756 3.024256567736445
2757 3.024256567736445
2758 3.024256567736445
2759 3.024256567736445
2760 3.024256567736445
2761 2.979827471856459
2762 2.8474448588539447
2763 2.8376640644723037
2764 2.8376640644723037
2765 2.8376640644723037
2766 2.8376640644723037
2767 2.8376640644723037
2768 2.8270159246958224
2769 2.8270159246958224
2770 2.8270159246958224
2771 2.8270159246958224
2772 2.8270159246958224
2773 2.8270159246958224
2774 2.8270159246958224
2775 2.8270159246958224
2776 2.8270159246958224
2777 2.8270159246958224
2778 2.8270159246958224
2779 2.8270159246958224
2780 2.8270159246958224
2781 2.8270159246958224
2782 2.8270159246958224
2783 2.8270159246958224
2784 2.8270159246958224
2785 2.8270159246958224
2786 2.8270159246958224
2787 2.8270159246958224
2788 2.8270159246958224
2789 2.8270159246958224
2790 2.8270159246958224
2791 2.8270159246958224
2792 2.8270159246958224
2793 2.8270159246958224
2794 2.8270159246958224
2795 2.8270159246958224
2796 2.8270159246958224
2797 2.8270159246958224
2798 2.8270159246958224
2799 2.8270159246958224
2800 2.8270159246958224
2801 2.8270159246958224
2802 2.8270159246958224
2803 2.8270159246958224
2804 2.8270159246958224
2805 2.8270159246958224
2806 2.8270159246958224
2807 2.8270159246958224
2808 2.8270159246958224
2809 2.8270159246958224
2810 2.8270159246958224
2811 2.8270159246958224
2812 2.8270159246958224
2813 2.8270159246958224
2814 2.8270159246958224
2815 2.8270159246958224
2816 2.8270159246958224
2817 2.8270159246958224
2818 2.8270159246958224
2819 2.8270159246958224
2820 2.8270159246958224
2821 2.8270159246958224
2822 2.8270159246958224
2823 2.8270159246958224
2824 2.8270159246958224
2825 2.8270159246958224
2826 2.8270159246958224
2827 2.8270159246958224
2828 2.8270159246958224
2829 2.8270159246958224
2830 2.8270159246958224
2831 2.8270159246958224
2832 2.8270159246958224
2833 2.8270159246958224
2834 2.8270159246958224
2835 2.8270159246958224
2836 2.8270159246958224
2837 2.8314802400679726
2838 2.8314802400679726
2839 2.8314802400679726
2840 2.8314802400679726
2841 2.8314802400679726
2842 2.8314802400679726
2843 2.8314802400679726
2844 2.8314802400679726
2845 2.8314802400679726
2846 2.8314802400679726
2847 2.8314802400679726
2848 2.838102853442983
2849 2.838102853442983
2850 2.838102853442983
2851 2.919296524389552
2852 3.0096176720266694
2853 3.0096176720266694
2854 3.0096176720266694
2855 3.0096176720266694
2856 3.0096176720266694
2857 3.0565620297551432
2858 3.0565620297551432
2859 3.0565620297551432
2860 3.0565620297551432
2861 3.0565620297551432
2862 3.0565620297551432
2863 3.0565620297551432
2864 3.0565620297551432
2865 3.0565620297551432
2866 3.0565620297551432
2867 3.0565620297551432
2868 3.0565620297551432
2869 3.0608113471158744
2870 3.0608113471158744
2871 3.0608113471158744
2872 3.0678142627103338
2873 3.0678142627103338
2874 3.0942252766709966
2875 3.098167478433071
2876 3.098167478433071
2877 3.098167478433071
2878 3.098167478433071
2879 3.098167478433071
2880 3.102403411229896
2881 3.1030519197514184
2882 3.1085305436916295
2883 3.1085305436916295
2884 3.1085305436916295
2885 3.1085305436916295
2886 3.1085305436916295
2887 3.1085305436916295
2888 3.1085305436916295
2889 3.1085305436916295
2890 3.1085305436916295
2891 3.1085305436916295
2892 3.1085305436916295
2893 3.1085305436916295
2894 3.1085305436916295
2895 3.1085305436916295
2896 3.1085305436916295
2897 3.1085305436916295
2898 3.1085305436916295
2899 3.1085305436916295
2900 3.1085305436916295
2901 3.1085305436916295
2902 3.1085305436916295
2903 3.1085305436916295
2904 3.1085305436916295
2905 3.1085305436916295
2906 3.1139497870513573
2907 3.1221260698746143
2908 3.151795789767769
2909 3.151795789767769
2910 3.151795789767769
2911 3.177295442987238
2912 3.177295442987238
2913 3.185331082828899
2914 3.1888917661868756
2915 3.1888917661868756
2916 3.1888917661868756
2917 3.1888917661868756
2918 3.1888917661868756
2919 3.1888917661868756
2920 3.1888917661868756
2921 3.1888917661868756
2922 3.1888917661868756
2923 3.1888917661868756
2924 3.1921561956281077
2925 3.201557493276571
2926 3.2023551536425003
2927 3.213910289748873
2928 3.213910289748873
2929 3.233510661402747
2930 3.2443752864004827
2931 3.2443752864004827
2932 3.2443752864004827
2933 3.2443752864004827
2934 3.2443752864004827
2935 3.2443752864004827
2936 3.2443752864004827
2937 3.24899481840963
2938 3.2590574484004646
2939 3.267057619073685
2940 3.267057619073685
2941 3.267057619073685
2942 3.267057619073685
2943 3.267057619073685
2944 3.267057619073685
2945 3.232761223340879
2946 3.232761223340879
2947 3.1981313831142213
2948 3.183578748441238
2949 3.183578748441238
2950 3.183578748441238
2951 3.176314698159783
2952 3.176314698159783
2953 3.176314698159783
2954 3.1726427110319038
2955 3.1726427110319038
2956 3.1529551284144888
2957 3.152772546707147
2958 3.136252619668047
2959 3.136252619668047
2960 3.136252619668047
2961 3.136252619668047
2962 3.136252619668047
2963 3.136252619668047
2964 3.1309285377863976
2965 3.1103944787486366
2966 3.1103944787486366
2967 3.1103944787486366
2968 3.109817222575224
2969 3.1057576603559722
2970 3.104202449148776
2971 3.104202449148776
2972 3.104202449148776
2973 3.104202449148776
2974 3.104202449148776
2975 3.104202449148776
2976 3.104202449148776
2977 3.104202449148776
2978 3.104202449148776
2979 3.104202449148776
2980 3.104202449148776
2981 3.103617995546285
2982 3.103617995546285
2983 3.1018605244925626
2984 3.100048459345867
2985 3.093259843313289
2986 3.0905136614392763
2987 3.0905136614392763
2988 3.0905136614392763
2989 3.0905136614392763
2990 3.0905136614392763
2991 3.0905136614392763
2992 3.0905136614392763
2993 3.0905136614392763
2994 3.0905136614392763
2995 3.0905136614392763
2996 3.0905136614392763
2997 3.0905136614392763
2998 3.0905136614392763
2999 3.0905136614392763
3000 3.0905136614392763
3001 3.0905136614392763
3002 3.0905136614392763
3003 3.0905136614392763
3004 3.0905136614392763
3005 3.0905136614392763
3006 3.0905136614392763
3007 3.0629540118287366
3008 3.0568052479235335
3009 3.0568052479235335
3010 3.0448524874967564
3011 3.0439876847444114
3012 3.0439876847444114
3013 3.0439876847444114
3014 3.0439876847444114
3015 3.0439876847444114
3016 3.0439876847444114
3017 3.0439876847444114
3018 3.0439876847444114
3019 3.0439876847444114
3020 3.0439876847444114
3021 3.0439876847444114
3022 3.0439876847444114
3023 3.0439876847444114
3024 3.0439876847444114
3025 3.0439876847444114
3026 3.0439876847444114
3027 3.0439876847444114
3028 3.0439876847444114
3029 3.0439876847444114
3030 3.0439876847444114
3031 3.0439876847444114
3032 3.0382507276415076
3033 3.0356574642978575
3034 3.0185687383970645
3035 3.007689648132706
3036 3.007689648132706
3037 3.003228178123609
3038 3.003228178123609
3039 3.000875232604903
3040 2.976265696302874
3041 2.975815042824868
3042 2.975815042824868
3043 2.975815042824868
3044 2.975815042824868
3045 2.972875852810185
3046 2.972875852810185
3047 2.972875852810185
3048 2.972875852810185
3049 2.972875852810185
3050 2.972875852810185
3051 2.972875852810185
3052 2.972875852810185
3053 2.972875852810185
3054 2.972875852810185
3055 2.972875852810185
3056 2.972875852810185
3057 2.972875852810185
3058 2.972875852810185
3059 2.972875852810185
3060 2.972875852810185
3061 2.972875852810185
3062 2.972875852810185
3063 2.972875852810185
3064 3.020427860555503
3065 3.025556110639098
3066 3.0316413784492253
3067 3.0316413784492253
3068 3.0316413784492253
3069 3.0316413784492253
3070 3.0316413784492253
3071 3.0316413784492253
3072 3.0316413784492253
3073 3.0316413784492253
3074 3.0316413784492253
3075 3.0316413784492253
3076 3.0316413784492253
3077 3.0316413784492253
3078 3.0316413784492253
3079 3.0316413784492253
3080 3.0316413784492253
3081 3.0316413784492253
3082 3.0316413784492253
3083 3.0316413784492253
3084 3.0316413784492253
3085 3.0316413784492253
3086 3.0316413784492253
3087 3.0316413784492253
3088 3.0316413784492253
3089 3.0316413784492253
3090 3.0316413784492253
3091 3.0316413784492253
3092 3.0316413784492253
3093 3.0316413784492253
3094 3.0316413784492253
3095 3.0316413784492253
3096 3.0316413784492253
3097 3.0316413784492253
3098 3.0316413784492253
3099 3.0316413784492253
3100 3.0316413784492253
3101 3.0316413784492253
3102 3.0316413784492253
3103 3.0316413784492253
3104 3.0316413784492253
3105 3.0316413784492253
3106 3.0342313122976465
3107 3.041638855190217
3108 3.041638855190217
3109 3.0419215806713154
3110 3.046703614309645
3111 3.047542775345782
3112 3.0845707924009913
3113 3.084840406858859
3114 3.117327896862985
3115 3.117327896862985
3116 3.117327896862985
3117 3.161141307357132
3118 3.166781712227702
3119 3.166781712227702
3120 3.166781712227702
3121 3.166781712227702
3122 3.1838094644339496
3123 3.187829855969102
3124 3.2104299317145037
3125 3.2104299317145037
3126 3.2104299317145037
3127 3.2104299317145037
3128 3.226770765421201
3129 3.226770765421201
3130 3.226770765421201
3131 3.226770765421201
3132 3.226770765421201
3133 3.226770765421201
3134 3.226770765421201
3135 3.226770765421201
3136 3.226770765421201
3137 3.226770765421201
3138 3.226770765421201
3139 3.226770765421201
3140 3.226770765421201
3141 3.2477124543992897
3142 3.2477124543992897
3143 3.2652239717940708
3144 3.270251871207488
3145 3.294144498953936
3146 3.306996714373194
3147 3.3890720959541154
3148 3.3890720959541154
3149 3.3964914159762856
3150 3.398853005252409
3151 3.4074179694207913
3152 3.4226244125649803
3153 3.4226244125649803
3154 3.42362191913024
3155 3.42362191913024
3156 3.441725657928888
3157 3.4446006059550713
3158 3.4446006059550713
3159 3.4446006059550713
3160 3.4446006059550713
3161 3.4446006059550713
3162 3.4446006059550713
3163 3.4446006059550713
3164 3.4446006059550713
3165 3.4446006059550713
3166 3.4446006059550713
3167 3.4446006059550713
3168 3.4652759256606243
3169 3.4652759256606243
3170 3.4745992602442577
3171 3.5241674434888157
3172 3.548220354985981
3173 3.566261794829855
3174 3.59964253224138
3175 3.59964253224138
3176 3.59964253224138
3177 3.59964253224138
3178 3.59964253224138
3179 3.59964253224138
3180 3.59964253224138
3181 3.59964253224138
3182 3.59964253224138
3183 3.59964253224138
3184 3.59964253224138
3185 3.62383279930843
3186 3.6318140506536625
3187 3.6318140506536625
3188 3.6318140506536625
3189 3.636095713354823
3190 3.640810505479971
3191 3.6450161377519175
3192 3.6489559032111307
3193 3.6489559032111307
3194 3.6489559032111307
3195 3.6489559032111307
3196 3.6489559032111307
3197 3.653322743195508
3198 3.6706395177686955
3199 3.6813549945678528
3200 3.6813549945678528
3201 3.6813549945678528
3202 3.6813549945678528
3203 3.6813549945678528
3204 3.6813549945678528
3205 3.6813549945678528
3206 3.693959806495251
3207 3.7140162476953407
3208 3.720860154869472
3209 3.746196829950809
3210 3.7526168577306347
3211 3.7528044397999896
3212 3.7789291029827843
3213 3.7789291029827843
3214 3.7789291029827843
3215 3.78844984197972
3216 3.7915835569729266
3217 3.7915835569729266
3218 3.8034174140975954
3219 3.8034174140975954
3220 3.8034174140975954
3221 3.8114875287619343
3222 3.823841970495905
3223 3.823841970495905
3224 3.823841970495905
3225 3.823841970495905
3226 3.8314313298324265
3227 3.8314313298324265
3228 3.8314313298324265
3229 3.832551868159583
3230 3.832551868159583
3231 3.832551868159583
3232 3.8349445988384456
3233 3.8459617269639885
3234 3.8484462041255822
3235 3.8484462041255822
3236 3.877773508695755
3237 3.8857435368877766
3238 3.897254632185759
3239 3.900475480740991
3240 3.927509091376129
3241 3.929752135116778
3242 3.929752135116778
3243 3.929752135116778
3244 3.962181743871567
3245 3.9725853285539268
3246 3.973900080823439
3247 4.002401138277209
3248 4.017113725909626
3249 4.017113725909626
3250 4.017113725909626
3251 4.017113725909626
3252 4.017113725909626
3253 4.017113725909626
3254 4.017617758210373
3255 4.021006750725417
3256 4.022380892752105
3257 4.030179045621244
3258 4.0380992794638875
3259 4.0380992794638875
3260 4.0380992794638875
3261 4.0380992794638875
3262 4.0380992794638875
3263 4.058007122290565
3264 4.100784165134684
3265 4.12999882303799
3266 4.1549664158647825
3267 4.1549664158647825
3268 4.1549664158647825
3269 4.1549664158647825
3270 4.1549664158647825
3271 4.1549664158647825
3272 4.1549664158647825
3273 4.1549664158647825
3274 4.1549664158647825
3275 4.1560411598056985
3276 4.1560411598056985
3277 4.1560411598056985
3278 4.184403688056743
3279 4.201920659320203
3280 4.2169551366296325
3281 4.2648632501696015
3282 4.268241471057829
3283 4.268241471057829
3284 4.268241471057829
3285 4.268241471057829
3286 4.318402831871763
3287 4.353928510577214
3288 4.353928510577214
3289 4.353928510577214
3290 4.353928510577214
3291 4.387730136942498
3292 4.387730136942498
3293 4.387730136942498
3294 4.387730136942498
3295 4.387730136942498
3296 4.404713444743003
3297 4.409127862447262
3298 4.409127862447262
3299 4.409127862447262
3300 4.409127862447262
3301 4.409127862447262
3302 4.409127862447262
3303 4.409127862447262
3304 4.409127862447262
3305 4.409127862447262
3306 4.409127862447262
3307 4.409127862447262
3308 4.409127862447262
3309 4.409127862447262
3310 4.409127862447262
3311 4.409127862447262
3312 4.413503646822734
3313 4.426947529406571
3314 4.445981428976525
3315 4.451510165335638
3316 4.454934836258426
3317 4.454934836258426
3318 4.454934836258426
3319 4.454934836258426
3320 4.459267545385082
3321 4.459267545385082
3322 4.459267545385082
3323 4.459267545385082
3324 4.459267545385082
3325 4.459267545385082
3326 4.459267545385082
3327 4.459267545385082
3328 4.459267545385082
3329 4.459267545385082
3330 4.459267545385082
3331 4.459267545385082
3332 4.4669064079730525
3333 4.469482234193277
3334 4.4790860753731785
3335 4.4790860753731785
3336 4.48135733171216
3337 4.490420054757911
3338 4.49642423498141
3339 4.49642423498141
3340 4.49642423498141
3341 4.49642423498141
3342 4.49642423498141
3343 4.49642423498141
3344 4.49642423498141
3345 4.49642423498141
3346 4.49642423498141
3347 4.49642423498141
3348 4.49642423498141
3349 4.49642423498141
3350 4.49642423498141
3351 4.49642423498141
3352 4.49642423498141
3353 4.507529762574205
3354 4.521913797662425
3355 4.521913797662425
3356 4.521913797662425
3357 4.521913797662425
3358 4.521913797662425
3359 4.521913797662425
3360 4.521913797662425
3361 4.521913797662425
3362 4.521913797662425
3363 4.521913797662425
3364 4.521913797662425
3365 4.521913797662425
3366 4.521913797662425
3367 4.551962650234874
3368 4.556370430826673
3369 4.556370430826673
3370 4.559979552549302
3371 4.573824807335543
3372 4.600734488631015
3373 4.604291414200453
3374 4.604291414200453
3375 4.604291414200453
3376 4.604291414200453
3377 4.604291414200453
3378 4.604291414200453
3379 4.604291414200453
3380 4.604291414200453
3381 4.604291414200453
3382 4.604291414200453
3383 4.604291414200453
3384 4.604291414200453
3385 4.604291414200453
3386 4.594824384829386
3387 4.581170822269032
3388 4.565597172748605
3389 4.565597172748605
3390 4.565597172748605
3391 4.565597172748605
3392 4.565597172748605
3393 4.565597172748605
3394 4.565597172748605
3395 4.565597172748605
3396 4.565597172748605
3397 4.565597172748605
3398 4.565597172748605
3399 4.565597172748605
3400 4.565597172748605
3401 4.565597172748605
3402 4.565597172748605
3403 4.565597172748605
3404 4.565597172748605
3405 4.565597172748605
3406 4.565597172748605
3407 4.53714118078403
3408 4.534509356938299
3409 4.526483502433045
3410 4.526483502433045
3411 4.526483502433045
3412 4.526483502433045
3413 4.522631439012223
3414 4.530993842296009
3415 4.53885799822934
3416 4.53885799822934
3417 4.53885799822934
3418 4.53885799822934
3419 4.53885799822934
3420 4.53885799822934
3421 4.53885799822934
3422 4.542811298249012
3423 4.557146510263797
3424 4.557841739366857
3425 4.557841739366857
3426 4.56324019388218
3427 4.572981452267717
3428 4.572981452267717
3429 4.572981452267717
3430 4.572981452267717
3431 4.572981452267717
3432 4.572981452267717
3433 4.572981452267717
3434 4.572981452267717
3435 4.572981452267717
3436 4.572981452267717
3437 4.572981452267717
3438 4.572981452267717
3439 4.572981452267717
3440 4.572981452267717
3441 4.572981452267717
3442 4.572981452267717
3443 4.572981452267717
3444 4.572981452267717
3445 4.572981452267717
3446 4.572981452267717
3447 4.572981452267717
3448 4.572981452267717
3449 4.572981452267717
3450 4.572981452267717
3451 4.572981452267717
3452 4.572981452267717
3453 4.572981452267717
3454 4.572981452267717
3455 4.572981452267717
3456 4.572981452267717
3457 4.572981452267717
3458 4.572981452267717
3459 4.572981452267717
3460 4.572981452267717
3461 4.572981452267717
3462 4.572981452267717
3463 4.581826799314236
3464 4.599481800620605
3465 4.632801344680422
3466 4.666803709237451
3467 4.673194169559537
3468 4.683775797494041
3469 4.689842715176933
3470 4.695913206578746
3471 4.716570092109443
3472 4.716570092109443
3473 4.721835608082427
3474 4.728448170585667
3475 4.728555847984597
3476 4.728555847984597
3477 4.728555847984597
3478 4.728555847984597
3479 4.728555847984597
3480 4.746096503110667
3481 4.746096503110667
3482 4.746096503110667
3483 4.746096503110667
3484 4.746096503110667
3485 4.754021039905105
3486 4.768633020967391
3487 4.768633020967391
3488 4.7796952725448065
3489 4.7796952725448065
3490 4.7796952725448065
3491 4.7796952725448065
3492 4.7796952725448065
3493 4.7796952725448065
3494 4.7796952725448065
3495 4.7796952725448065
3496 4.7796952725448065
3497 4.7796952725448065
3498 4.787366727154442
3499 4.787366727154442
3500 4.7925081606322335
3501 4.796646993561124
3502 4.833122303887684
3503 4.854996909369461
3504 4.874655499520408
3505 4.909865697600857
3506 4.909865697600857
3507 4.91574733561534
3508 4.918307180754916
3509 4.938933977714169
3510 4.938933977714169
3511 4.938933977714169
3512 4.938933977714169
3513 4.956919297586406
3514 4.968908894156824
3515 4.968908894156824
3516 4.968908894156824
3517 4.968908894156824
3518 4.968908894156824
3519 4.968908894156824
3520 4.968908894156824
3521 4.968908894156824
3522 4.968908894156824
3523 4.968908894156824
3524 4.968908894156824
3525 4.968908894156824
3526 4.968908894156824
3527 4.968908894156824
3528 4.968908894156824
3529 4.968908894156824
3530 4.968908894156824
3531 4.968908894156824
3532 4.968908894156824
3533 4.968908894156824
3534 4.968908894156824
3535 4.968908894156824
3536 4.968908894156824
3537 4.968908894156824
3538 4.968908894156824
3539 4.968908894156824
3540 4.968908894156824
3541 4.968908894156824
3542 4.968908894156824
3543 4.968908894156824
3544 4.968908894156824
3545 4.968908894156824
3546 4.968908894156824
3547 4.978015147768784
3548 4.978015147768784
3549 4.978015147768784
3550 4.978015147768784
3551 4.978015147768784
3552 4.978015147768784
3553 4.978015147768784
3554 5.000962328297486
3555 5.000962328297486
3556 5.000962328297486
3557 5.000962328297486
3558 5.000962328297486
3559 5.000962328297486
3560 5.000962328297486
3561 5.000962328297486
3562 5.000962328297486
3563 5.000962328297486
3564 5.000962328297486
3565 5.000962328297486
3566 5.000962328297486
3567 5.000962328297486
3568 5.000962328297486
3569 5.000962328297486
3570 5.000962328297486
3571 5.000962328297486
3572 5.000962328297486
3573 5.000962328297486
3574 5.000962328297486
3575 5.000962328297486
3576 5.067728024609748
3577 5.089457282530441
3578 5.107826295606887
3579 5.130419878041394
3580 5.132107829152778
3581 5.132107829152778
3582 5.132107829152778
3583 5.132107829152778
3584 5.132107829152778
3585 5.050777248771908
3586 5.050777248771908
3587 5.050777248771908
3588 5.050777248771908
3589 5.050777248771908
3590 5.050777248771908
3591 5.050777248771908
3592 5.050777248771908
3593 5.050777248771908
3594 5.050777248771908
3595 5.050777248771908
3596 5.050777248771908
3597 5.050777248771908
3598 5.050777248771908
3599 5.050777248771908
3600 5.050777248771908
3601 5.050777248771908
3602 5.050777248771908
3603 5.050777248771908
3604 5.050777248771908
3605 5.050777248771908
3606 5.050777248771908
3607 5.050777248771908
3608 5.050777248771908
3609 5.0489182447714
3610 5.040660359111375
3611 5.0369812742176165
3612 5.0369812742176165
3613 5.0369812742176165
3614 5.0369812742176165
3615 5.0369812742176165
3616 5.0369812742176165
3617 5.0369812742176165
3618 5.0369812742176165
3619 5.0369812742176165
3620 5.0369812742176165
3621 5.0369812742176165
3622 5.0369812742176165
3623 5.0369812742176165
3624 5.0369812742176165
3625 5.0369812742176165
3626 5.0369812742176165
3627 5.0369812742176165
3628 5.0369812742176165
3629 5.0369812742176165
3630 5.0369812742176165
3631 5.0369812742176165
3632 5.0369812742176165
3633 5.0369812742176165
3634 5.0369812742176165
3635 5.0369812742176165
3636 5.0369812742176165
3637 5.0369812742176165
3638 5.0369812742176165
3639 5.0369812742176165
3640 5.0369812742176165
3641 5.0369812742176165
3642 5.0369812742176165
3643 5.0369812742176165
3644 5.0369812742176165
3645 5.0369812742176165
3646 5.02092861090045
3647 5.010621071671758
3648 5.0055427815670726
3649 5.0055427815670726
3650 5.0055427815670726
3651 5.0055427815670726
3652 5.003585831906505
3653 5.00064911991393
3654 5.00064911991393
3655 5.00064911991393
3656 4.986107394372576
3657 4.986107394372576
3658 4.986107394372576
3659 4.986107394372576
3660 4.986107394372576
3661 4.986107394372576
3662 4.986107394372576
3663 4.986107394372576
3664 4.986107394372576
3665 4.983174834646377
3666 4.977863499590216
3667 4.969565360025721
3668 4.966702756786701
3669 4.962945358535457
3670 4.962945358535457
3671 4.962945358535457
3672 4.962945358535457
3673 4.962945358535457
3674 4.96198027166189
3675 4.96198027166189
3676 4.958787922429554
3677 4.962207518569562
3678 4.962207518569562
e
0 0
1 0
2 0
3 0
4 0
5 0
6 0
7 0
8 0
9 0
10 0
11 0
12 0
13 0
14 0
15 0
16 0
17 0
18 0
19 0
20 0
21 0
22 0
23 0
24 0
25 0
26 0
27 0
28 0
29 0
30 0
31 0
32 0
33 0
34 0
35 0
36 0
37 0
38 0
39 0
40 0
41 0
42 0
43 0
44 0
45 0
46 0
47 0
48 0
49 0
50 0
51 0
52 0
53 0
54 0
55 0
56 0
57 0
58 0
59 0
60 0
61 0
62 0
63 0
64 0
65 0
66 0
67 0
68 0
69 0
70 0
71 0
72 0
73 0
74 0
75 0
76 0
77 0
78 0
79 0
80 0
81 0
82 0
83 0
84 0
85 0
86 0
87 0
88 0
89 0
90 0
91 0
92 0
93 0
94 0
95 0
96 0
97 0
98 0
99 0
100 0
101 0
102 0
103 0
104 0
105 0
106 0
107 0
108 0
109 0
110 0
111 0
112 0
113 0
114 0
115 0
116 0
117 0
118 0
119 0
120 0
121 0
122 0
123 0
124 0
125 0
126 0
127 0
128 0
129 0
130 0
131 0
132 0
133 0
134 0
135 0
136 0
137 0
138 0
139 0
140 0
141 0
142 0
143 0
144 0
145 0
146 0
147 0
148 0
149 0
150 0
151 0
152 0
153 0
154 0
155 0
156 0
157 0
158 0
159 0
160 0
161 0
162 0
163 0
164 0
165 0
166 0
167 0
168 0
169 0
170 0
171 0
172 0
173 0
174 0
175 0
176 0
177 0
178 0
179 0
180 0
181 0
182 0
183 0
184 0
185 0
186 0
187 0
188 0
189 0
190 0
191 0
192 0
193 0
194 0
195 0
196 0
197 0
198 0
199 0
200 0
201 0
202 0
203 0
204 0
205 0
206 0
207 0
208 0
209 0
210 0
211 0
212 0
213 0
214 0
215 0
216 0
217 0
218 0
219 0
220 0
221 0
222 0
223 0
224 0
225 0
226 0
227 0
228 0
229 0
230 0
231 0
232 0.5257682936010792
233 0.5257682936010792
234 0.5257682936010792
235 0.5257682936010792
236 0.5257682936010792
237 0.5257682936010792
238 0.5257682936010792
239 0.5257682936010792
240 0.5257682936010792
241 0.5257682936010792
242 0.5257682936010792
243 0.5257682936010792
244 0.5257682936010792
245 0.5257682936010792
246 0.5257682936010792
247 0.5257682936010792
248 0.5257682936010792
249 0.5257682936010792
250 0.5257682936010792
251 0.5257682936010792
252 0.5257682936010792
253 0.5257682936010792
254 0.5257682936010792
255 0.5257682936010792
256 0.5257682936010792
257 0.5257682936010792
258 0.5257682936010792
259 0.5257682936010792
260 0.5257682936010792
261 0.5257682936010792
262 0.5257682936010792
263 0.5257682936010792
264 0.5257682936010792
265 0.5257682936010792
266 0.5257682936010792
267 0.5257682936010792
268 0.5257682936010792
269 0.5257682936010792
270 0.5257682936010792
271 0.5257682936010792
272 0.5257682936010792
273 0.5257682936010792
274 0.5257682936010792
275 0.5257682936010792
276 0.5257682936010792
277 0.5257682936010792
278 0.5257682936010792
279 0.5257682936010792
280 0.5257682936010792
281 0.5257682936010792
282 0.5257682936010792
283 0.5257682936010792
284 0.5257682936010792
285 0.43015196967949
286 0.43015196967949
287 0.43015196967949
288 0.43015196967949
289 0.43015196967949
290 0.43015196967949
291 0.43015196967949
292 0.43015196967949
293 0.43015196967949
294 0.43015196967949
295 0.43015196967949
296 0.43015196967949
297 0.43015196967949
298 0.43015196967949
299 0.43015196967949
300 0.43015196967949
301 0.43015196967949
302 0.43015196967949
303 0.43015196967949
304 0.43015196967949
305 0.43015196967949
306 0.43015196967949
307 0.43015196967949
308 0.3857655199337856
309 0.3857655199337856
310 0.3857655199337856
311 0.3857655199337856
312 0.3477599879231048
313 0.3477599879231048
314 0.3477599879231048
315 0.3477599879231048
316 0.3477599879231048
317 0.3477599879231048
318 0.3477599879231048
319 0.3477599879231048
320 0.3477599879231048
321 0.3477599879231048
322 0.3477599879231048
323 0.3477599879231048
324 0.3477599879231048
325 0.3477599879231048
326 0.3477599879231048
327 0.3477599879231048
328 0.3477599879231048
329 0.3477599879231048
330 0.3477599879231048
331 0.3477599879231048
332 0.3477599879231048
333 0.3477599879231048
334 0.3477599879231048
335 0.3477599879231048
336 0.2983943141298142
337 0.2983943141298142
338 0.2983943141298142
339 0.2983943141298142
340 0.2745505577166052
341 0.2745505577166052
342 0.2745505577166052
343 0.2648292943402397
344 0.2648292943402397
345 0.22308337746098816
346 0.22308337746098816
347 0.22308337746098816
348 0.22308337746098816
349 0.22308337746098816
350 0.22308337746098816
351 0.22308337746098816
352 0.22308337746098816
353 0.22308337746098816
354 0.22308337746098816
355 0.22308337746098816
356 0.22308337746098816
357 0.22308337746098816
358 0.22308337746098816
359 0.22308337746098816
360 0.22308337746098816
361 0.22308337746098816
362 0.22308337746098816
363 0.22308337746098816
364 0.22308337746098816
365 0.22308337746098816
366 0.22308337746098816
367 0.22308337746098816
368 0.22308337746098816
369 0.22308337746098816
370 0.22308337746098816
371 0.3266164928286452
372 0.3266164928286452
373 0.3266164928286452
374 0.3266164928286452
375 0.3266164928286452
376 0.3266164928286452
377 0.3266164928286452
378 0.3266164928286452
379 0.3266164928286452
380 0.3266164928286452
381 0.3266164928286452
382 0.3266164928286452
383 0.3266164928286452
384 0.3266164928286452
385 0.3266164928286452
386 0.3266164928286452
387 0.3266164928286452
388 0.3266164928286452
389 0.3266164928286452
390 0.3266164928286452
391 0.3266164928286452
392 0.3266164928286452
393 0.3266164928286452
394 0.3266164928286452
395 0.3266164928286452
396 0.3266164928286452
397 0.3266164928286452
398 0.3266164928286452
399 0.3266164928286452
400 0.3266164928286452
401 0.3266164928286452
402 0.3266164928286452
403 0.3266164928286452
404 0.3266164928286452
405 0.3266164928286452
406 0.3266164928286452
407 0.3266164928286452
408 0.3266164928286452
409 0.3266164928286452
410 0.3266164928286452
411 0.3266164928286452
412 0.3266164928286452
413 0.3266164928286452
414 0.3266164928286452
415 0.3266164928286452
416 0.3266164928286452
417 0.3266164928286452
418 0.3266164928286452
419 0.3266164928286452
420 0.3266164928286452
421 0.3266164928286452
422 0.3266164928286452
423 0.3266164928286452
424 0.3266164928286452
425 0.3266164928286452
426 0.3266164928286452
427 0.3266164928286452
428 0.3266164928286452
429 0.3266164928286452
430 0.3266164928286452
431 0.3266164928286452
432 0.3266164928286452
433 0.3266164928286452
434 0.3266164928286452
435 0.3266164928286452
436 0.3266164928286452
437 0.3266164928286452
438 0.3266164928286452
439 0.3266164928286452
440 0.3266164928286452
441 0.3266164928286452
442 0.3266164928286452
443 0.3266164928286452
444 0.3266164928286452
445 0.3266164928286452
446 0.3266164928286452
447 0.3266164928286452
448 0.3266164928286452
449 0.3266164928286452
450 0.3266164928286452
451 0.3266164928286452
452 0.3266164928286452
453 0.3266164928286452
454 0.3266164928286452
455 0.3266164928286452
456 0.3266164928286452
457 0.3266164928286452
458 0.3266164928286452
459 0.3266164928286452
460 0.3266164928286452
461 0.3266164928286452
462 0.3266164928286452
463 0.3266164928286452
464 0.3266164928286452
465 0.3266164928286452
466 0.3266164928286452
467 0.3266164928286452
468 0.3266164928286452
469 0.3266164928286452
470 0.3266164928286452
471 0.3266164928286452
472 0.3266164928286452
473 0.3266164928286452
474 0.3266164928286452
475 0.3266164928286452
476 0.3266164928286452
477 0.3266164928286452
478 0.3266164928286452
479 0.3266164928286452
480 0.3266164928286452
481 0.3266164928286452
482 0.3266164928286452
483 0.3266164928286452
484 0.3266164928286452
485 0.3266164928286452
486 0.3266164928286452
487 0.3266164928286452
488 0.3266164928286452
489 0.3266164928286452
490 0.3266164928286452
491 0.3266164928286452
492 0.3266164928286452
493 0.3266164928286452
494 0.3266164928286452
495 0.3266164928286452
496 0.3266164928286452
497 0.3266164928286452
498 0.3266164928286452
499 0.3266164928286452
500 0.3266164928286452
501 0.3266164928286452
502 0.3266164928286452
503 0.3266164928286452
504 0.3266164928286452
505 0.3266164928286452
506 0.3266164928286452
507 0.3266164928286452
508 0.3266164928286452
509 0.3266164928286452
510 0.3266164928286452
511 0.3266164928286452
512 0.3266164928286452
513 0.3266164928286452
514 0.3266164928286452
515 0.3266164928286452
516 0.3266164928286452
517 0.3266164928286452
518 0.3266164928286452
519 0.3266164928286452
520 0.3266164928286452
521 0.3266164928286452
522 0.3266164928286452
523 0.3266164928286452
524 0.3266164928286452
525 0.3266164928286452
526 0.3266164928286452
527 0.3266164928286452
528 0.3266164928286452
529 0.3266164928286452
530 0.3266164928286452
531 0.3266164928286452
532 0.3266164928286452
533 0.3266164928286452
534 0.3266164928286452
535 0.3266164928286452
536 0.3266164928286452
537 0.3266164928286452
538 0.3266164928286452
539 0.3266164928286452
540 0.3266164928286452
541 0.3266164928286452
542 0.3266164928286452
543 0.3266164928286452
544 0.3266164928286452
545 0.3266164928286452
546 0.3266164928286452
547 0.3266164928286452
548 0.3266164928286452
549 0.3266164928286452
550 0.3266164928286452
551 0.3266164928286452
552 0.3266164928286452
553 0.3266164928286452
554 0.3266164928286452
555 0.3266164928286452
556 0.3266164928286452
557 0.3266164928286452
558 0.3266164928286452
559 0.3266164928286452
560 0.3266164928286452
561 0.3266164928286452
562 0.3266164928286452
563 0.3266164928286452
564 0.3266164928286452
565 0.3266164928286452
566 0.3266164928286452
567 0.3266164928286452
568 0.3266164928286452
569 0.3266164928286452
570 0.3266164928286452
571 0.3266164928286452
572 0.3266164928286452
573 0.3266164928286452
574 0.3266164928286452
575 0.3266164928286452
576 0.3266164928286452
577 0.3266164928286452
578 0.3266164928286452
579 0.3266164928286452
580 0.3266164928286452
581 0.3266164928286452
582 0.3266164928286452
583 0.3266164928286452
584 0.3266164928286452
585 0.3266164928286452
586 0.3266164928286452
587 0.3266164928286452
588 0.3266164928286452
589 0.3266164928286452
590 0.3266164928286452
591 0.3266164928286452
592 0.3266164928286452
593 0.3266164928286452
594 0.3266164928286452
595 0.3266164928286452
596 0.3266164928286452
597 0.3266164928286452
598 0.3266164928286452
599 0.3266164928286452
600 0.3266164928286452
601 0.3266164928286452
602 0.3266164928286452
603 0.3266164928286452
604 0.3266164928286452
605 0.3266164928286452
606 0.3266164928286452
607 0.3266164928286452
608 0.3266164928286452
609 0.3266164928286452
610 0.3266164928286452
611 0.3266164928286452
612 0.3266164928286452
613 0.3266164928286452
614 0.3266164928286452
615 0.3266164928286452
616 0.3266164928286452
617 0.3266164928286452
618 0.3266164928286452
619 0.3266164928286452
620 0.3266164928286452
621 0.3266164928286452
622 0.3266164928286452
623 0.3266164928286452
624 0.3266164928286452
625 0.3266164928286452
626 0.3266164928286452
627 0.3266164928286452
628 0.3266164928286452
629 0.3266164928286452
630 0.3266164928286452
631 0.3266164928286452
632 0.3266164928286452
633 0.3266164928286452
634 0.3266164928286452
635 0.3266164928286452
636 0.3266164928286452
637 0.3266164928286452
638 0.3266164928286452
639 0.3266164928286452
640 0.3266164928286452
641 0.3266164928286452
642 0.3266164928286452
643 0.3266164928286452
644 0.3266164928286452
645 0.3266164928286452
646 0.3266164928286452
647 0.3266164928286452
648 0.3266164928286452
649 0.3266164928286452
650 0.3266164928286452
651 0.3266164928286452
652 0.3266164928286452
653 0.3266164928286452
654 0.3266164928286452
655 0.3266164928286452
656 0.3266164928286452
657 0.3266164928286452
658 0.3266164928286452
659 0.3266164928286452
660 0.3266164928286452
661 0.3266164928286452
662 0.3266164928286452
663 0.3266164928286452
664 0.3266164928286452
665 0.3266164928286452
666 0.3266164928286452
667 0.3266164928286452
668 0.3266164928286452
669 0.3266164928286452
670 0.3266164928286452
671 0.3266164928286452
672 0.3266164928286452
673 0.3266164928286452
674 0.3266164928286452
675 0.3266164928286452
676 0.3266164928286452
677 0.3266164928286452
678 0.3266164928286452
679 0.3266164928286452
680 0.3266164928286452
681 0.3266164928286452
682 0.3266164928286452
683 0.3266164928286452
684 0.3266164928286452
685 0.3266164928286452
686 0.3266164928286452
687 0.3266164928286452
688 0.3266164928286452
689 0.3266164928286452
690 0.3266164928286452
691 0.3266164928286452
692 0.3266164928286452
693 0.3266164928286452
694 0.3266164928286452
695 0.3266164928286452
696 0.3266164928286452
697 0.3266164928286452
698 0.3266164928286452
699 0.3266164928286452
700 0.3266164928286452
701 0.3266164928286452
702 0.3266164928286452
703 0.3266164928286452
704 0.3266164928286452
705 0.3266164928286452
706 0.3266164928286452
707 0.3266164928286452
708 0.3266164928286452
709 0.3266164928286452
710 0.3266164928286452
711 0.3266164928286452
712 0.3266164928286452
713 0.3266164928286452
714 0.3266164928286452
715 0.3266164928286452
716 0.3266164928286452
717 0.3266164928286452
718 0.3266164928286452
719 0.3266164928286452
720 0.3266164928286452
721 0.3266164928286452
722 0.3266164928286452
723 0.3266164928286452
724 0.3266164928286452
725 0.3266164928286452
726 0.3266164928286452
727 0.3266164928286452
728 0.3266164928286452
729 0.3266164928286452
730 0.3266164928286452
731 0.3266164928286452
732 0.3266164928286452
733 0.3266164928286452
734 0.3266164928286452
735 0.3266164928286452
736 0.3266164928286452
737 0.3266164928286452
738 0.3266164928286452
739 0.3266164928286452
740 0.3266164928286452
741 0.3266164928286452
742 0.3266164928286452
743 0.3266164928286452
744 0.3266164928286452
745 0.3266164928286452
746 0.3266164928286452
747 0.3266164928286452
748 0.3266164928286452
749 3.285442089323972
750 3.285442089323972
751 3.285442089323972
752 3.285442089323972
753 3.285442089323972
754 3.215043512564901
755 3.215043512564901
756 3.215043512564901
757 3.215043512564901
758 3.215043512564901
759 3.215043512564901
760 3.215043512564901
761 3.215043512564901
762 3.215043512564901
763 3.215043512564901
764 3.215043512564901
765 3.215043512564901
766 3.215043512564901
767 3.215043512564901
768 3.215043512564901
769 3.110586732683398
770 3.110586732683398
771 3.110586732683398
772 3.110586732683398
773 3.110586732683398
774 3.110586732683398
775 3.110586732683398
776 3.110586732683398
777 3.110586732683398
778 3.110586732683398
779 3.110586732683398
780 3.0468116685323072
781 3.0468116685323072
782 3.0468116685323072
783 3.0468116685323072
784 3.0468116685323072
785 3.0468116685323072
786 3.0468116685323072
787 3.0468116685323072
788 3.0468116685323072
789 3.0468116685323072
790 3.0468116685323072
791 3.0468116685323072
792 3.0468116685323072
793 3.0468116685323072
794 3.0468116685323072
795 3.0468116685323072
796 3.0468116685323072
797 3.0468116685323072
798 3.0468116685323072
799 3.0468116685323072
800 3.0468116685323072
801 3.0468116685323072
802 3.0468116685323072
803 3.0468116685323072
804 3.0468116685323072
805 3.0468116685323072
806 3.0468116685323072
807 3.0468116685323072
808 3.0468116685323072
809 3.0468116685323072
810 3.0468116685323072
811 2.895680149809401
812 2.895680149809401
813 2.895680149809401
814 2.895680149809401
815 2.895680149809401
816 2.895680149809401
817 2.895680149809401
818 2.895680149809401
819 2.895680149809401
820 2.895680149809401
821 2.895680149809401
822 2.895680149809401
823 2.895680149809401
824 2.895680149809401
825 2.895680149809401
826 2.895680149809401
827 2.895680149809401
828 2.8670671637407885
829 2.8670671637407885
830 2.8670671637407885
831 2.8257916393422757
832 2.8257916393422757
833 2.8257916393422757
834 2.8257916393422757
835 2.8257916393422757
836 2.8257916393422757
837 2.8257916393422757
838 2.8257916393422757
839 2.8257916393422757
840 2.8257916393422757
841 2.8257916393422757
842 2.8257916393422757
843 2.8257916393422757
844 2.8257916393422757
845 2.8257916393422757
846 2.8257916393422757
847 2.8257916393422757
848 2.8257916393422757
849 2.8257916393422757
850 2.8257916393422757
851 2.8257916393422757
852 2.8257916393422757
853 2.672393959619534
854 2.672393959619534
855 2.672393959619534
856 2.672393959619534
857 2.672393959619534
858 2.672393959619534
859 2.672393959619534
860 2.672393959619534
861 2.672393959619534
862 2.672393959619534
863 2.672393959619534
864 2.672393959619534
865 2.672393959619534
866 2.672393959619534
867 2.672393959619534
868 2.672393959619534
869 2.672393959619534
870 2.672393959619534
871 2.672393959619534
872 2.672393959619534
873 2.672393959619534
874 2.672393959619534
875 2.672393959619534
876 2.672393959619534
877 2.672393959619534
878 2.672393959619534
879 2.672393959619534
880 2.672393959619534
881 2.672393959619534
882 2.672393959619534
883 2.672393959619534
884 2.672393959619534
885 2.672393959619534
886 2.672393959619534
887 2.672393959619534
888 2.672393959619534
889 2.5755864779456923
890 2.5755864779456923
891 2.569676167237631
892 2.569676167237631
893 2.569676167237631
894 2.569676167237631
895 2.569676167237631
896 2.569676167237631
897 2.569676167237631
898 2.569676167237631
899 2.569676167237631
900 2.569676167237631
901 2.569676167237631
902 2.569676167237631
903 2.569676167237631
904 2.569676167237631
905 2.569676167237631
906 2.569676167237631
907 2.569676167237631
908 2.569676167237631
909 2.569676167237631
910 2.569676167237631
911 2.569676167237631
912 2.569676167237631
913 2.569676167237631
914 2.569676167237631
915 2.569676167237631
916 2.569676167237631
917 2.569676167237631
918 2.569676167237631
919 2.569676167237631
920 2.569676167237631
921 2.569676167237631
922 2.569676167237631
923 2.4971857695971713
924 2.4971857695971713
925 2.4971857695971713
926 2.4971857695971713
927 2.4971857695971713
928 2.4971857695971713
929 2.4971857695971713
930 2.4971857695971713
931 2.4971857695971713
932 2.4971857695971713
933 2.4971857695971713
934 2.4971857695971713
935 2.4971857695971713
936 2.4971857695971713
937 2.4971857695971713
938 2.4971857695971713
939 2.4971857695971713
940 2.4971857695971713
941 2.4971857695971713
942 2.4971857695971713
943 2.4971857695971713
944 2.4971857695971713
945 2.4971857695971713
946 2.4971857695971713
947 2.4971857695971713
948 2.4971857695971713
949 2.4971857695971713
950 2.4971857695971713
951 2.4971857695971713
952 2.4971857695971713
953 2.4971857695971713
954 2.4971857695971713
955 2.4971857695971713
956 2.4971857695971713
957 2.4971857695971713
958 2.4971857695971713
959 2.4971857695971713
960 2.4971857695971713
961 2.4971857695971713
962 2.4971857695971713
963 2.4971857695971713
964 2.4971857695971713
965 2.4971857695971713
966 2.4971857695971713
967 2.4971857695971713
968 2.4971857695971713
969 2.4971857695971713
970 2.4971857695971713
971 2.4971857695971713
972 2.4971857695971713
973 2.4971857695971713
974 2.4971857695971713
975 2.4971857695971713
976 2.4971857695971713
977 2.4971857695971713
978 2.4971857695971713
979 2.4971857695971713
980 2.4971857695971713
981 2.4971857695971713
982 2.4971857695971713
983 2.4971857695971713
984 2.4971857695971713
985 2.4971857695971713
986 2.4971857695971713
987 2.4971857695971713
988 2.4971857695971713
989 2.4971857695971713
990 2.4971857695971713
991 2.4971857695971713
992 2.4971857695971713
993 2.4971857695971713
994 2.4971857695971713
995 2.4971857695971713
996 2.4971857695971713
997 2.4971857695971713
998 2.4971857695971713
999 2.4971857695971713
1000 2.4971857695971713
1001 2.4971857695971713
1002 2.4971857695971713
1003 2.4971857695971713
1004 2.4971857695971713
1005 2.4971857695971713
1006 2.4971857695971713
1007 2.4971857695971713
1008 2.4971857695971713
1009 2.4971857695971713
1010 2.4971857695971713
1011 2.4971857695971713
1012 2.4971857695971713
1013 2.4971857695971713
1014 2.4971857695971713
1015 2.4971857695971713
1016 2.4971857695971713
1017 2.4971857695971713
1018 2.4971857695971713
1019 2.4971857695971713
1020 2.4971857695971713
1021 2.4971857695971713
1022 2.4971857695971713
1023 2.4971857695971713
1024 2.4971857695971713
1025 2.4971857695971713
1026 2.4971857695971713
1027 2.4971857695971713
1028 2.4971857695971713
1029 2.4971857695971713
1030 2.4971857695971713
1031 2.4971857695971713
1032 2.4971857695971713
1033 2.4971857695971713
1034 2.4971857695971713
1035 2.4971857695971713
1036 2.4971857695971713
1037 2.4971857695971713
1038 2.4971857695971713
1039 2.4971857695971713
1040 2.4971857695971713
1041 2.4971857695971713
1042 2.4971857695971713
1043 2.4971857695971713
1044 2.4971857695971713
1045 2.4971857695971713
1046 2.4971857695971713
1047 2.4971857695971713
1048 2.4971857695971713
1049 2.4971857695971713
1050 2.4971857695971713
1051 2.4971857695971713
1052 2.4971857695971713
1053 2.4971857695971713
1054 2.4971857695971713
1055 2.4971857695971713
1056 2.4971857695971713
1057 2.4971857695971713
1058 2.4971857695971713
1059 2.4971857695971713
1060 2.4971857695971713
1061 2.4971857695971713
1062 2.4971857695971713
1063 2.4971857695971713
1064 2.4971857695971713
1065 2.4971857695971713
1066 2.4971857695971713
1067 2.4971857695971713
1068 2.4971857695971713
1069 2.4971857695971713
1070 2.4971857695971713
1071 2.4971857695971713
1072 2.4971857695971713
1073 2.4971857695971713
1074 2.4971857695971713
1075 2.4971857695971713
1076 2.4971857695971713
1077 2.4971857695971713
1078 2.4971857695971713
1079 2.4971857695971713
1080 2.4971857695971713
1081 2.4971857695971713
1082 2.4971857695971713
1083 2.4971857695971713
1084 2.4971857695971713
1085 2.4971857695971713
1086 2.4971857695971713
1087 2.4971857695971713
1088 2.4971857695971713
1089 2.4971857695971713
1090 2.4971857695971713
1091 2.4971857695971713
1092 2.4971857695971713
1093 2.4971857695971713
1094 2.4971857695971713
1095 2.4971857695971713
1096 2.4971857695971713
1097 2.4971857695971713
1098 2.4971857695971713
1099 2.4971857695971713
1100 2.4971857695971713
1101 2.4971857695971713
1102 2.4971857695971713
1103 2.4971857695971713
1104 2.4971857695971713
1105 2.4971857695971713
1106 2.4971857695971713
1107 2.4971857695971713
1108 2.4971857695971713
1109 2.4971857695971713
1110 2.4971857695971713
1111 2.4971857695971713
1112 2.4971857695971713
1113 2.4971857695971713
1114 2.4971857695971713
1115 2.4971857695971713
1116 2.4971857695971713
1117 2.4971857695971713
1118 2.4971857695971713
1119 2.4971857695971713
1120 2.4971857695971713
1121 2.4971857695971713
1122 2.4971857695971713
1123 2.4971857695971713
1124 2.4971857695971713
1125 2.4971857695971713
1126 2.4971857695971713
1127 2.4971857695971713
1128 2.4971857695971713
1129 2.4971857695971713
1130 2.4971857695971713
1131 2.4971857695971713
1132 4.172401470389499
1133 4.172401470389499
1134 4.172401470389499
1135 4.172401470389499
1136 4.172401470389499
1137 4.172401470389499
1138 4.172401470389499
1139 4.172401470389499
1140 4.172401470389499
1141 4.172401470389499
1142 4.149029887871366
1143 4.149029887871366
1144 4.070818377646447
1145 4.070818377646447
1146 4.070818377646447
1147 4.070818377646447
1148 4.070818377646447
1149 4.070818377646447
1150 4.070818377646447
1151 4.070818377646447
1152 4.070818377646447
1153 4.070818377646447
1154 4.070818377646447
1155 4.070818377646447
1156 4.070818377646447
1157 4.070818377646447
1158 4.070818377646447
1159 4.070818377646447
1160 4.070818377646447
1161 4.070818377646447
1162 4.070818377646447
1163 4.070818377646447
1164 4.070818377646447
1165 4.070818377646447
1166 4.070818377646447
1167 4.070818377646447
1168 4.070818377646447
1169 4.070818377646447
1170 4.070818377646447
1171 4.070818377646447
1172 4.070818377646447
1173 4.070818377646447
1174 4.070818377646447
1175 4.070818377646447
1176 4.070818377646447
1177 4.070818377646447
1178 4.070818377646447
1179 4.070818377646447
1180 4.070818377646447
1181 4.070818377646447
1182 4.070818377646447
1183 4.070818377646447
1184 4.070818377646447
1185 4.070818377646447
1186 4.070818377646447
1187 4.070818377646447
1188 4.070818377646447
1189 4.070818377646447
1190 4.070818377646447
1191 4.070818377646447
1192 4.070818377646447
1193 4.070818377646447
1194 4.070818377646447
1195 4.070818377646447
1196 4.070818377646447
1197 4.070818377646447
1198 4.070818377646447
1199 4.070818377646447
1200 4.070818377646447
1201 4.070818377646447
1202 4.070818377646447
1203 4.070818377646447
1204 4.070818377646447
1205 4.070818377646447
1206 4.070818377646447
1207 4.070818377646447
1208 4.070818377646447
1209 4.070818377646447
1210 4.070818377646447
1211 4.070818377646447
1212 4.070818377646447
1213 4.070818377646447
1214 4.070818377646447
1215 4.070818377646447
1216 4.070818377646447
1217 4.070818377646447
1218 4.070818377646447
1219 4.070818377646447
1220 4.070818377646447
1221 4.070818377646447
1222 4.070818377646447
1223 4.070818377646447
1224 4.070818377646447
1225 4.070818377646447
1226 4.070818377646447
1227 4.070818377646447
1228 4.070818377646447
1229 4.070818377646447
1230 4.070818377646447
1231 4.070818377646447
1232 4.070818377646447
1233 4.070818377646447
1234 4.070818377646447
1235 4.277927941087794
1236 4.277927941087794
1237 4.277927941087794
1238 4.277927941087794
1239 4.277927941087794
1240 4.277927941087794
1241 4.277927941087794
1242 4.277927941087794
1243 4.277927941087794
1244 4.277927941087794
1245 4.277927941087794
1246 4.277927941087794
1247 4.277927941087794
1248 4.277927941087794
1249 4.277927941087794
1250 4.277927941087794
1251 4.277927941087794
1252 4.277927941087794
1253 4.277927941087794
1254 4.277927941087794
1255 4.277927941087794
1256 4.155120387209824
1257 4.155120387209824
1258 4.155120387209824
1259 4.155120387209824
1260 4.155120387209824
1261 4.155120387209824
1262 4.155120387209824
1263 4.155120387209824
1264 4.155120387209824
1265 4.155120387209824
1266 4.155120387209824
1267 4.155120387209824
1268 4.155120387209824
1269 4.155120387209824
1270 4.155120387209824
1271 4.155120387209824
1272 4.155120387209824
1273 4.155120387209824
1274 4.155120387209824
1275 4.155120387209824
1276 4.155120387209824
1277 4.155120387209824
1278 4.080993657729022
1279 4.080993657729022
1280 4.080993657729022
1281 4.080993657729022
1282 4.080993657729022
1283 4.080993657729022
1284 4.080993657729022
1285 4.080993657729022
1286 4.080993657729022
1287 4.080993657729022
1288 4.080993657729022
1289 4.080993657729022
1290 4.080993657729022
1291 4.080993657729022
1292 4.080993657729022
1293 4.080993657729022
1294 4.080993657729022
1295 4.080993657729022
1296 4.080993657729022
1297 4.080993657729022
1298 4.080993657729022
1299 4.080993657729022
1300 4.080993657729022
1301 4.080993657729022
1302 4.080993657729022
1303 4.080993657729022
1304 4.080993657729022
1305 4.080993657729022
1306 4.080993657729022
1307 4.080993657729022
1308 4.080993657729022
1309 4.080993657729022
1310 4.080993657729022
1311 4.080993657729022
1312 4.080993657729022
1313 4.080993657729022
1314 4.080993657729022
1315 4.080993657729022
1316 4.15064587547271
1317 4.15064587547271
1318 4.15064587547271
1319 4.15064587547271
1320 4.15064587547271
1321 4.15064587547271
1322 4.15064587547271
1323 4.15064587547271
1324 4.15064587547271
1325 4.079371467743634
1326 4.079371467743634
1327 4.079371467743634
1328 4.079371467743634
1329 4.012556673650856
1330 4.012556673650856
1331 4.012556673650856
1332 4.012556673650856
1333 4.012556673650856
1334 4.012556673650856
1335 4.012556673650856
1336 4.012556673650856
1337 4.012556673650856
1338 4.012556673650856
1339 4.012556673650856
1340 4.012556673650856
1341 4.012556673650856
1342 4.012556673650856
1343 4.012556673650856
1344 4.012556673650856
1345 4.012556673650856
1346 4.012556673650856
1347 4.012556673650856
1348 4.012556673650856
1349 4.012556673650856
1350 4.012556673650856
1351 4.012556673650856
1352 4.012556673650856
1353 4.012556673650856
1354 4.012556673650856
1355 4.012556673650856
1356 4.012556673650856
1357 4.012556673650856
1358 4.012556673650856
1359 4.012556673650856
1360 4.012556673650856
1361 4.012556673650856
1362 4.012556673650856
1363 4.012556673650856
1364 4.012556673650856
1365 4.012556673650856
1366 4.012556673650856
1367 4.012556673650856
1368 4.012556673650856
1369 4.012556673650856
1370 4.012556673650856
1371 4.012556673650856
1372 4.012556673650856
1373 4.012556673650856
1374 4.012556673650856
1375 4.012556673650856
1376 4.012556673650856
1377 4.012556673650856
1378 4.012556673650856
1379 4.012556673650856
1380 4.012556673650856
1381 4.012556673650856
1382 4.012556673650856
1383 4.012556673650856
1384 4.012556673650856
1385 4.012556673650856
1386 4.012556673650856
1387 4.012556673650856
1388 4.012556673650856
1389 4.012556673650856
1390 4.012556673650856
1391 4.012556673650856
1392 4.012556673650856
1393 4.012556673650856
1394 4.012556673650856
1395 4.012556673650856
1396 4.012556673650856
1397 4.012556673650856
1398 4.012556673650856
1399 4.012556673650856
1400 4.012556673650856
1401 4.012556673650856
1402 4.012556673650856
1403 4.012556673650856
1404 4.012556673650856
1405 4.012556673650856
1406 4.012556673650856
1407 4.012556673650856
1408 4.012556673650856
1409 4.012556673650856
1410 4.012556673650856
1411 4.012556673650856
1412 4.012556673650856
1413 4.012556673650856
1414 4.012556673650856
1415 4.012556673650856
1416 4.012556673650856
1417 4.012556673650856
1418 4.012556673650856
1419 4.012556673650856
1420 4.012556673650856
1421 4.012556673650856
1422 4.012556673650856
1423 4.012556673650856
1424 4.012556673650856
1425 4.012556673650856
1426 4.012556673650856
1427 4.012556673650856
1428 4.012556673650856
1429 4.012556673650856
1430 4.012556673650856
1431 4.012556673650856
1432 4.012556673650856
1433 4.012556673650856
1434 4.012556673650856
1435 4.012556673650856
1436 4.475518376190626
1437 4.475518376190626
1438 4.475518376190626
1439 4.475518376190626
1440 4.475518376190626
1441 4.475518376190626
1442 4.475518376190626
1443 4.475518376190626
1444 4.475518376190626
1445 4.377225831253034
1446 4.377225831253034
1447 4.377225831253034
1448 4.377225831253034
1449 4.377225831253034
1450 4.317329761092473
1451 4.317329761092473
1452 4.317329761092473
1453 4.317329761092473
1454 4.317329761092473
1455 4.317329761092473
1456 4.317329761092473
1457 4.317329761092473
1458 4.317329761092473
1459 4.317329761092473
1460 4.317329761092473
1461 4.317329761092473
1462 4.317329761092473
1463 4.317329761092473
1464 4.317329761092473
1465 4.317329761092473
1466 4.317329761092473
1467 4.317329761092473
1468 4.317329761092473
1469 4.317329761092473
1470 4.317329761092473
1471 4.317329761092473
1472 4.317329761092473
1473 4.317329761092473
1474 4.317329761092473
1475 4.317329761092473
1476 4.317329761092473
1477 4.317329761092473
1478 4.317329761092473
1479 4.317329761092473
1480 4.317329761092473
1481 4.317329761092473
1482 4.317329761092473
1483 4.317329761092473
1484 4.317329761092473
1485 4.317329761092473
1486 4.317329761092473
1487 4.317329761092473
1488 4.317329761092473
1489 4.317329761092473
1490 4.317329761092473
1491 4.317329761092473
1492 4.317329761092473
1493 4.317329761092473
1494 4.317329761092473
1495 4.317329761092473
1496 4.317329761092473
1497 4.317329761092473
1498 4.317329761092473
1499 4.317329761092473
1500 4.317329761092473
1501 4.317329761092473
1502 4.317329761092473
1503 4.317329761092473
1504 4.317329761092473
1505 4.317329761092473
1506 4.317329761092473
1507 4.317329761092473
1508 4.455321424509735
1509 4.455321424509735
1510 4.455321424509735
1511 4.455321424509735
1512 4.455321424509735
1513 4.455321424509735
1514 4.455321424509735
1515 4.455321424509735
1516 4.455321424509735
1517 4.455321424509735
1518 4.455321424509735
1519 4.455321424509735
1520 4.455321424509735
1521 4.455321424509735
1522 4.455321424509735
1523 4.455321424509735
1524 4.455321424509735
1525 4.455321424509735
1526 4.455321424509735
1527 4.455321424509735
1528 4.455321424509735
1529 4.455321424509735
1530 4.455321424509735
1531 4.455321424509735
1532 4.455321424509735
1533 4.455321424509735
1534 4.455321424509735
1535 4.455321424509735
1536 4.455321424509735
1537 4.455321424509735
1538 4.455321424509735
1539 4.455321424509735
1540 4.455321424509735
1541 4.455321424509735
1542 4.455321424509735
1543 4.455321424509735
1544 4.455321424509735
1545 4.455321424509735
1546 4.455321424509735
1547 4.455321424509735
1548 4.455321424509735
1549 4.455321424509735
1550 4.455321424509735
1551 4.455321424509735
1552 4.455321424509735
1553 4.455321424509735
1554 4.455321424509735
1555 4.455321424509735
1556 4.473654447986543
1557 4.473654447986543
1558 4.473654447986543
1559 4.473654447986543
1560 4.473654447986543
1561 4.473654447986543
1562 4.473654447986543
1563 4.450548319996291
1564 4.450548319996291
1565 4.438934565786219
1566 4.438934565786219
1567 4.438934565786219
1568 4.438934565786219
1569 4.438934565786219
1570 4.438934565786219
1571 4.438934565786219
1572 4.438934565786219
1573 4.438934565786219
1574 4.438934565786219
1575 4.438934565786219
1576 4.438934565786219
1577 4.438934565786219
1578 4.438934565786219
1579 4.438934565786219
1580 4.438934565786219
1581 4.438934565786219
1582 4.438934565786219
1583 4.438934565786219
1584 4.438934565786219
1585 4.438934565786219
1586 4.438934565786219
1587 4.438934565786219
1588 4.438934565786219
1589 4.438934565786219
1590 4.438934565786219
1591 4.438934565786219
1592 4.438934565786219
1593 4.438934565786219
1594 4.438934565786219
1595 4.438934565786219
1596 4.438934565786219
1597 4.438934565786219
1598 4.438934565786219
1599 4.438934565786219
1600 4.438934565786219
1601 4.438934565786219
1602 4.438934565786219
1603 4.438934565786219
1604 4.438934565786219
1605 4.438934565786219
1606 4.438934565786219
1607 4.558159272689569
1608 4.558159272689569
1609 4.558159272689569
1610 4.558159272689569
1611 4.558159272689569
1612 4.5262875724571225
1613 4.5262875724571225
1614 4.5262875724571225
1615 4.5262875724571225
1616 4.5262875724571225
1617 4.5262875724571225
1618 4.5262875724571225
1619 4.5262875724571225
1620 4.5262875724571225
1621 4.5262875724571225
1622 4.5262875724571225
1623 4.5262875724571225
1624 4.5262875724571225
1625 4.5262875724571225
1626 4.5262875724571225
1627 4.5262875724571225
1628 4.5262875724571225
1629 4.5262875724571225
1630 4.5262875724571225
1631 4.5262875724571225
1632 4.5262875724571225
1633 4.5262875724571225
1634 4.5262875724571225
1635 4.5262875724571225
1636 4.5262875724571225
1637 4.5262875724571225
1638 4.5262875724571225
1639 4.5262875724571225
1640 4.5262875724571225
1641 4.485634302322062
1642 4.485634302322062
1643 4.485634302322062
1644 4.485634302322062
1645 4.485634302322062
1646 4.485634302322062
1647 4.485634302322062
1648 4.485634302322062
1649 4.485634302322062
1650 4.485634302322062
1651 4.485634302322062
1652 4.485634302322062
1653 4.485634302322062
1654 4.485634302322062
1655 4.485634302322062
1656 4.485634302322062
1657 4.485634302322062
1658 4.485634302322062
1659 4.485634302322062
1660 4.485634302322062
1661 4.485634302322062
1662 4.485634302322062
1663 4.485634302322062
1664 4.485634302322062
1665 4.485634302322062
1666 4.485634302322062
1667 4.485634302322062
1668 4.485634302322062
1669 4.485634302322062
1670 4.485634302322062
1671 4.485634302322062
1672 4.485634302322062
1673 4.485634302322062
1674 4.485634302322062
1675 4.485634302322062
1676 4.485634302322062
1677 4.485634302322062
1678 4.485634302322062
1679 4.485634302322062
1680 4.485634302322062
1681 4.485634302322062
1682 4.485634302322062
1683 4.485634302322062
1684 4.485634302322062
1685 4.485634302322062
1686 4.485634302322062
1687 4.485634302322062
1688 4.485634302322062
1689 4.485634302322062
1690 4.485634302322062
1691 4.485634302322062
1692 4.485634302322062
1693 4.485634302322062
1694 4.485634302322062
1695 4.485634302322062
1696 4.485634302322062
1697 4.485634302322062
1698 4.485634302322062
1699 4.485634302322062
1700 4.485634302322062
1701 4.485634302322062
1702 4.485634302322062
1703 4.485634302322062
1704 4.485634302322062
1705 4.485634302322062
1706 4.485634302322062
1707 4.485634302322062
1708 4.485634302322062
1709 4.485634302322062
1710 4.485634302322062
1711 4.485634302322062
1712 4.485634302322062
1713 4.485634302322062
1714 4.485634302322062
1715 4.485634302322062
1716 4.485634302322062
1717 4.485634302322062
1718 4.485634302322062
1719 4.485634302322062
1720 4.485634302322062
1721 4.485634302322062
1722 4.485634302322062
1723 4.485634302322062
1724 4.485634302322062
1725 4.485634302322062
1726 4.485634302322062
1727 4.485634302322062
1728 4.485634302322062
1729 4.485634302322062
1730 4.485634302322062
1731 4.485634302322062
1732 4.485634302322062
1733 4.485634302322062
1734 4.485634302322062
1735 4.485634302322062
1736 4.485634302322062
1737 4.485634302322062
1738 4.485634302322062
1739 4.485634302322062
1740 4.485634302322062
1741 4.485634302322062
1742 4.485634302322062
1743 4.485634302322062
1744 4.485634302322062
1745 4.485634302322062
1746 4.485634302322062
1747 4.485634302322062
1748 4.485634302322062
1749 4.485634302322062
1750 4.485634302322062
1751 4.485634302322062
1752 4.485634302322062
1753 4.485634302322062
1754 4.485634302322062
1755 4.485634302322062
1756 4.485634302322062
1757 4.485634302322062
1758 4.485634302322062
1759 4.485634302322062
1760 4.485634302322062
1761 4.485634302322062
1762 4.485634302322062
1763 4.485634302322062
1764 4.485634302322062
1765 4.485634302322062
1766 4.485634302322062
1767 4.485634302322062
1768 4.485634302322062
1769 4.485634302322062
1770 4.485634302322062
1771 4.485634302322062
1772 4.485634302322062
1773 4.485634302322062
1774 4.485634302322062
1775 4.485634302322062
1776 4.485634302322062
1777 4.485634302322062
1778 4.485634302322062
1779 4.485634302322062
1780 4.485634302322062
1781 4.485634302322062
1782 4.485634302322062
1783 4.485634302322062
1784 4.485634302322062
1785 4.485634302322062
1786 4.485634302322062
1787 4.485634302322062
1788 4.485634302322062
1789 4.485634302322062
1790 4.485634302322062
1791 4.485634302322062
1792 4.485634302322062
1793 4.485634302322062
1794 4.485634302322062
1795 4.485634302322062
1796 4.485634302322062
1797 4.485634302322062
1798 4.485634302322062
1799 4.485634302322062
1800 4.485634302322062
1801 4.485634302322062
1802 4.485634302322062
1803 4.485634302322062
1804 4.485634302322062
1805 4.485634302322062
1806 4.485634302322062
1807 4.485634302322062
1808 5.4792175788990445
1809 5.4792175788990445
1810 5.4792175788990445
1811 5.4792175788990445
1812 5.4792175788990445
1813 5.4792175788990445
1814 5.483239571182333
1815 5.483239571182333
1816 5.483239571182333
1817 5.483239571182333
1818 5.483239571182333
1819 5.483239571182333
1820 5.483239571182333
1821 5.483239571182333
1822 5.483239571182333
1823 5.483239571182333
1824 5.483239571182333
1825 5.483239571182333
1826 5.483239571182333
1827 5.483239571182333
1828 5.4055202400561875
1829 5.4055202400561875
1830 5.4055202400561875
1831 5.4055202400561875
1832 5.4055202400561875
1833 5.4055202400561875
1834 5.4055202400561875
1835 5.4055202400561875
1836 5.4055202400561875
1837 5.4055202400561875
1838 5.4055202400561875
1839 5.4055202400561875
1840 5.4055202400561875
1841 5.4055202400561875
1842 5.4055202400561875
1843 5.4055202400561875
1844 5.287563336712676
1845 5.287563336712676
1846 5.287563336712676
1847 5.232145110135702
1848 5.232145110135702
1849 5.232145110135702
1850 5.232145110135702
1851 5.232145110135702
1852 5.232145110135702
1853 5.232145110135702
1854 5.232145110135702
1855 5.232145110135702
1856 5.232145110135702
1857 5.232145110135702
1858 5.232145110135702
1859 5.232145110135702
1860 5.232145110135702
1861 5.133221768266427
1862 5.133221768266427
1863 5.133221768266427
1864 5.133221768266427
1865 5.133221768266427
1866 5.133221768266427
1867 5.133221768266427
1868 5.133221768266427
1869 5.133221768266427
1870 5.133221768266427
1871 5.133221768266427
1872 5.133221768266427
1873 5.133221768266427
1874 5.133221768266427
1875 5.133221768266427
1876 5.133221768266427
1877 5.133221768266427
1878 5.133221768266427
1879 5.133221768266427
1880 5.133221768266427
1881 5.133221768266427
1882 5.133221768266427
1883 5.133221768266427
1884 5.133221768266427
1885 5.133221768266427
1886 5.133221768266427
1887 5.133221768266427
1888 5.133221768266427
1889 5.133221768266427
1890 5.133221768266427
1891 5.133221768266427
1892 5.133221768266427
1893 5.133221768266427
1894 5.133221768266427
1895 5.133221768266427
1896 5.133221768266427
1897 5.133221768266427
1898 5.16849125344376
1899 5.16849125344376
1900 5.16849125344376
1901 5.077666248070646
1902 5.077666248070646
1903 5.077666248070646
1904 5.077666248070646
1905 5.077666248070646
1906 5.077666248070646
1907 5.077666248070646
1908 5.077666248070646
1909 5.077666248070646
1910 5.077666248070646
1911 5.077666248070646
1912 5.077666248070646
1913 5.077666248070646
1914 5.077666248070646
1915 5.077666248070646
1916 5.077666248070646
1917 5.077666248070646
1918 5.077666248070646
1919 5.077666248070646
1920 5.077666248070646
1921 5.077666248070646
1922 5.077666248070646
1923 5.077666248070646
1924 5.077666248070646
1925 5.085376386496613
1926 5.085376386496613
1927 5.085376386496613
1928 5.085376386496613
1929 5.068102205553791
1930 5.068102205553791
1931 5.062160123202555
1932 5.062160123202555
1933 5.0430788851271275
1934 5.0430788851271275
1935 5.0430788851271275
1936 5.0430788851271275
1937 5.0430788851271275
1938 5.0430788851271275
1939 5.0430788851271275
1940 5.0430788851271275
1941 5.0430788851271275
1942 5.0430788851271275
1943 5.0430788851271275
1944 5.0430788851271275
1945 5.0430788851271275
1946 5.0430788851271275
1947 5.0430788851271275
1948 5.0430788851271275
1949 5.0430788851271275
1950 5.0430788851271275
1951 5.0430788851271275
1952 5.0430788851271275
1953 5.0430788851271275
1954 5.0430788851271275
1955 5.0430788851271275
1956 5.0430788851271275
1957 5.0430788851271275
1958 5.0430788851271275
1959 5.0430788851271275
1960 5.0430788851271275
1961 5.0430788851271275
1962 5.05515543362355
1963 5.05515543362355
1964 5.0406308500326675
1965 5.0406308500326675
1966 5.0406308500326675
1967 5.0406308500326675
1968 5.0406308500326675
1969 5.0406308500326675
1970 5.0406308500326675
1971 5.0406308500326675
1972 5.0406308500326675
1973 5.0406308500326675
1974 5.0406308500326675
1975 5.0406308500326675
1976 5.0406308500326675
1977 5.0406308500326675
1978 5.0406308500326675
1979 5.0406308500326675
1980 5.0406308500326675
1981 5.0406308500326675
1982 5.0406308500326675
1983 5.0406308500326675
1984 5.0406308500326675
1985 5.0406308500326675
1986 5.0406308500326675
1987 5.0406308500326675
1988 5.0406308500326675
1989 5.0406308500326675
1990 5.0406308500326675
1991 5.0406308500326675
1992 5.0406308500326675
1993 5.0406308500326675
1994 5.0406308500326675
1995 5.0406308500326675
1996 5.0406308500326675
1997 5.0406308500326675
1998 5.0406308500326675
1999 5.0406308500326675
2000 5.0406308500326675
2001 5.0406308500326675
2002 5.0406308500326675
2003 5.0406308500326675
2004 5.0406308500326675
2005 5.0406308500326675
2006 5.0406308500326675
2007 5.0406308500326675
2008 5.0406308500326675
2009 5.0406308500326675
2010 5.0406308500326675
2011 5.0406308500326675
2012 5.0406308500326675
2013 5.0406308500326675
2014 5.0406308500326675
2015 5.0406308500326675
2016 5.0406308500326675
2017 5.0406308500326675
2018 5.0406308500326675
2019 5.0406308500326675
2020 5.0406308500326675
2021 5.035233876273757
2022 5.035233876273757
2023 5.035233876273757
2024 5.035233876273757
2025 5.035233876273757
2026 5.035233876273757
2027 5.035233876273757
2028 5.035233876273757
2029 5.035233876273757
2030 4.967567150222893
2031 4.967567150222893
2032 4.967567150222893
2033 4.967567150222893
2034 4.967567150222893
2035 4.967567150222893
2036 4.967567150222893
2037 4.967567150222893
2038 4.967567150222893
2039 4.967567150222893
2040 4.967567150222893
2041 4.967567150222893
2042 4.967567150222893
2043 4.967567150222893
2044 4.967567150222893
2045 4.967567150222893
2046 4.967567150222893
2047 4.967567150222893
2048 4.967567150222893
2049 4.967567150222893
2050 4.967567150222893
2051 4.967567150222893
2052 4.967567150222893
2053 4.967567150222893
2054 4.967567150222893
2055 4.967567150222893
2056 4.967567150222893
2057 4.967567150222893
2058 4.967567150222893
2059 4.967567150222893
2060 4.967567150222893
2061 4.967567150222893
2062 4.967567150222893
2063 4.967567150222893
2064 4.967567150222893
2065 4.967567150222893
2066 4.967567150222893
2067 4.967567150222893
2068 4.967567150222893
2069 4.967567150222893
2070 4.963777610634692
2071 4.963777610634692
2072 4.963777610634692
2073 4.963777610634692
2074 4.963777610634692
2075 4.963777610634692
2076 4.963777610634692
2077 4.963777610634692
2078 4.908298458314462
2079 4.908298458314462
2080 4.908298458314462
2081 4.908298458314462
2082 4.908298458314462
2083 4.908298458314462
2084 4.908298458314462
2085 4.908298458314462
2086 4.908298458314462
2087 4.908298458314462
2088 4.908298458314462
2089 4.8691714724616695
2090 4.8691714724616695
2091 4.8691714724616695
2092 4.8691714724616695
2093 4.851692135424827
2094 4.851692135424827
2095 4.851692135424827
2096 4.851692135424827
2097 4.851692135424827
2098 4.851692135424827
2099 4.851692135424827
2100 4.851692135424827
2101 4.851692135424827
2102 4.851692135424827
2103 4.851692135424827
2104 4.851692135424827
2105 4.851692135424827
2106 4.851692135424827
2107 4.851692135424827
2108 4.851692135424827
2109 4.851692135424827
2110 4.851692135424827
2111 4.851692135424827
2112 4.851692135424827
2113 4.851692135424827
2114 4.851692135424827
2115 4.851692135424827
2116 4.851692135424827
2117 4.851692135424827
2118 4.851692135424827
2119 4.851692135424827
2120 4.851692135424827
2121 4.851692135424827
2122 4.851692135424827
2123 4.851692135424827
2124 4.851692135424827
2125 4.851692135424827
2126 4.851692135424827
2127 4.851692135424827
2128 4.851692135424827
2129 4.851692135424827
2130 4.851692135424827
2131 4.851692135424827
2132 4.851692135424827
2133 4.851692135424827
2134 4.851692135424827
2135 4.851692135424827
2136 4.851692135424827
2137 4.851692135424827
2138 4.851692135424827
2139 4.851692135424827
2140 4.851692135424827
2141 4.851692135424827
2142 4.851692135424827
2143 4.851692135424827
2144 4.851692135424827
2145 4.919250286436117
2146 4.919250286436117
2147 4.919250286436117
2148 4.919250286436117
2149 4.919250286436117
2150 4.919250286436117
2151 4.919250286436117
2152 4.919250286436117
2153 4.919250286436117
2154 4.919250286436117
2155 4.919250286436117
2156 4.919250286436117
2157 4.919250286436117
2158 4.919250286436117
2159 4.919250286436117
2160 4.919250286436117
2161 4.919250286436117
2162 4.919250286436117
2163 4.919250286436117
2164 4.919250286436117
2165 4.919250286436117
2166 4.919250286436117
2167 4.919250286436117
2168 4.919250286436117
2169 4.919250286436117
2170 4.919250286436117
2171 4.919250286436117
2172 4.919250286436117
2173 4.919250286436117
2174 4.919250286436117
2175 4.919250286436117
2176 4.919250286436117
2177 4.919250286436117
2178 4.919250286436117
2179 4.844689189982649
2180 4.844689189982649
2181 4.844689189982649
2182 4.844689189982649
2183 4.844689189982649
2184 4.844689189982649
2185 4.844689189982649
2186 4.844689189982649
2187 4.844689189982649
2188 4.844689189982649
2189 4.844689189982649
2190 4.844689189982649
2191 4.844689189982649
2192 4.844689189982649
2193 4.844689189982649
2194 4.844689189982649
2195 4.844689189982649
2196 4.844689189982649
2197 4.844689189982649
2198 4.844689189982649
2199 4.844689189982649
2200 4.844689189982649
2201 4.844689189982649
2202 4.844689189982649
2203 4.844689189982649
2204 4.844689189982649
2205 4.844689189982649
2206 4.844689189982649
2207 4.844689189982649
2208 4.844689189982649
2209 4.844689189982649
2210 4.844689189982649
2211 4.844689189982649
2212 4.844689189982649
2213 4.844689189982649
2214 4.844689189982649
2215 4.844689189982649
2216 4.844689189982649
2217 4.844689189982649
2218 4.844689189982649
2219 4.844689189982649
2220 4.844689189982649
2221 4.844689189982649
2222 4.844689189982649
2223 4.844689189982649
2224 4.844689189982649
2225 4.844689189982649
2226 4.844689189982649
2227 4.844689189982649
2228 4.844689189982649
2229 4.844689189982649
2230 4.844689189982649
2231 4.844689189982649
2232 4.844689189982649
2233 4.844689189982649
2234 4.844689189982649
2235 4.844689189982649
2236 4.844689189982649
2237 4.844689189982649
2238 4.844689189982649
2239 4.844689189982649
2240 4.844689189982649
2241 4.844689189982649
2242 4.844689189982649
2243 4.844689189982649
2244 4.844689189982649
2245 4.844689189982649
2246 4.844689189982649
2247 4.844689189982649
2248 4.844689189982649
2249 4.844689189982649
2250 4.844689189982649
2251 4.844689189982649
2252 4.844689189982649
2253 4.844689189982649
2254 4.844689189982649
2255 4.844689189982649
2256 4.844689189982649
2257 4.844689189982649
2258 4.844689189982649
2259 4.844689189982649
2260 4.844689189982649
2261 4.844689189982649
2262 4.844689189982649
2263 4.844689189982649
2264 4.844689189982649
2265 4.844689189982649
2266 4.844689189982649
2267 4.844689189982649
2268 4.844689189982649
2269 4.844689189982649
2270 4.844689189982649
2271 4.844689189982649
2272 4.844689189982649
2273 4.844689189982649
2274 4.844689189982649
2275 4.844689189982649
2276 4.844689189982649
2277 4.844689189982649
2278 4.844689189982649
2279 4.844689189982649
2280 4.844689189982649
2281 4.844689189982649
2282 4.844689189982649
2283 4.844689189982649
2284 4.844689189982649
2285 4.844689189982649
2286 4.844689189982649
2287 4.844689189982649
2288 4.844689189982649
2289 4.844689189982649
2290 4.844689189982649
2291 4.844689189982649
2292 4.844689189982649
2293 4.844689189982649
2294 4.844689189982649
2295 4.844689189982649
2296 4.844689189982649
2297 4.844689189982649
2298 4.844689189982649
2299 4.844689189982649
2300 4.844689189982649
2301 4.844689189982649
2302 4.844689189982649
2303 4.844689189982649
2304 4.844689189982649
2305 4.844689189982649
2306 4.844689189982649
2307 4.844689189982649
2308 4.844689189982649
2309 4.844689189982649
2310 4.844689189982649
2311 4.844689189982649
2312 4.844689189982649
2313 4.844689189982649
2314 4.844689189982649
2315 4.844689189982649
2316 4.844689189982649
2317 4.844689189982649
2318 4.844689189982649
2319 4.844689189982649
2320 4.844689189982649
2321 4.844689189982649
2322 4.844689189982649
2323 4.844689189982649
2324 4.844689189982649
2325 4.844689189982649
2326 4.844689189982649
2327 4.844689189982649
2328 5.2350801507324345
2329 5.2350801507324345
2330 5.2350801507324345
2331 5.2350801507324345
2332 5.2350801507324345
2333 5.2350801507324345
2334 5.2350801507324345
2335 5.2350801507324345
2336 5.2350801507324345
2337 5.2350801507324345
2338 5.2350801507324345
2339 5.2350801507324345
2340 5.2350801507324345
2341 5.2350801507324345
2342 5.2350801507324345
2343 5.2350801507324345
2344 5.2350801507324345
2345 5.2350801507324345
2346 5.2350801507324345
2347 5.2350801507324345
2348 5.2350801507324345
2349 5.2350801507324345
2350 5.2350801507324345
2351 5.2350801507324345
2352 5.2350801507324345
2353 5.2350801507324345
2354 5.2350801507324345
2355 5.2350801507324345
2356 5.2350801507324345
2357 5.2350801507324345
2358 5.2350801507324345
2359 5.2350801507324345
2360 5.2350801507324345
2361 5.2350801507324345
2362 5.2350801507324345
2363 5.2350801507324345
2364 5.2350801507324345
2365 5.2350801507324345
2366 5.2350801507324345
2367 5.2350801507324345
2368 5.2350801507324345
2369 5.2350801507324345
2370 5.2350801507324345
2371 5.2350801507324345
2372 5.2350801507324345
2373 5.2350801507324345
2374 5.2350801507324345
2375 5.2350801507324345
2376 5.2350801507324345
2377 5.2350801507324345
2378 5.2350801507324345
2379 5.2350801507324345
2380 5.2350801507324345
2381 5.2350801507324345
2382 5.2350801507324345
2383 5.2350801507324345
2384 5.2350801507324345
2385 5.2350801507324345
2386 5.2350801507324345
2387 5.2350801507324345
2388 5.2350801507324345
2389 5.2350801507324345
2390 5.2350801507324345
2391 5.2350801507324345
2392 5.2350801507324345
2393 5.2350801507324345
2394 5.2350801507324345
2395 5.2350801507324345
2396 5.2350801507324345
2397 5.2350801507324345
2398 5.2350801507324345
2399 5.2350801507324345
2400 5.2350801507324345
2401 5.2350801507324345
2402 5.2350801507324345
2403 5.2350801507324345
2404 5.2350801507324345
2405 5.2350801507324345
2406 5.2350801507324345
2407 5.2350801507324345
2408 5.2350801507324345
2409 5.2350801507324345
2410 5.2350801507324345
2411 5.2350801507324345
2412 5.2350801507324345
2413 5.2350801507324345
2414 5.2350801507324345
2415 5.2350801507324345
2416 5.2350801507324345
2417 5.2350801507324345
2418 5.2350801507324345
2419 5.2350801507324345
2420 5.2350801507324345
2421 5.2350801507324345
2422 5.2350801507324345
2423 5.2350801507324345
2424 5.2350801507324345
2425 5.2350801507324345
2426 5.2350801507324345
2427 5.2350801507324345
2428 5.2350801507324345
2429 5.2350801507324345
2430 5.2350801507324345
2431 5.2350801507324345
2432 5.2350801507324345
2433 5.2350801507324345
2434 5.2350801507324345
2435 5.2350801507324345
2436 5.2350801507324345
2437 5.2350801507324345
2438 5.2350801507324345
2439 5.2350801507324345
2440 5.2350801507324345
2441 5.2350801507324345
2442 5.2350801507324345
2443 5.2350801507324345
2444 5.2350801507324345
2445 5.2350801507324345
2446 5.2350801507324345
2447 5.2350801507324345
2448 5.2350801507324345
2449 5.2350801507324345
2450 5.2350801507324345
2451 5.2350801507324345
2452 5.2350801507324345
2453 5.2350801507324345
2454 5.2350801507324345
2455 5.2350801507324345
2456 5.2350801507324345
2457 5.2350801507324345
2458 5.2350801507324345
2459 5.2350801507324345
2460 5.2350801507324345
2461 5.2350801507324345
2462 5.2350801507324345
2463 5.2350801507324345
2464 5.2350801507324345
2465 5.2350801507324345
2466 5.2350801507324345
2467 5.2350801507324345
2468 5.2350801507324345
2469 5.2350801507324345
2470 5.780480752066593
2471 5.780480752066593
2472 5.766555374734992
2473 5.766555374734992
2474 5.766555374734992
2475 5.766555374734992
2476 5.766555374734992
2477 5.748771344984688
2478 5.748771344984688
2479 5.748771344984688
2480 5.748771344984688
2481 5.748771344984688
2482 5.748771344984688
2483 5.748771344984688
2484 5.748771344984688
2485 5.748771344984688
2486 5.748771344984688
2487 5.748771344984688
2488 5.748771344984688
2489 5.748771344984688
2490 5.748771344984688
2491 5.748771344984688
2492 5.748771344984688
2493 5.748771344984688
2494 5.748771344984688
2495 5.748771344984688
2496 5.748771344984688
2497 5.748771344984688
2498 5.748771344984688
2499 5.748771344984688
2500 5.748771344984688
2501 5.748771344984688
2502 5.748771344984688
2503 5.748771344984688
2504 5.748771344984688
2505 5.748771344984688
2506 5.748771344984688
2507 5.748771344984688
2508 5.748771344984688
2509 5.748771344984688
2510 5.748771344984688
2511 5.748771344984688
2512 5.748771344984688
2513 5.748771344984688
2514 5.748771344984688
2515 5.748771344984688
2516 5.8539845743914185
2517 5.8539845743914185
2518 5.8539845743914185
2519 5.8539845743914185
2520 5.8539845743914185
2521 5.8539845743914185
2522 5.8539845743914185
2523 5.8539845743914185
2524 5.829215506279009
2525 5.829215506279009
2526 5.829215506279009
2527 5.829215506279009
2528 5.829215506279009
2529 5.829215506279009
2530 5.829215506279009
2531 5.829215506279009
2532 5.829215506279009
2533 5.829215506279009
2534 5.829215506279009
2535 5.829215506279009
2536 5.829215506279009
2537 5.829215506279009
2538 5.829215506279009
2539 5.829215506279009
2540 5.829215506279009
2541 5.829215506279009
2542 5.829215506279009
2543 5.829215506279009
2544 5.829215506279009
2545 5.718903414511432
2546 5.718903414511432
2547 5.718903414511432
2548 5.718903414511432
2549 5.718903414511432
2550 5.718903414511432
2551 5.718903414511432
2552 5.718903414511432
2553 5.718903414511432
2554 5.718903414511432
2555 5.718903414511432
2556 5.718903414511432
2557 5.718903414511432
2558 5.718903414511432
2559 5.718903414511432
2560 5.718903414511432
2561 5.718903414511432
2562 5.718903414511432
2563 5.718903414511432
2564 5.685162984241078
2565 5.685162984241078
2566 5.685162984241078
2567 5.685162984241078
2568 5.685162984241078
2569 5.685162984241078
2570 5.685162984241078
2571 5.685162984241078
2572 5.685162984241078
2573 5.685162984241078
2574 5.685162984241078
2575 5.685162984241078
2576 5.685162984241078
2577 5.685162984241078
2578 5.685162984241078
2579 5.673585430898635
2580 5.673585430898635
2581 5.673585430898635
2582 5.673585430898635
2583 5.673585430898635
2584 5.673585430898635
2585 5.657380804274952
2586 5.657380804274952
2587 5.657380804274952
2588 5.657380804274952
2589 5.657380804274952
2590 5.657380804274952
2591 5.657380804274952
2592 5.657380804274952
2593 5.657380804274952
2594 5.657380804274952
2595 5.657380804274952
2596 5.657380804274952
2597 5.657380804274952
2598 5.657380804274952
2599 5.657380804274952
2600 5.657380804274952
2601 5.657380804274952
2602 5.657380804274952
2603 5.657380804274952
2604 5.657380804274952
2605 5.657380804274952
2606 5.657380804274952
2607 5.657380804274952
2608 5.657380804274952
2609 5.657380804274952
2610 5.657380804274952
2611 5.657380804274952
2612 5.657380804274952
2613 5.657380804274952
2614 5.657380804274952
2615 5.657380804274952
2616 5.657380804274952
2617 5.725259761549159
2618 5.725259761549159
2619 5.7180199109214715
2620 5.7180199109214715
2621 5.7180199109214715
2622 5.7180199109214715
2623 5.7180199109214715
2624 5.7180199109214715
2625 5.7180199109214715
2626 5.7180199109214715
2627 5.7180199109214715
2628 5.7180199109214715
2629 5.7180199109214715
2630 5.7180199109214715
2631 5.7180199109214715
2632 5.6481385453734045
2633 5.6481385453734045
2634 5.6481385453734045
2635 5.6481385453734045
2636 5.6481385453734045
2637 5.578545253574209
2638 5.578545253574209
2639 5.578545253574209
2640 5.578545253574209
2641 5.578545253574209
2642 5.578545253574209
2643 5.578545253574209
2644 5.578545253574209
2645 5.578545253574209
2646 5.578545253574209
2647 5.578545253574209
2648 5.578545253574209
2649 5.561350259783806
2650 5.561350259783806
2651 5.561350259783806
2652 5.561350259783806
2653 5.561350259783806
2654 5.561350259783806
2655 5.561350259783806
2656 5.561350259783806
2657 5.561350259783806
2658 5.561350259783806
2659 5.518467405356491
2660 5.518467405356491
2661 5.518467405356491
2662 5.490562804519713
2663 5.490562804519713
2664 5.490562804519713
2665 5.490562804519713
2666 5.490562804519713
2667 5.490562804519713
2668 5.490562804519713
2669 5.490562804519713
2670 5.490562804519713
2671 5.490562804519713
2672 5.490562804519713
2673 5.490562804519713
2674 5.490562804519713
2675 5.490562804519713
2676 5.490562804519713
2677 5.490562804519713
2678 5.490562804519713
2679 5.490562804519713
2680 5.490562804519713
2681 5.490562804519713
2682 5.490562804519713
2683 5.490562804519713
2684 5.490562804519713
2685 5.490562804519713
2686 5.490562804519713
2687 5.490562804519713
2688 5.490562804519713
2689 5.490562804519713
2690 5.490562804519713
2691 5.490562804519713
2692 5.490562804519713
2693 5.490562804519713
2694 5.490562804519713
2695 5.490562804519713
2696 5.490562804519713
2697 5.490562804519713
2698 5.490562804519713
2699 5.490562804519713
2700 5.490562804519713
2701 5.490562804519713
2702 5.490562804519713
2703 5.490562804519713
2704 5.490562804519713
2705 5.490562804519713
2706 5.490562804519713
2707 5.490562804519713
2708 5.490562804519713
2709 5.490562804519713
2710 5.490562804519713
2711 5.490562804519713
2712 5.490562804519713
2713 5.490562804519713
2714 5.490562804519713
2715 5.490562804519713
2716 5.490562804519713
2717 5.490562804519713
2718 5.490562804519713
2719 5.50246487313324
2720 5.50246487313324
2721 5.50246487313324
2722 5.496678936066196
2723 5.496678936066196
2724 5.496678936066196
2725 5.496678936066196
2726 5.496678936066196
2727 5.496678936066196
2728 5.496678936066196
2729 5.496678936066196
2730 5.476895419910857
2731 5.476895419910857
2732 5.476895419910857
2733 5.476895419910857
2734 5.476895419910857
2735 5.476895419910857
2736 5.476895419910857
2737 5.476895419910857
2738 5.476895419910857
2739 5.476895419910857
2740 5.37158493051683
2741 5.37158493051683
2742 5.37158493051683
2743 5.37158493051683
2744 5.37158493051683
2745 5.37158493051683
2746 5.37158493051683
2747 5.37158493051683
2748 5.37158493051683
2749 5.37158493051683
2750 5.37158493051683
2751 5.37158493051683
2752 5.37158493051683
2753 5.37158493051683
2754 5.37158493051683
2755 5.37158493051683
2756 5.37158493051683
2757 5.37158493051683
2758 5.37158493051683
2759 5.37158493051683
2760 5.37158493051683
2761 5.37158493051683
2762 5.37158493051683
2763 5.37158493051683
2764 5.37158493051683
2765 5.37158493051683
2766 5.37158493051683
2767 5.37158493051683
2768 5.37158493051683
2769 5.37158493051683
2770 5.37158493051683
2771 5.37158493051683
2772 5.37158493051683
2773 5.37158493051683
2774 5.37158493051683
2775 5.37158493051683
2776 5.37158493051683
2777 5.37158493051683
2778 5.37158493051683
2779 5.37158493051683
2780 5.568230366208558
2781 5.568230366208558
2782 5.568230366208558
2783 5.568230366208558
2784 5.568230366208558
2785 5.568230366208558
2786 5.568230366208558
2787 5.568230366208558
2788 5.568230366208558
2789 5.568230366208558
2790 5.568230366208558
2791 5.568230366208558
2792 5.568230366208558
2793 5.568230366208558
2794 5.568230366208558
2795 5.568230366208558
2796 5.5190892632743385
2797 5.5190892632743385
2798 5.5190892632743385
2799 5.5190892632743385
2800 5.5190892632743385
2801 5.5190892632743385
2802 5.5190892632743385
2803 5.443537121157794
2804 5.443537121157794
2805 5.443537121157794
2806 5.443537121157794
2807 5.443537121157794
2808 5.443537121157794
2809 5.443537121157794
2810 5.443537121157794
2811 5.443537121157794
2812 5.443537121157794
2813 5.443537121157794
2814 5.443537121157794
2815 5.443537121157794
2816 5.443537121157794
2817 5.443537121157794
2818 5.443537121157794
2819 5.443537121157794
2820 5.443537121157794
2821 5.443537121157794
2822 5.443537121157794
2823 5.443537121157794
2824 5.443537121157794
2825 5.443537121157794
2826 5.443537121157794
2827 5.443537121157794
2828 5.443537121157794
2829 5.443537121157794
2830 5.443537121157794
2831 5.443537121157794
2832 5.443537121157794
2833 5.443537121157794
2834 5.443537121157794
2835 5.443537121157794
2836 5.443537121157794
2837 5.443537121157794
2838 5.443537121157794
2839 5.443537121157794
2840 5.443537121157794
2841 5.443537121157794
2842 5.443537121157794
2843 5.443537121157794
2844 5.443537121157794
2845 5.443537121157794
2846 5.443537121157794
2847 5.443537121157794
2848 5.443537121157794
2849 5.443537121157794
2850 5.443537121157794
2851 5.443537121157794
2852 5.443537121157794
2853 5.443537121157794
2854 5.443537121157794
2855 5.443537121157794
2856 5.443537121157794
2857 5.443537121157794
2858 5.443537121157794
2859 5.443537121157794
2860 5.443537121157794
2861 5.443537121157794
2862 5.443537121157794
2863 5.443537121157794
2864 5.443537121157794
2865 5.443537121157794
2866 5.443537121157794
2867 5.443537121157794
2868 5.443537121157794
2869 5.443537121157794
2870 5.443537121157794
2871 5.443537121157794
2872 5.653401402589331
2873 5.653401402589331
2874 5.653401402589331
2875 5.653401402589331
2876 5.653401402589331
2877 5.653401402589331
2878 5.653401402589331
2879 5.653401402589331
2880 5.653401402589331
2881 5.653401402589331
2882 5.653401402589331
2883 5.653401402589331
2884 5.653401402589331
2885 5.653401402589331
2886 5.653401402589331
2887 5.653401402589331
2888 5.653401402589331
2889 5.653401402589331
2890 5.653401402589331
2891 5.653401402589331
2892 5.653401402589331
2893 5.653401402589331
2894 5.589025867353841
2895 5.589025867353841
2896 5.56518941919933
2897 5.56518941919933
2898 5.56518941919933
2899 5.56518941919933
2900 5.56518941919933
2901 5.56518941919933
2902 5.56518941919933
2903 5.56518941919933
2904 5.56518941919933
2905 5.56518941919933
2906 5.56518941919933
2907 5.5430962528826235
2908 5.5430962528826235
2909 5.5430962528826235
2910 5.5430962528826235
2911 5.5430962528826235
2912 5.5430962528826235
2913 5.5430962528826235
2914 5.551793760599109
2915 5.551793760599109
2916 5.546121135987374
2917 5.546121135987374
2918 5.546121135987374
2919 5.546121135987374
2920 5.546121135987374
2921 5.546121135987374
2922 5.546121135987374
2923 5.546121135987374
2924 5.546121135987374
2925 5.546121135987374
2926 5.546121135987374
2927 5.546121135987374
2928 5.546121135987374
2929 5.4998090421746255
2930 5.4998090421746255
2931 5.4998090421746255
2932 5.4998090421746255
2933 5.4998090421746255
2934 5.4998090421746255
2935 5.4998090421746255
2936 5.4998090421746255
2937 5.4998090421746255
2938 5.4998090421746255
2939 5.4998090421746255
2940 5.4998090421746255
2941 5.4998090421746255
2942 5.4998090421746255
2943 5.4998090421746255
2944 5.4998090421746255
2945 5.4998090421746255
2946 5.4998090421746255
2947 5.4998090421746255
2948 5.4998090421746255
2949 5.4998090421746255
2950 5.4998090421746255
2951 5.4998090421746255
2952 5.4998090421746255
2953 5.4998090421746255
2954 5.4998090421746255
2955 5.4998090421746255
2956 5.4998090421746255
2957 5.4998090421746255
2958 5.4998090421746255
2959 5.4998090421746255
2960 5.4998090421746255
2961 5.4998090421746255
2962 5.4998090421746255
2963 5.4998090421746255
2964 5.4998090421746255
2965 5.4998090421746255
2966 5.4998090421746255
2967 5.4998090421746255
2968 5.4998090421746255
2969 5.4998090421746255
2970 5.4998090421746255
2971 5.4998090421746255
2972 5.4998090421746255
2973 5.4998090421746255
2974 5.4998090421746255
2975 5.4998090421746255
2976 5.4998090421746255
2977 5.4998090421746255
2978 5.4998090421746255
2979 5.4998090421746255
2980 5.4998090421746255
2981 5.4998090421746255
2982 5.4998090421746255
2983 5.4998090421746255
2984 5.4998090421746255
2985 5.4998090421746255
2986 5.4998090421746255
2987 5.4998090421746255
2988 5.4998090421746255
2989 5.4998090421746255
2990 5.4998090421746255
2991 5.4998090421746255
2992 5.4998090421746255
2993 5.4998090421746255
2994 5.4998090421746255
2995 5.4998090421746255
2996 5.4998090421746255
2997 5.4998090421746255
2998 5.4998090421746255
2999 5.4998090421746255
3000 5.4998090421746255
3001 5.4998090421746255
3002 5.4998090421746255
3003 5.4998090421746255
3004 5.4998090421746255
3005 5.4998090421746255
3006 5.4998090421746255
3007 5.4998090421746255
3008 5.4998090421746255
3009 5.4998090421746255
3010 5.4998090421746255
3011 5.4998090421746255
3012 5.4998090421746255
3013 5.4998090421746255
3014 5.4998090421746255
3015 5.4998090421746255
3016 5.4998090421746255
3017 5.4998090421746255
3018 5.4998090421746255
3019 5.673333384392281
3020 5.673333384392281
3021 5.673333384392281
3022 5.673333384392281
3023 5.673333384392281
3024 5.673333384392281
3025 5.673333384392281
3026 5.673333384392281
3027 5.673333384392281
3028 5.673333384392281
3029 5.673333384392281
3030 5.673333384392281
3031 5.673333384392281
3032 5.673333384392281
3033 5.673333384392281
3034 5.673333384392281
3035 5.673333384392281
3036 5.673333384392281
3037 5.673333384392281
3038 5.673333384392281
3039 5.673333384392281
3040 5.673333384392281
3041 5.673333384392281
3042 5.673333384392281
3043 5.673333384392281
3044 5.673333384392281
3045 5.673333384392281
3046 5.673333384392281
3047 5.63294425015767
3048 5.63294425015767
3049 5.63294425015767
3050 5.63294425015767
3051 5.63294425015767
3052 5.63294425015767
3053 5.63294425015767
3054 5.63294425015767
3055 5.63294425015767
3056 5.63294425015767
3057 5.63294425015767
3058 5.63294425015767
3059 5.63294425015767
3060 5.63294425015767
3061 5.63294425015767
3062 5.63294425015767
3063 5.63294425015767
3064 5.63294425015767
3065 5.63294425015767
3066 5.63294425015767
3067 5.63294425015767
3068 5.63294425015767
3069 5.63294425015767
3070 5.63294425015767
3071 5.63294425015767
3072 5.63294425015767
3073 5.63294425015767
3074 5.63294425015767
3075 5.63294425015767
3076 5.63294425015767
3077 5.63294425015767
3078 5.63294425015767
3079 5.63294425015767
3080 5.63294425015767
3081 5.716683115372353
3082 5.716683115372353
3083 5.716683115372353
3084 5.716683115372353
3085 5.716683115372353
3086 5.716683115372353
3087 5.716683115372353
3088 5.716683115372353
3089 5.716683115372353
3090 5.716683115372353
3091 5.705249192498746
3092 5.705249192498746
3093 5.705249192498746
3094 5.705249192498746
3095 5.705249192498746
3096 5.705249192498746
3097 5.705249192498746
3098 5.705249192498746
3099 5.705249192498746
3100 5.705249192498746
3101 5.705249192498746
3102 5.705249192498746
3103 5.705249192498746
3104 5.705249192498746
3105 5.705249192498746
3106 5.705249192498746
3107 5.705249192498746
3108 5.705249192498746
3109 5.705249192498746
3110 5.705249192498746
3111 5.705249192498746
3112 5.705249192498746
3113 5.705249192498746
3114 5.705249192498746
3115 5.705249192498746
3116 5.705249192498746
3117 5.705249192498746
3118 5.705249192498746
3119 5.705249192498746
3120 5.705249192498746
3121 5.705249192498746
3122 5.705249192498746
3123 5.705249192498746
3124 5.705249192498746
3125 5.705249192498746
3126 5.705249192498746
3127 5.705249192498746
3128 5.705249192498746
3129 5.705249192498746
3130 5.705249192498746
3131 5.705249192498746
3132 5.705249192498746
3133 5.705249192498746
3134 5.705249192498746
3135 5.705249192498746
3136 5.705249192498746
3137 5.705249192498746
3138 5.705249192498746
3139 5.705249192498746
3140 5.705249192498746
3141 5.705249192498746
3142 5.705249192498746
3143 5.705249192498746
3144 5.705249192498746
3145 5.705249192498746
3146 5.705249192498746
3147 5.705249192498746
3148 5.705249192498746
3149 5.705249192498746
3150 5.705249192498746
3151 5.705249192498746
3152 5.705249192498746
3153 5.705249192498746
3154 5.705249192498746
3155 5.705249192498746
3156 5.705249192498746
3157 5.705249192498746
3158 5.705249192498746
3159 5.705249192498746
3160 5.705249192498746
3161 5.705249192498746
3162 5.705249192498746
3163 5.705249192498746
3164 5.705249192498746
3165 5.705249192498746
3166 5.705249192498746
3167 5.705249192498746
3168 5.705249192498746
3169 5.705249192498746
3170 5.705249192498746
3171 5.705249192498746
3172 5.705249192498746
3173 5.705249192498746
3174 5.705249192498746
3175 5.705249192498746
3176 5.705249192498746
3177 5.705249192498746
3178 5.705249192498746
3179 5.705249192498746
3180 5.705249192498746
3181 5.705249192498746
3182 5.705249192498746
3183 5.705249192498746
3184 5.705249192498746
3185 5.705249192498746
3186 5.705249192498746
3187 5.705249192498746
3188 5.705249192498746
3189 5.705249192498746
3190 5.705249192498746
3191 5.705249192498746
3192 5.705249192498746
3193 5.705249192498746
3194 5.705249192498746
3195 5.705249192498746
3196 5.705249192498746
3197 5.705249192498746
3198 5.705249192498746
3199 5.705249192498746
3200 5.705249192498746
3201 5.705249192498746
3202 5.705249192498746
3203 5.705249192498746
3204 5.705249192498746
3205 5.705249192498746
3206 5.705249192498746
3207 5.705249192498746
3208 5.705249192498746
3209 5.705249192498746
3210 5.705249192498746
3211 5.705249192498746
3212 5.705249192498746
3213 5.705249192498746
3214 5.705249192498746
3215 5.705249192498746
3216 5.705249192498746
3217 5.705249192498746
3218 5.705249192498746
3219 5.705249192498746
3220 5.705249192498746
3221 5.705249192498746
3222 5.705249192498746
3223 5.705249192498746
3224 5.705249192498746
3225 5.705249192498746
3226 5.705249192498746
3227 5.705249192498746
3228 5.705249192498746
3229 5.705249192498746
3230 5.705249192498746
3231 5.705249192498746
3232 5.705249192498746
3233 5.705249192498746
3234 5.705249192498746
3235 5.705249192498746
3236 5.705249192498746
3237 5.705249192498746
3238 5.705249192498746
3239 5.705249192498746
3240 5.705249192498746
3241 5.705249192498746
3242 5.705249192498746
3243 5.705249192498746
3244 5.705249192498746
3245 5.705249192498746
3246 5.705249192498746
3247 5.705249192498746
3248 5.705249192498746
3249 5.705249192498746
3250 5.705249192498746
3251 5.705249192498746
3252 5.705249192498746
3253 5.705249192498746
3254 5.705249192498746
3255 5.705249192498746
3256 5.705249192498746
3257 5.705249192498746
3258 5.705249192498746
3259 5.705249192498746
3260 5.705249192498746
3261 5.705249192498746
3262 5.705249192498746
3263 5.705249192498746
3264 5.705249192498746
3265 5.705249192498746
3266 5.705249192498746
3267 5.705249192498746
3268 5.705249192498746
3269 5.705249192498746
3270 5.705249192498746
3271 5.705249192498746
3272 5.705249192498746
3273 5.705249192498746
3274 5.705249192498746
3275 5.705249192498746
3276 5.705249192498746
3277 5.705249192498746
3278 5.705249192498746
3279 5.705249192498746
3280 5.705249192498746
3281 5.705249192498746
3282 5.705249192498746
3283 5.705249192498746
3284 5.705249192498746
3285 5.705249192498746
3286 5.705249192498746
3287 5.705249192498746
3288 5.705249192498746
3289 5.705249192498746
3290 5.705249192498746
3291 5.705249192498746
3292 5.705249192498746
3293 5.705249192498746
3294 5.705249192498746
3295 5.705249192498746
3296 5.705249192498746
3297 5.705249192498746
3298 5.705249192498746
3299 5.705249192498746
3300 5.705249192498746
3301 5.705249192498746
3302 5.705249192498746
3303 5.705249192498746
3304 5.705249192498746
3305 5.705249192498746
3306 5.705249192498746
3307 5.705249192498746
3308 5.705249192498746
3309 5.705249192498746
3310 5.705249192498746
3311 5.705249192498746
3312 5.705249192498746
3313 5.705249192498746
3314 5.705249192498746
3315 5.705249192498746
3316 7.112022857339195
3317 7.112022857339195
3318 7.112022857339195
3319 7.112022857339195
3320 7.112022857339195
3321 7.112022857339195
3322 7.112022857339195
3323 7.112022857339195
3324 7.112022857339195
3325 7.112022857339195
3326 7.112022857339195
3327 7.112022857339195
3328 7.112022857339195
3329 7.112022857339195
3330 7.112022857339195
3331 7.112022857339195
3332 7.112022857339195
3333 7.112022857339195
3334 7.112022857339195
3335 7.112022857339195
3336 7.112022857339195
3337 7.112022857339195
3338 7.112022857339195
3339 7.112022857339195
3340 7.112022857339195
3341 7.112022857339195
3342 7.112022857339195
3343 7.112022857339195
3344 7.112022857339195
3345 7.112022857339195
3346 7.112022857339195
3347 7.112022857339195
3348 7.112022857339195
3349 7.078846995100296
3350 7.078846995100296
3351 7.078846995100296
3352 7.078846995100296
3353 7.078846995100296
3354 7.039561168595498
3355 7.039561168595498
3356 7.039561168595498
3357 7.039561168595498
3358 7.039561168595498
3359 7.039561168595498
3360 7.039561168595498
3361 7.039561168595498
3362 7.039561168595498
3363 7.039561168595498
3364 7.039561168595498
3365 7.039561168595498
3366 6.927141940851202
3367 6.927141940851202
3368 6.927141940851202
3369 6.927141940851202
3370 6.927141940851202
3371 6.927141940851202
3372 6.927141940851202
3373 6.927141940851202
3374 6.927141940851202
3375 6.927141940851202
3376 6.927141940851202
3377 6.927141940851202
3378 6.927141940851202
3379 6.927141940851202
3380 6.927141940851202
3381 6.927141940851202
3382 6.927141940851202
3383 6.927141940851202
3384 6.927141940851202
3385 6.927141940851202
3386 6.927141940851202
3387 6.927141940851202
3388 6.927141940851202
3389 6.927141940851202
3390 6.927141940851202
3391 6.927141940851202
3392 6.927141940851202
3393 6.927141940851202
3394 6.927141940851202
3395 6.927141940851202
3396 6.927141940851202
3397 6.927141940851202
3398 6.927141940851202
3399 6.927141940851202
3400 6.927141940851202
3401 6.927141940851202
3402 6.927141940851202
3403 6.927141940851202
3404 6.927141940851202
3405 6.927141940851202
3406 6.927141940851202
3407 6.927141940851202
3408 6.927141940851202
3409 6.927141940851202
3410 6.927141940851202
3411 6.927141940851202
3412 6.927141940851202
3413 6.927141940851202
3414 6.927141940851202
3415 6.927141940851202
3416 6.927141940851202
3417 6.927141940851202
3418 6.927141940851202
3419 6.927141940851202
3420 6.927141940851202
3421 6.927141940851202
3422 6.927141940851202
3423 6.927141940851202
3424 6.927141940851202
3425 6.927141940851202
3426 6.927141940851202
3427 6.927141940851202
3428 6.927141940851202
3429 6.927141940851202
3430 6.927141940851202
3431 6.927141940851202
3432 6.927141940851202
3433 6.927141940851202
3434 6.927141940851202
3435 6.9371697715590965
3436 6.9371697715590965
3437 6.9371697715590965
3438 6.9371697715590965
3439 6.912199926890242
3440 6.912199926890242
3441 6.912199926890242
3442 6.912199926890242
3443 6.912199926890242
3444 6.912199926890242
3445 6.912199926890242
3446 6.912199926890242
3447 6.912199926890242
3448 6.890156989436693
3449 6.890156989436693
3450 6.890156989436693
3451 6.890156989436693
3452 6.890156989436693
3453 6.890156989436693
3454 6.890156989436693
3455 6.890156989436693
3456 6.890156989436693
3457 6.890156989436693
3458 6.890156989436693
3459 6.890156989436693
3460 6.890156989436693
3461 6.890156989436693
3462 6.890156989436693
3463 6.890156989436693
3464 6.890156989436693
3465 6.890156989436693
3466 6.890156989436693
3467 6.890156989436693
3468 6.890156989436693
3469 6.890156989436693
3470 6.890156989436693
3471 6.890156989436693
3472 6.890156989436693
3473 6.890156989436693
3474 6.890156989436693
3475 6.890156989436693
3476 6.890156989436693
3477 6.890156989436693
3478 6.890156989436693
3479 6.890156989436693
3480 6.890156989436693
3481 6.890156989436693
3482 6.890156989436693
3483 6.890156989436693
3484 6.890156989436693
3485 6.890156989436693
3486 6.890156989436693
3487 6.890156989436693
3488 6.890156989436693
3489 6.890156989436693
3490 6.890156989436693
3491 6.890156989436693
3492 6.890156989436693
3493 6.890156989436693
3494 6.890156989436693
3495 6.890156989436693
3496 6.890156989436693
3497 6.890156989436693
3498 6.890156989436693
3499 6.890156989436693
3500 6.890156989436693
3501 6.890156989436693
3502 6.890156989436693
3503 6.890156989436693
3504 6.890156989436693
3505 6.890156989436693
3506 6.890156989436693
3507 6.890156989436693
3508 6.890156989436693
3509 6.890156989436693
3510 6.890156989436693
3511 6.890156989436693
3512 6.890156989436693
3513 6.890156989436693
3514 6.890156989436693
3515 6.890156989436693
3516 6.890156989436693
3517 6.890156989436693
3518 6.890156989436693
3519 6.890156989436693
3520 6.890156989436693
3521 6.890156989436693
3522 6.890156989436693
3523 6.890156989436693
3524 6.890156989436693
3525 6.890156989436693
3526 6.890156989436693
3527 6.890156989436693
3528 6.890156989436693
3529 6.890156989436693
3530 6.890156989436693
3531 6.890156989436693
3532 6.890156989436693
3533 6.890156989436693
3534 6.890156989436693
3535 6.890156989436693
3536 6.890156989436693
3537 6.890156989436693
3538 6.890156989436693
3539 6.890156989436693
3540 6.890156989436693
3541 6.890156989436693
3542 6.890156989436693
3543 6.890156989436693
3544 6.890156989436693
3545 6.890156989436693
3546 6.890156989436693
3547 6.890156989436693
3548 6.890156989436693
3549 6.890156989436693
3550 6.890156989436693
3551 6.890156989436693
3552 6.890156989436693
3553 6.890156989436693
3554 6.890156989436693
3555 6.890156989436693
3556 6.890156989436693
3557 6.890156989436693
3558 6.890156989436693
3559 6.890156989436693
3560 6.890156989436693
3561 6.890156989436693
3562 6.890156989436693
3563 6.890156989436693
3564 6.890156989436693
3565 6.890156989436693
3566 6.890156989436693
3567 6.890156989436693
3568 6.890156989436693
3569 6.890156989436693
3570 6.890156989436693
3571 6.890156989436693
3572 7.213150413385194
3573 7.213150413385194
3574 7.213150413385194
3575 7.213150413385194
3576 7.213150413385194
3577 7.213150413385194
3578 7.213150413385194
3579 7.213150413385194
3580 7.213150413385194
3581 7.213150413385194
3582 7.213150413385194
3583 7.213150413385194
3584 7.213150413385194
3585 7.213150413385194
3586 7.213150413385194
3587 7.213150413385194
3588 7.213150413385194
3589 7.213150413385194
3590 7.213150413385194
3591 7.213150413385194
3592 7.213150413385194
3593 7.1248394910534785
3594 7.1248394910534785
3595 7.1248394910534785
3596 7.12450375158415
3597 7.12450375158415
3598 7.12450375158415
3599 7.12450375158415
3600 7.12450375158415
3601 7.12450375158415
3602 7.12450375158415
3603 7.12450375158415
3604 7.12450375158415
3605 7.12450375158415
3606 7.113403055491166
3607 7.113403055491166
3608 7.113403055491166
3609 7.113403055491166
3610 7.113403055491166
3611 7.113403055491166
3612 7.113403055491166
3613 7.113403055491166
3614 7.113403055491166
3615 7.113403055491166
3616 7.113403055491166
3617 7.113403055491166
3618 7.113403055491166
3619 7.113403055491166
3620 7.113403055491166
3621 7.113403055491166
3622 7.113403055491166
3623 7.113403055491166
3624 7.113403055491166
3625 7.113403055491166
3626 7.113403055491166
3627 7.113403055491166
3628 7.113403055491166
3629 7.113403055491166
3630 7.0916436071650955
3631 7.0916436071650955
3632 7.0916436071650955
3633 7.0916436071650955
3634 7.0916436071650955
3635 7.0916436071650955
3636 7.0916436071650955
3637 7.0916436071650955
3638 7.0916436071650955
3639 7.0916436071650955
3640 7.0916436071650955
3641 7.0916436071650955
3642 7.0916436071650955
3643 7.0916436071650955
3644 7.023887536489207
3645 7.023887536489207
3646 7.023887536489207
3647 7.023887536489207
3648 7.023887536489207
3649 7.023887536489207
3650 7.023887536489207
3651 7.023887536489207
3652 7.023887536489207
3653 7.023887536489207
3654 6.999604155843012
3655 6.999604155843012
3656 6.999604155843012
3657 6.999604155843012
3658 6.999604155843012
3659 6.977024388461648
3660 6.977024388461648
3661 6.977024388461648
3662 6.977024388461648
3663 6.977024388461648
3664 6.977024388461648
3665 6.977024388461648
3666 6.977024388461648
3667 6.977024388461648
3668 6.977024388461648
3669 6.977024388461648
3670 6.977024388461648
3671 6.977024388461648
3672 6.977024388461648
3673 6.977024388461648
3674 6.977024388461648
3675 6.977024388461648
3676 6.977024388461648
3677 6.977024388461648
3678 6.977024388461648
e
129 1.0851554839815003
246 0.7058165836606083
295 0.6671111660091039
309 0.6495087235301158
320 0.49840885375090227
337 0.5128835048754347
342 0.5119849514858371
344 0.49737557604158633
347 0.5203996462002639
384 0.5727858238887614
750 3.6994484054631704
761 3.415856082670815
771 3.4219472725807525
792 3.724487881581304
812 3.5996656535691063
829 3.606828481225067
837 3.2939832973550063
861 3.5616992783161843
890 3.478528724598479
903 3.3105430133940246
937 3.340208110035726
1138 5.005823737099034
1143 4.997212273764115
1158 5.128359068737481
1238 5.365929284958057
1277 5.249127122357265
1279 5.284370560415412
1320 5.146971084053402
1327 5.180209278067708
1344 5.178688879092506
1438 4.662684092188698
1449 4.720906684470688
1454 4.7187666925706315
1517 4.521027417875663
1562 4.473921899378137
1564 4.48897339158558
1571 4.598648968997826
1608 4.748404354073999
1633 4.624482497020464
1647 4.630642981961122
1809 3.6208682434973927
1827 3.664842876285695
1832 3.4641721808235437
1846 3.5225296668296804
1852 3.6516966629862204
1871 3.6046822953131805
1899 3.6617651616223643
1905 3.6573887870225654
1928 3.696103299203256
1930 3.701548857214599
1932 3.70721041079866
1934 3.697095608885277
1963 3.72834052299485
1970 3.558485990180341
2023 3.547027829873695
2033 3.5333945512735414
2071 3.4898185733156835
2079 3.4913427315135013
2091 3.510350695558678
2094 3.521347982792617
2160 3.5251833614431467
2190 2.800933195248924
2334 2.5922651681085
2471 3.1415627217655304
2476 3.1467351470905185
2479 3.119276459645446
2521 2.9517803860248084
2534 3.142858338444285
2560 3.029650491757452
2574 3.0373539482448106
2584 3.0218872310308424
2588 3.013572191682322
2618 3.099190981922221
2630 3.044522437723423
2633 3.0487989944906833
2646 3.086943153607375
2657 3.12982600803469
2660 3.086943153607375
2663 3.0506938316279655
2720 3.0291670496402285
2726 3.021400020302569
2737 3.100542637906336
2741 3.001217203784561
2795 2.8390784635086144
2799 2.7917784166329223
2805 2.9338568698359038
2875 3.2003044392827653
2895 3.150596984114906
2906 3.15016862685841
2910 3.179719109667007
2915 3.2088254890146994
2926 3.226447090364519
2930 3.1587011018321305
3027 2.9657883971809187
3050 3.0032042883926917
3087 3.09058780456667
3092 3.0851158346886765
3318 4.553876891600541
3351 4.523417684115833
3358 4.42232849394725
3399 4.626931677769604
3436 4.650334737942465
3444 4.645544080126364
3449 4.6976582054232425
3575 4.930292541413717
3595 5.003274939689963
3604 4.989888220951467
3607 4.967379785425298
3643 4.962354999921024
3647 4.9839490288337505
3655 4.994302639475358
3661 5.092399595898895
e
232 0.5593871903804211
285 0.610200259739019
308 0.6227247162633995
312 0.611503191519435
336 0.5477745275441929
340 0.5367272612886437
343 0.5217062148622026
345 0.5391214929208379
371 0.4168665308326069
749 3.5316114203840883
754 3.6290498287040993
769 3.5203128625523177
780 3.4857223367318433
811 3.5733563628583975
828 3.571052667500494
831 3.5655529568265543
853 3.447380977077748
889 3.4648917966423425
891 3.4726184138904177
923 3.3830334110344844
1132 5.015423810828053
1142 5.029195319617166
1144 5.075423783989034
1235 5.335468632178829
1256 5.243121731080087
1278 5.323253851838068
1316 5.214718342671723
1325 5.218245491782478
1329 5.247024072160486
1436 4.715727176552735
1445 4.760976637126291
1450 4.7808027546312495
1508 4.5807750291533695
1556 4.502694394398855
1563 4.497028027368389
1565 4.5005871457956514
1607 4.717873675901176
1612 4.716532653841552
1641 4.665135767155525
1808 3.63705970538414
1814 3.616846251214105
1828 3.587123545159549
1844 3.5821290841670557
1847 3.5779478934066544
1861 3.5527733211169448
1898 3.6399517804905126
1901 3.5709401562492498
1925 3.665098925448533
1929 3.6788291182604347
1931 3.695606774863363
1933 3.688129172723232
1962 3.709172157381699
1964 3.713815939403968
2021 3.563882963939251
2030 3.61469455592456
2070 3.5371840908617425
2078 3.5452977256359124
2089 3.5304697173662944
2093 3.527830032595521
2145 3.453789831781326
2179 3.4506222649896783
2328 2.410542234499138
2470 3.1376657694426577
2472 3.1276373444339294
2477 3.128951117340214
2516 3.0140632302387145
2524 2.976549454137217
2545 3.0325462466767075
2564 3.0633909220278057
2579 3.0257763949023677
2585 3.005682604407159
2617 3.0814511489565284
2619 3.091951131294534
2632 3.1144038032714896
2637 3.1183922862898785
2649 3.1041381473977774
2659 3.086943153607375
2662 3.114847754444153
2719 3.038791763014438
2722 3.0349529867072724
2730 3.0411835364579085
2740 2.995232148512309
2780 2.804571768092832
2796 2.7899373605743945
2803 2.8673305587494666
2872 3.1437211512674406
2894 3.1359289040472746
2896 3.126760535960395
2907 3.1280754605417043
2914 3.188416617383492
2916 3.2031528644029645
2929 3.1801349965517702
3019 2.9851767596144745
3047 3.00617753141553
3081 3.086943153607375
3091 3.0791538816930633
3316 4.491889499529125
3349 4.520701029361642
3354 4.484131857611035
3366 4.534747721691546
3435 4.636959508477498
3439 4.625364893273611
3448 4.623501142672815
3572 5.020651629371744
3593 5.018603463745433
3596 5.003610679159292
3606 5.000988917044451
3630 4.989139233751369
3644 5.030111070596912
3654 5.0082324094799455
3659 5.016882406856722
e